Keyword	Avg. monthly searches	Competition	Top of page bid (low range)	Top of page bid (high range)
pressure washing	5000	High	0.28	4.83
pressure washing near me	5000	Medium	5.13	20.61
power washing	5000	High	0.33	6.09
power washing near me	5000	Medium	5.13	20.61
soft wash	500	High	0.59	6.98
roof cleaning	500	Medium	5.51	22.61
house washing	500	Low	0	0
driveway cleaning	50	Medium	4.48	14
concrete cleaning	50	High	1.4	11.08
karcher pressure washer	500	High	0.25	0.69
roof cleaning near me	500	Medium	8.51	28.03
electric pressure washer	5000	High	0.3	0.9
house washing near me	500	Medium	5.01	18.6
electric power washer	500	High	0.28	0.88
hot water pressure washer	500	High	0.53	6.4
best pressure washer	500	High	0.31	1.1
best electric pressure washer	500	High	0.38	1.09
pressure washing services	5000	Low	3.6	16.89
power washing services	5000	Low	3.6	16.89
house power washing near me	500	High	5.86	26.11
commercial pressure washer	500	High	0.73	5.85
powerwasher	500	High	0.39	8.07
best power washer	500	High	0.31	1.1
best electric power washer	500	High	0.37	1.06
simpson pressure washer	500	High	0.29	1.99
pressure washing services near me	5000	Medium	5.13	20.61
roof and gutter cleaning	50	High	7.24	57.03
honda pressure washer	500	High	0.27	0.79
power washing companies near me	5000	Medium	5.13	20.61
pressure washing business	500	Medium	2.45	10.8
power washing services near me	500	High	6.42	28.66
power wash house	500	High	5.03	19.82
pressure cleaning	50	High	2.44	12.52
roof gutter cleaning	50	High	7.24	57.03
high pressure washer	50	High	0.38	3.29
pressure washers for sale	500	High	0.26	1.66
home depot pressure washer	500	High	0.08	0.69
hot pressure washer	500	High	0.53	6.4
house wash	500	Medium	0.54	7.09
portable pressure washer	500	High	0.2	1.19
ppw power wash	50	Medium	2.93	17.68
karcher power washer	50	High	0.24	0.69
pressure washer trailer	500	High	0.71	6.85
kranzle pressure washer	50	High	0.51	2.38
pressure washing companies near me	500	Low	6.86	25.81
industrial pressure washer	50	High	0.78	4.69
power washer home depot	500	High	0.17	0.72
milwaukee pressure washer	500	High	0.26	0.83
4000 psi pressure washer	500	High	0.27	1.26
roof cleaning cost	50	Medium	3.14	14.74
soft wash roof cleaning	500	High	4.87	20
roof washing	50	High	4.69	14.7
exterior house cleaning	50	High	3.7	14.36
pressure wash house	500	High	5.03	19.82
wall mounted pressure washer	500	High	0.48	3.06
heated pressure washer	50	High	0.29	3.87
power washer for sale	500	High	0.26	1.25
home power washing near me	50	High	5.04	29.76
pressure cleaning near me	5000	Medium	5.13	20.61
roof cleaning services	500	Low	10	38.28
roof cleaning services near me	500	High	8.03	22.76
driveway cleaning near me	500	Medium	4.45	16.1
steam pressure washer	50	High	0.38	5.41
pressure washing prices	500	High	1.74	8.37
pressure washing company	500	Medium	4.99	20.44
commercial power washer	50	Medium	1.03	9.67
power wash house cost	50	Medium	2.6	10.01
power washing company	500	Medium	4.99	20.44
house pressure washing cost	50	Medium	0	0
power washing business	500	Medium	2.45	10.8
residential pressure washing services	50	Medium	0	0
sunjoe power washer	50	High	0.23	0.88
electric pressure washer 3000 psi	50	High	0.4	1.4
driveway pressure washing	500	High	0.81	13.65
pressure cleaning services	50	Medium	3.19	17
honda power washer	500	High	0.25	0.98
home pressure washing near me	500	High	5.86	26.11
portable power washer	500	High	0.2	1.19
best pressure washer for home use	500	High	0.31	0.99
ryobi power washer	500	High	0.09	0.66
best power washer for home use	500	High	0.31	0.99
landa pressure washer	50	High	0.88	5.15
worx pressure washer	50	High	0.41	0.86
roof and gutter cleaning near me	50	Unknown	0	0
concrete floor cleaner	50	High	0.68	6.96
powerwasher near me	50	Medium	0	0
house washing cost	50	Unknown	0	0
greenworks power washer	500	High	0.16	0.5
roof power washing	500	Medium	7.94	32.79
simpson power washer	500	High	0.29	1.99
small pressure washer	500	High	0.21	0.89
commercial electric pressure washer	50	High	0.61	2.01
soft wash pressure washing	50	Medium	0.82	11.37
house washing services	50	Low	0	0
hotsy power washer	50	High	0.98	5
milwaukee power washer	50	High	0.34	1.19
remove moss from roof	50	Medium	0	0
exterior cleaning services	50	Low	0	0
perfect power wash cost	50	Unknown	0	0
industrial power washer	50	High	0.78	4.69
house washing services near me	50	High	6.05	14.55
concrete cleaning services	50	High	0	0
professional pressure washer	50	High	0.7	11.43
hot water pressure washer for sale	50	High	0.43	2.47
power washing near me prices	50	High	5.7	9.59
electric hot water pressure washer	50	High	0	0
tile roof cleaning	50	High	4.65	18.1
house pressure washing near me	500	High	5.86	26.11
deck power washing near me	50	Medium	0	0
garage floor cleaner	50	High	0.71	5.13
hot water power washer	500	High	0.53	6.4
roof pressure cleaning	50	High	7.72	16.97
house gutter cleaning	50	High	0	0
power wash driveway	500	High	0.81	13.65
metal roof cleaning near me	50	High	8.02	16.56
mrs powerwash	50	Unknown	0	0
roof washing near me	500	Low	11.03	45.76
tile roof cleaning near me	50	High	10	33.8
cement cleaner	50	High	1.4	11.08
best concrete cleaner	50	High	0.18	3.27
westinghouse pressure washer	500	High	0.37	1.16
mobile pressure washer	50	High	0.56	10.86
most powerful electric pressure washer	50	High	0.29	0.73
pressure washer trailer for sale	50	High	0.57	8.06
exterior house washing near me	50	Low	0	0
siding cleaning near me	50	High	0	0
power wash driveway cost	50	Medium	2.44	7.45
power washing prices	500	High	1.74	8.37
cheap pressure washer	50	High	0.2	1.58
exterior house cleaning near me	50	High	0	0
moss on roof	50	Medium	0	0
floor polishing	50	High	0.5	8.13
driveway power washing near me	50	High	8.98	24.34
worx power washer	50	High	0.41	0.86
mobile pressure washing near me	50	High	0	0
pressure wash driveway cost	500	Low	3.16	9.75
powerwashers	50	High	0	0
pressure wash house near me	50	High	9.67	23.93
outside house cleaning	50	High	3.7	14.36
roof gutter cleaning near me	50	Unknown	0	0
karcher electric pressure washer	50	High	0.19	0.69
power washing trailer	500	High	0.71	6.85
best home pressure washer	50	High	0.29	0.81
professional power washer	50	Medium	0	0
gutter and roof cleaning near me	50	Unknown	0	0
best commercial pressure washer	50	High	0.57	3.79
driveway cleaning service	50	Medium	3.95	21.82
pressure washing near me prices	50	High	4.01	18.64
driveway pressure washing near me	50	High	4.43	23.13
roof cleaning companies near me	500	High	8.03	22.76
ar blue clean pressure washer	50	High	0.27	3.18
pressure washing cost	500	High	1.74	8.37
heated power washer	50	High	0.29	3.87
roof pressure cleaning near me	50	Medium	0	0
roof moss killer	50	Medium	0	0
pressure washer nearby	500	High	0.66	13.17
home pressure washing	500	High	0.37	5.23
best roof cleaning services near me	50	High	0	0
small power washer	500	High	0.21	0.89
hot pressure washer for sale	50	High	0.43	2.47
deck power washing	50	Medium	0.44	15.29
window washing services near me	500	Medium	2.59	24.21
clean moss off roof	50	Medium	0	0
greenworks pro pressure washer	50	High	0.11	0.42
be pressure washer	50	High	0.81	3.2
concrete pressure washer	500	High	0.32	9.85
garage floor cleaning service	50	Medium	0	0
exterior pressure washing near me	50	Unknown	0	0
siding cleaning	50	Medium	0	0
soft wash power washing	50	Medium	0.82	11.37
heavy duty pressure washer	50	High	0.18	2.51
trailer mounted pressure washer	50	Medium	0	0
soft wash near me	500	High	1.85	18.08
local power washing companies	50	High	0	0
soft power washing near me	50	High	0	0
wall mount electric pressure washer	50	High	0.42	3.28
house pressure washing services near me	50	High	0	0
rain gutter cleaning service	500	Low	5.91	25.69
roof mold removal	50	High	0	0
external house cleaning	50	Unknown	0	0
exterior cleaning	50	Medium	0	0
mini pressure washer	50	High	0.29	0.52
water pressure washer	50	High	0.56	6.94
roof cleaners in my area	50	High	0	0
high pressure cleaning	50	Low	0	0
pressure wash roof	500	Medium	7.94	32.79
pressure washer for sale near me	50	High	0.31	1.22
metal roof cleaning	50	High	0.66	16.86
local pressure washing	50	High	2.1	13.3
soft pressure washing near me	50	High	4.23	19.98
best pressure washer 2022	0	Unknown	0	0
top rated pressure washers	50	High	0.29	0.81
exterior home cleaning	50	High	3.7	14.36
roof cleaning near me prices	50	High	0	0
roof soft wash	50	High	8.46	33.49
pressure washer deals	50	High	0.27	1.03
karcher professional pressure washer	50	Low	0	0
titan pressure washer	50	Medium	0	0
residential window washers near me	50	High	2.57	26.6
industrial electric pressure washer	50	High	0.46	3.44
concrete cleaning near me	50	Low	0	0
pressure washing services prices	50	Unknown	0	0
pressure cleaning services near me	50	Unknown	0	0
hotsy pressure washer for sale	50	High	0	0
power wash my house	50	Unknown	0	0
best karcher pressure washer	50	High	0	0
best home power washer	50	High	0.32	1.16
under pressure power washing	50	Low	0	0
residential power washing	50	Low	0	0
house roof cleaning	50	Low	0	0
soft pressure washing	50	Medium	0.82	11.37
pressure washing store	50	High	0.77	5.19
undercarriage pressure washer	50	High	0.32	0.63
window washers in my area	50	High	9.9	72.46
power wash home	500	High	5.03	19.82
exterior house washing	50	Low	0	0
patio power washing near me	50	High	0	0
roof cleaning companies	50	Low	8.7	21.07
pressure washing store near me	500	High	0.93	3.87
best residential window washers near me	50	High	0	0
mold armor house wash	50	High	0	0
concrete cleaner for pressure washer	50	High	0.35	4.5
concrete power washer	500	High	0.32	9.85
residential window washing	50	High	5.14	19.78
commercial pressure washer trailer	50	High	1.89	9.5
gutter guys prices	0	Unknown	0	0
pristine power wash	50	Unknown	0	0
roof moss cleaning near me	0	Unknown	0	0
deck power washing and staining near me	50	Unknown	0	0
sunjoe pressure washers	50	High	0.18	0.58
powell and sons roof cleaning	0	Unknown	0	0
surface pressure washer	50	High	0.24	3.41
hot water pressure washer trailer	50	High	0	0
trotta's power washing	50	Unknown	0	0
heavy duty electric pressure washer	50	High	0.41	2.83
roof washing companies near me	50	High	0	0
roof dryer vent cleaning	50	High	6.51	34
pressure wash my house	500	High	5.03	19.82
roof washers near me	500	Low	11.03	45.76
pressure washing prices per hour	50	Unknown	0	0
good pressure washer	500	High	0.31	1.1
outside house cleaning services near me	50	High	0	0
residential window cleaners near me	50	High	2.57	26.6
patio power washing	50	High	0.41	20
roof cleaning and painting	0	Unknown	0	0
pressure pro pressure washer	50	Medium	1.3	2.71
soft roof cleaning near me	50	High	0	0
pressure washing prices near me	50	Medium	3.16	17.6
moss on roof shingles	50	Unknown	0	0
surface washer	50	High	0	0
exterior house cleaning services	50	High	5.89	28.64
commercial power washer for sale	50	High	0.72	4.82
vinyl siding cleaning	50	High	0.22	2.21
concrete cleaner home depot	50	High	0.17	4.5
concrete surface cleaner	50	High	0	0
concrete cleaning services near me	50	Medium	3.4	13.27
top pressure washers	50	High	0.29	0.81
karcher hot water pressure washer	50	High	0	0
residential power washing services near me	50	Medium	0	0
power washers for sale near me	50	High	0.31	1.22
driveway pressure cleaning	500	High	0.81	13.65
exterior house cleaning services near me	50	High	0	0
mobile power washer	50	High	0	0
commercial hot water pressure washer	50	High	1.1	6.82
soft house washing near me	50	High	0	0
domestic window cleaners near me	0	Unknown	0	0
2000 psi pressure washer	50	High	0.21	0.45
driveway cleaning services near me	50	High	5.45	26.15
power wash driveway near me	50	High	0	0
roof moss cleaning	50	High	0	0
average pressure washing cost	50	Medium	2.2	6.24
top rated electric pressure washer	500	High	0.37	1.06
gutter cleaning and power washing	50	Unknown	0	0
soft wash cleaning	50	Medium	0	0
remove rust from concrete	50	High	0.12	3.18
power washing in my area	50	High	0	0
roof and gutter cleaning cost	50	Unknown	0	0
hot power washer	50	Unknown	0	0
roof cleaning prices	50	Medium	3.14	14.74
best pressure washer for concrete	50	High	0.43	1.32
roof pressure washing near me	50	High	18	44
commercial pressure washer for sale	50	High	0.72	4.82
roof cleaning gold coast	50	Unknown	0	0
troy bilt power washer	50	High	0	0
house pressure washing prices	50	Medium	2.6	10.01
roof power washing near me	50	High	9.56	34.31
jet washing services near me	0	Unknown	0	0
power wash cost	500	High	1.74	8.37
house pressure washing services	50	High	0	0
house soft washing near me	50	Medium	0	0
steam power washer	50	Unknown	0	0
best power washing companies near me	50	Unknown	0	0
best rated pressure washer	50	High	0	0
gutter sucker	50	Unknown	0	0
average cost to power wash a house	50	Medium	2.2	6.68
house soft wash	50	Medium	0	0
pressure washer skid	50	High	0.68	1.33
best electric pressure washer 2022	0	Unknown	0	0
powerwashing in my area	50	Unknown	0	0
pressure washer service cost	50	Low	0	0
power wash roof near me	50	High	0	0
roof treatment for moss	50	High	0	0
deck cleaning services near me	50	Unknown	0	0
solar panels cleaning near me	50	Medium	2	13.99
best electric pressure washer 3000 psi	50	High	0	0
pressure washing prices per square foot	50	Medium	0	0
handheld pressure washer	500	High	0.33	2.07
cny roof cleaners	50	Low	0	0
exterior cleaning services near me	50	High	0	0
soft power washing	50	Medium	0.82	11.37
mini power washer	50	High	0.29	0.52
cheap power washer	50	High	0.2	1.58
hot wash pressure washer	50	Low	0	0
exterior house washing services near me	50	High	0	0
softwash house cleaning	50	High	0	0
siding washing near me	50	Unknown	0	0
pressure washing website	50	Medium	2.17	15.14
commercial electric power washer	50	High	0.61	2.01
best portable pressure washer	50	High	0.36	0.81
house power washing services near me	50	High	0	0
cleaning roof shingles	50	High	1.62	13.96
pressure washer dewalt	50	High	0.05	1.26
driveway cleaning cost	50	High	1.48	3.85
best hot water pressure washer	50	High	0	0
patio pressure washer	50	High	0.41	20
under pressure pressure washing	50	Medium	4.75	20.61
soft wash companies near me	50	High	4.73	13.63
residential pressure washing near me	500	Unknown	0	0
pressure washing prices per square foot commercial	50	Medium	0	0
blue clean power washer	50	High	0.27	3.18
roof treatment	50	Low	0	0
zep concrete cleaner	50	High	0.26	0.49
best electric power washer 2022	0	Unknown	0	0
soft wash roof cleaning near me	500	Low	7.49	20.2
roof tile cleaning near me	50	High	0	0
pressure washing in my area	50	High	0	0
home depot electric pressure washer	500	High	0.14	0.52
top rated power washers	50	High	0.29	0.81
concrete floor cleaning service	50	High	0	0
commercial pressure washing companies near me	50	Low	0	0
concrete cleaning company	50	High	0	0
outdoor house cleaning	50	High	3.7	14.36
westinghouse power washer	50	High	0.24	0.84
house siding cleaning	50	High	0.22	13.91
best pressure washer for business	50	High	0	0
portland pressure washer	50	High	0.18	0.78
driveway cleaning prices	50	Unknown	0	0
vinyl siding cleaning near me	50	Low	0	0
cedar roof cleaning near me	0	Unknown	0	0
affordable power washing	50	Low	0	0
amazon power washer	500	High	0.2	0.58
power wash siding	50	Medium	0	0
clean driveway	500	High	2.07	7.82
powerhorse pressure washer	50	High	0.54	1.67
all clean power wash	50	Low	0	0
professional roof cleaning	50	High	10	19.55
roof gutter repairs near me	50	Unknown	0	0
mallard roof cleaning	50	Unknown	0	0
stanley pressure washer	50	High	0	0
heavy duty concrete cleaner	50	High	0	0
roof power washing services near me	50	Unknown	0	0
concrete washer	50	High	0	0
power washing trailer for sale	50	High	0.57	8.06
roof shampoo near me	50	Unknown	0	0
under carriage washer	50	High	0	0
professional power washing services	50	Low	0	0
strongest electric pressure washer	50	High	0.29	0.49
roof soft washing near me	50	High	8.2	32.23
roof cleaning house	50	Low	0	0
pressure washer business near me	50	High	3.37	12.53
high power pressure washer	50	High	0.3	0.8
moss off roof	50	Unknown	0	0
roof care	50	Low	0	0
average cost to pressure wash a house	50	Medium	2.2	6.68
high pressure electric pressure washer	50	High	0.31	1
best pressure washer for patio	50	Low	0	0
best power washer for concrete	50	High	0.43	1.32
cedar shake roof maintenance	50	Low	0	0
goof off concrete cleaner	500	High	0.18	1.14
power pressure washer	5000	High	0.33	6.09
house washing companies near me	50	High	0	0
concrete floor cleaning services near me	50	Unknown	0	0
soft roof cleaning	50	High	1.98	20.51
karcher pressure washer sale	50	Low	0	0
commercial power washing companies near me	50	High	0	0
best driveway cleaner	50	High	0.21	4.5
roof dryer vent cleaning near me	50	High	0	0
exterior power washing near me	50	Unknown	0	0
residential window cleaners	50	High	5.14	19.78
driveway washer	50	Unknown	0	0
professional driveway cleaning	50	Medium	0	0
best budget pressure washer	50	High	0.34	0.87
heated pressure washer for sale	50	High	0	0
diesel hot water pressure washer	50	Medium	0	0
best rated power washers	50	High	0	0
surface cleaners for pressure washers	500	High	0.22	1.12
cleaning house siding mold and algae in five minutes	50	Unknown	0	0
kranzle power washer	50	High	0.51	2.38
power washing business near me	50	High	0	0
best small pressure washer	50	High	0	0
power wash siding near me	50	Unknown	0	0
roof cleaning moss removal	50	High	0	0
cleaning concrete patio	50	High	0.6	4.5
power wash roof cleaning	50	High	7.72	16.97
roof gutter cleaning services near me	50	Unknown	0	0
pressure washing cost per square foot	50	Medium	1.32	4.69
siding power washing near me	50	Unknown	0	0
window washing prices	50	Medium	1.48	7.24
mold armor ez house wash	50	High	0.43	4.65
roof pressure washing cost	50	High	0	0
easy clean pressure washer	50	Low	0	0
top electric pressure washers	500	High	0.38	1.09
best residential pressure washer	50	High	0	0
powerful pressure washer	50	Low	0	0
best rated electric pressure washer	500	High	0.38	1.09
shingle roof cleaning near me	50	High	0	0
water pressure cleaning services	50	Unknown	0	0
house window cleaners near me	50	High	0	0
electric hot pressure washer	50	High	0	0
rain gutter cleaning service near me	50	Unknown	0	0
roof cleaning cost near me	50	High	0	0
soft wash house cleaning near me	50	Medium	0	0
ned stevens roof cleaning	0	Unknown	0	0
remove rust stains from concrete	50	High	0.22	3.24
roof cleaning service house	0	Unknown	0	0
southeast soft wash	50	High	0.57	2.74
electric power washers for sale	50	High	0.21	0.46
best heavy duty electric pressure washer	50	Unknown	0	0
indoor pressure washer	50	High	0	0
north star power washer	50	High	0	0
roof pressure washing prices	50	High	1.82	15
exterior pressure washing	50	High	6.69	25
hoseless pressure washer	50	High	0	0
small electric pressure washer	50	High	0.34	0.86
powerwashing services	50	High	0	0
house gutter cleaning near me	50	Unknown	0	0
power washing services cost	50	Low	0	0
electric steam pressure washer	50	High	0	0
roof power washing cost	50	High	1.82	15
best concrete rust remover	50	High	0.1	2.93
tile roof cleaning cost	50	High	4.63	15.06
hot water power washer for sale	50	High	0.43	2.47
electric heated pressure washer	50	Unknown	0	0
electric high pressure washer	50	High	0.31	1
power house washing near me	50	Unknown	0	0
slate roof cleaning	50	Low	0	0
price for pressure washing driveway	50	Medium	0	0
american pressure washer	50	Medium	1.5	4.81
concrete driveway cleaner	500	High	0.55	10.68
power wash my house near me	50	Low	0	0
powerful electric pressure washer	50	High	0.36	1.43
best pressure washer for driveways	50	High	0.39	0.98
in home rug cleaning	50	Low	0	0
jet washing near me	50	High	0	0
pristine pressure washing	50	Medium	0	0
most powerful pressure washer	50	High	0	0
softwashing near me	500	High	1.85	18.08
siding wash	50	Unknown	0	0
home power washing cost	50	Unknown	0	0
sidewalk pressure washer	50	High	3.2	18.01
karcher high pressure washer	50	High	0	0
honda powered pressure washer	500	High	0.25	0.98
best roof cleaning near me	50	High	0	0
pro wash pressure washing	50	Medium	0	0
soft wash trailer	50	High	0	0
concrete power washing near me	50	Unknown	0	0
deck washing near me	50	Unknown	0	0
low pressure roof cleaning near me	50	Unknown	0	0
commercial roof cleaning	50	High	0	0
powerwashing company	50	Low	0	0
best way to clean concrete	50	High	0.37	4.5
pressure wash deck	50	Medium	0.44	15.29
roof mold removal near me	50	Unknown	0	0
top rated electric power washers	500	High	0.38	1.09
power washing companies in my area	50	Low	0	0
best way to clean concrete floors	50	High	0.59	3.29
soft wash roof cleaning cost	50	Medium	0	0
cheap power washing near me	50	High	0	0
roof cleaning service home	0	Unknown	0	0
dewalt electric power washer	50	High	0.2	0.84
squeaky clean power washing	50	Low	0	0
best urine remover for concrete	50	Unknown	0	0
affordable pressure washing near me	50	High	0	0
cedar shake roof cleaning near me	0	Unknown	0	0
house power washing companies	50	High	0	0
karcher industrial pressure washer	50	Low	0	0
pressure wash driveway near me	50	Medium	4.92	18.42
moss on roof tiles	0	Unknown	0	0
roof cleaning home	50	Unknown	0	0
the best power washer	50	High	0.38	0.74
slate roof cleaning near me	50	Unknown	0	0
pressure washer ryobi	50	High	0.08	0.41
sam's club pressure washer	50	High	0.31	1.41
hand held power washer	500	High	0.33	2.07
hydroshot	50	High	0.37	1.09
best value pressure washer	50	High	0.54	3.58
power wash homes near me	50	Low	0	0
cedar roof cleaning	50	Unknown	0	0
diesel power washer	50	High	0.46	4.64
concrete cleaning company near me	50	Medium	3.4	13.27
karcher commercial pressure washer	50	Medium	0	0
best electric pressure washers 2022	0	Unknown	0	0
house power washing price	50	Unknown	0	0
heavy duty power washer	50	High	0.18	2.51
best high pressure washer	50	Medium	0	0
wnc wash pros	50	Low	0	0
precision pressure washing	50	Medium	2.05	11.88
mobile home power washing services near me	50	Unknown	0	0
exterior home cleaning near me	50	High	0	0
whole house pressure washing	50	Unknown	0	0
northwest softwash	50	Low	0	0
home power washing services near me	50	High	0	0
local pressure washing services	50	High	0	0
power wash my driveway	50	High	0	0
adjustable pressure washer	50	High	0.31	0.86
southeast pressure washing	50	Medium	2.33	8.46
ar pressure washer	50	High	0.34	1.45
patio washer	50	High	0	0
power wash outside of house	50	High	12.42	24.87
pressure washer driveway cleaner	500	High	0.33	10.97
vinyl siding wash	50	High	0.22	2.21
roof cleaning without pressure washing	50	High	0	0
safe roof cleaning	50	Medium	0	0
power washing decks near me	50	Unknown	0	0
home depot electric power washer	50	High	0.13	0.43
commercial roof cleaning services near me	0	Unknown	0	0
concrete driveway cleaning near me	50	High	0	0
trailer mounted pressure washers for sale	0	Unknown	0	0
best commercial power washer	50	High	0.57	3.79
hot and cold pressure washer	50	High	0	0
most powerful electric power washer	50	High	0.29	0.73
undercarriage washer	50	High	0.31	2.31
professional concrete cleaner	50	High	4.74	7.49
electric pressure washers for sale	50	High	0.31	1.39
pressure wash my house near me	50	Unknown	0	0
simple green concrete cleaner	50	High	0	0
roof cleaning business	50	Unknown	0	0
home exterior cleaning services	50	Unknown	0	0
pressure wash my driveway	50	High	0	0
commercial pressure washing near me	500	Low	0	0
fence cleaning	50	High	0.25	0.57
be commercial pressure washer	50	High	0	0
best way to remove moss from roof	50	Unknown	0	0
hydro tek pressure washer	50	High	0	0
outside cleaning services	50	Unknown	0	0
local power washing services	50	High	0	0
indoor concrete cleaning services	0	Unknown	0	0
industrial hot water pressure washer	50	Low	0	0
gutter roof cleaning	50	Unknown	0	0
roof washing services near me	50	Unknown	0	0
power wash your house	500	High	5.03	19.82
karcher jetwash	50	Unknown	0	0
high pressure pressure washer	50	High	0.38	3.29
pressure washing companies in my area	50	Low	0	0
moss roof cleaning near me	0	Unknown	0	0
garage floor cleaning services near me	50	High	0	0
karcher hot pressure washer	50	High	0	0
roof pressure cleaning cost	50	High	1.82	15
wall pressure washer	50	High	0	0
roof cleaning and gutter cleaning	50	High	0	0
house roof cleaning service	50	Unknown	0	0
ryobi electric power washer	500	High	0.12	0.56
whole house power washing	50	Unknown	0	0
local roof cleaners	50	Unknown	0	0
fence cleaning services	50	High	0	0
north star pressure washer	50	High	0.54	2.81
johnny tsunami roof cleaning	0	Unknown	0	0
residential power washing near me	50	Unknown	0	0
roof cleaning and painting near me	50	High	0	0
tile roof maintenance	500	Low	0	0
jetwash for sale	50	High	0	0
blocked gutter	50	Unknown	0	0
the best electric power washer	50	High	0	0
powerwashing house	50	Unknown	0	0
soft wash exterior house cleaning	50	Unknown	0	0
best garage floor cleaner	50	High	0.39	1.14
low pressure roof cleaning	50	Low	0	0
high pressure cleaning services near me	50	Unknown	0	0
soft wash tile roof cleaning	50	Medium	0	0
eximo concrete cleaner	50	High	0	0
house siding cleaning near me	50	Unknown	0	0
best small power washer	50	High	0	0
exterior building cleaning	50	Unknown	0	0
soft washer	500	High	0.59	6.98
best rated electric power washer	500	High	0.38	1.09
perfect power wash near me	50	High	0	0
home pressure washing services	50	High	0	0
clean carpet at home	50	High	0.69	7.02
good power washer	500	High	0.31	1.1
pressure wash roof near me	50	Medium	0	0
ace hardware power washer	50	High	0.34	1.11
house wash company	50	Low	0	0
industrial pressure washer for sale	50	High	0	0
greenwork pressure washer	500	High	0.19	0.68
moss growing on roof	50	Medium	0	0
pressure wash garage floor	50	High	0	0
commercial power washing services near me	50	Unknown	0	0
best cheap pressure washer	50	High	0.34	0.87
moss cleaning roof near me	0	Unknown	0	0
concrete pressure washing near me	50	Medium	0	0
mobile home pressure washing near me	50	Medium	2.91	8.07
rechargeable pressure washer	50	High	0	0
shingle cleaning	50	High	0	0
high pressure cleaning services	50	Low	0	0
wash my house	50	Unknown	0	0
best portable power washer	50	High	0.36	0.81
power washing vinyl siding	50	Low	0	0
hotsy hot water pressure washer	50	Low	0	0
home window washing	50	High	0	0
industrial power washer for sale	50	High	0	0
power washer concrete cleaner	50	High	0.35	4.5
indoor power washer	50	High	0	0
home window washers near me	50	Unknown	0	0
roof algae remover	50	Medium	3.1	5.85
clean my roof near me	0	Unknown	0	0
elite pressure washing	50	Low	3.52	9.56
roof washer near me	500	Low	11.03	45.76
remove concrete	50	High	3.98	32.16
getting moss off roof	50	Unknown	0	0
diesel powered pressure washer	50	High	0	0
roof soft wash cost	50	Low	0	0
best pressure washing company near me	50	High	0	0
driveway clean	500	High	2.07	7.82
soft wash power washing near me	0	Unknown	0	0
roof cleaning federal way	0	Unknown	0	0
top power washers	50	Unknown	0	0
powerwashers near me	50	Unknown	0	0
power wash home service	50	High	0	0
best roof cleaner	50	Low	0	0
remove grease from concrete	50	High	0.2	4.5
advanced pressure washing	50	Medium	0	0
jet wash services near me	0	Unknown	0	0
patio and driveway cleaning near me	50	Unknown	0	0
powerwash store	50	High	0	0
house exterior cleaning near me	50	Unknown	0	0
power wash and seal driveway	50	High	7.68	23.02
best way to clean concrete patio	50	High	0	0
pressure washing homes near me	50	Low	0	0
siding washers near me	0	Unknown	0	0
gutter cleaning and roof cleaning	50	Unknown	0	0
external cleaning services	50	Unknown	0	0
power wash house siding	50	Low	0	0
companies that remove moss from roofs	0	Unknown	0	0
enclosed pressure washer trailer	50	High	1.07	10.09
panhandle power wash	50	Low	0	0
roof washing cost	50	Medium	3.14	14.74
power wash siding cost	50	Unknown	0	0
cleaning moss off roof tiles	0	Unknown	0	0
industrial concrete cleaner	50	Medium	0	0
deck washing	50	High	0	0
pressure cleaning companies	500	Medium	4.99	20.44
mobile power washing near me	50	High	0	0
commercial concrete cleaner	50	High	0	0
professional electric pressure washer	50	Low	0	0
home window cleaners near me	50	High	0	0
roof washers in my area	50	Unknown	0	0
pressure cleaning companies near me	5000	Medium	5.13	20.61
roof and gutter cleaning services near me	0	Unknown	0	0
rust stains on concrete	50	High	0	0
best power washer 2022	0	Unknown	0	0
roof gutter cleaning cost	50	Unknown	0	0
karcher portable pressure washer	50	Low	0	0
local pressure washing companies	50	High	0	0
pressure pros	50	Medium	0.92	3.93
affordable gutter	50	Low	0	0
fleet washing near me	50	Medium	0	0
roof tile cleaning service	50	Low	0	0
home pressure washing services near me	50	High	0	0
high pressure cleaning near me	50	Unknown	0	0
pressure cleaning business	500	Medium	2.45	10.8
siding cleaning companies near me	50	Unknown	0	0
karcher 5 pressure washer	50	High	0	0
wash safe roof wash	50	High	0.37	8.52
hot water pressure washer near me	50	Unknown	0	0
house window washing	50	Medium	0	0
driveway cleaning company	50	Unknown	0	0
best way to clean vinyl siding	50	Unknown	0	0
best residential power washer	50	High	0	0
pressure wash siding	50	Medium	0	0
skylight cleaning service near me	50	Unknown	0	0
electric pressure washer near me	50	High	0.12	0.7
home window washing near me	50	High	0	0
best pressure washing near me	50	Medium	0	0
high power electric pressure washer	50	High	0	0
best commercial electric pressure washer	50	High	0	0
blue clean pressure washer	50	High	0	0
patio jet wash near me	0	Unknown	0	0
driveway power washing services near me	50	Unknown	0	0
industrial high pressure washer	50	Unknown	0	0
in home area rug cleaning	50	Low	0	0
powerjet pressure washer	50	Unknown	0	0
wet pressure washer	50	High	0	0
platinum pressure washing	50	Medium	0	0
home pressure washing cost	50	Unknown	0	0
best compact pressure washer	50	Unknown	0	0
power washing and window cleaning near me	50	High	0	0
ez house wash	50	High	0	0
skid mounted pressure washer	50	High	0	0
panhandle pressure washing	50	Low	0	0
good electric pressure washer	500	High	0.38	1.09
mounted pressure washer	50	High	0	0
hotsy electric pressure washer	50	High	0	0
best cleaner for concrete floors	50	High	0	0
pto pressure washer	50	Unknown	0	0
green pressure washer	50	High	0	0
roof and siding cleaning near me	0	Unknown	0	0
best powerwashers	50	Medium	0	0
best pressure washers 2022	0	Unknown	0	0
ryobi pressure washer electric	500	High	0.12	0.56
portable hot water pressure washer	50	Low	0	0
pro clean pressure washing	50	High	6.79	23.85
karcher pressure washer deals	50	Unknown	0	0
simpson honda pressure washer	50	High	0	0
get rid of moss on roof	50	Unknown	0	0
cheap pressure washing near me	50	Medium	0	0
grace roof cleaning	50	Unknown	0	0
be power washer	50	High	0.81	3.2
supreme pressure washing	50	Unknown	0	0
best 4000 psi pressure washer	50	High	0.67	1.49
vinyl gutter	500	Low	0	0
shingle cleaning near me	50	High	0	0
jrod pressure washing	50	High	0	0
professional power washing near me	50	High	0	0
roof cleaning companies in my area	50	High	0	0
soft wash services near me	50	Low	0	0
power washer deals	50	High	0.27	1.03
steam pressure washer for sale	50	Unknown	0	0
high psi pressure washer	50	High	0	0
best concrete cleaner for pressure washer	50	High	0	0
industrial concrete floor cleaning services near me	0	Unknown	0	0
roof cleaning contractors near me	50	Unknown	0	0
polished concrete floor cleaner	50	High	0	0
power wash house service	50	High	0	0
soft scrub roof cleaning	50	Unknown	0	0
pressure washer for home use	50	Medium	0	0
surface power washer	50	High	0.24	3.41
roof cleaning kirkland	50	Unknown	0	0
gutter and roof cleaning cost	50	Unknown	0	0
pressure washer cleaning	50	High	3.3	8.83
skylight cleaning	50	High	0	0
remove stains from concrete	50	High	0.34	4.5
clogged gutter	50	Medium	0	0
soft wash house washing near me	50	Unknown	0	0
roofing cleaning companies near me	500	High	8.03	22.76
power washer nearby	50	High	0	0
average price to pressure wash a house	50	Medium	2.2	6.68
roof vent cleaning near me	50	High	0	0
driveway washing service	50	Unknown	0	0
sidewalk cleaning	50	High	0	0
ac pressure washers	50	Low	0	0
strongest pressure washer	50	High	0	0
low pressure house washing	50	Unknown	0	0
house roof cleaning near me	50	Unknown	0	0
best affordable pressure washer	50	High	0	0
fence pressure washing near me	50	High	0	0
roof and gutter maintenance	50	Unknown	0	0
metal roof cleaning services near me	50	High	0	0
hot power washer for sale	50	High	0	0
moss and mould roof treatment	0	Unknown	0	0
moss treatment for roof cost	0	Unknown	0	0
clean and clear power washing	50	Unknown	0	0
best house wash	50	High	0	0
best way to clean garage floor	50	High	0	0
leaf removal from roof	50	High	0	0
power wash contractors near me	50	Medium	0	0
pressure wash and seal driveway	50	High	7.68	23.02
portable electric pressure washer	50	Low	0.4	2.06
best pressure washer for house siding	50	Unknown	0	0
small electric power washer	50	High	0.12	0.74
peter's pressure washing	50	Low	2.1	7.3
pressure cleaning prices	500	High	1.74	8.37
rooftop cleaning services	500	Low	10	38.28
power wash store near me	50	High	0.41	6.22
small pressure washer for indoor cleaning	50	Unknown	0	0
someone to pressure wash my house	50	High	0	0
local power washing near me	50	Unknown	0	0
roof algae cleaner	50	High	0.51	8.01
basement floor cleaning	50	Unknown	0	0
professional concrete cleaning services	50	Unknown	0	0
patio jet wash service near me	0	Unknown	0	0
fence power washing near me	50	Unknown	0	0
jet wash company near me	0	Unknown	0	0
best commercial hot water pressure washer	50	Unknown	0	0
psi pressure washer	50	High	0.86	4.23
residential pressure washing services near me	50	High	0	0
best budget power washer	50	High	0	0
roof cleaning marysville	0	Unknown	0	0
water pressure cleaning	50	Medium	0	0
washing services	50	Low	0	0
cleancut roofing	50	Low	0	0
portland power washer	50	High	0.18	0.78
local guttering repairs	50	High	0	0
roof cleaning moss removal near me	50	High	0	0
clean my driveway	50	Unknown	0	0
outside house cleaning services	50	Unknown	0	0
teande pressure washer	50	High	0	0
pressure house washing near me	50	High	0	0
magic bubbles roof cleaning	50	High	3.54	20.73
removing moss from roof tiles	50	Unknown	0	0
vinyl siding cleaning services near me	50	Unknown	0	0
local roof cleaning services	50	Unknown	0	0
best power washer for driveways	50	High	0.39	0.98
local gutter	50	High	0	0
titan power washer	50	Unknown	0	0
industrial steam pressure washer	50	Unknown	0	0
clean upholstery at home	50	High	1.29	7.59
kranzle electric pressure washer	50	High	0	0
gutter cleaned	500	Medium	5.95	28.64
dry ice pressure washer	50	High	0.3	1.95
top 5 pressure washers	50	Unknown	0	0
house washing prices	50	Unknown	0	0
house washing in my area	50	High	0	0
hotsy pressure washing	50	High	0.98	5
driveway washing near me	50	Low	6.06	35.52
best roof algae remover	50	High	0	0
roof cleaning and moss treatment	0	Unknown	0	0
eco roof cleaning	50	High	0	0
experienced roof and gutter cleaning	0	Unknown	0	0
housewashing	50	Unknown	0	0
power washing services in my area	50	High	0	0
detailed house cleaning	50	Low	0	0
price for power washing and staining a deck	0	Unknown	0	0
garage floor cleaners near me	50	High	0	0
no pressure roof cleaning near me	50	Unknown	0	0
roof cleaning estimate	50	Unknown	0	0
pressure washer sales and service near me	50	Unknown	0	0
companies that pressure wash houses near me	0	Unknown	0	0
commercial power washing near me	50	High	0	0
small hot water pressure washer	50	High	0	0
retractable pressure washer	50	High	0.59	6.46
power wash brick house	50	Unknown	0	0
warm water pressure washer	50	High	0	0
deck pressure washing near me	50	Unknown	0	0
best industrial pressure washer	50	High	0	0
commercial concrete floor cleaner	50	High	0	0
power washing prices near me	50	Medium	3.16	17.6
roof mold cleaner	50	High	0	0
3000 psi electric power washer	50	High	0.45	0.89
best water pressure washer	500	High	0.31	1.1
house and window washing near me	50	Unknown	0	0
vinyl siding cleaning companies near me	50	Unknown	0	0
moss on roof removal cost	50	Unknown	0	0
power wash fence	50	Medium	2.13	10.27
concrete tile roof cleaning	50	High	0	0
jet cleaning services near me	50	Unknown	0	0
in house rug cleaning	50	High	0	0
cost to have house pressure washed	50	Unknown	0	0
soft washing house exterior near me	50	Unknown	0	0
karcher pressure washer price	50	Unknown	0	0
milwaukee electric pressure washer	50	High	0	0
4000psi 4gpm pressure washer	50	High	0	0
pressure washer sidewalk cleaner	500	High	0.22	1.12
mold armour house wash	50	High	0	0
all about pressure washing	50	Low	0	0
power washing homes prices	0	Unknown	0	0
outside house washing near me	50	Unknown	0	0
best electric pressure washer for home use	50	High	0.47	1.05
rubber roof cleaner	50	High	0.16	8.36
cleaning roof dryer vent from inside	50	High	0	0
roof shingle cleaning service	50	High	0	0
wash outside of house	50	Low	0	0
best professional pressure washer	50	High	0	0
outdoor concrete cleaner	50	High	0	0
kobalt power washer	50	High	0.26	0.88
most reliable pressure washer	50	High	0	0
ned stevens gutter service	0	Unknown	0	0
diesel hot water pressure washer for sale	50	Unknown	0	0
pro pressure washer	50	High	0.53	5.4
mobile home pressure washing	50	High	4.32	14.33
moss cleaning service	50	High	0	0
south east soft wash	50	High	0.57	2.74
hotsy power washer for sale	50	High	0	0
soft roof washing near me	50	High	11.29	66.68
cost to power wash deck	50	Low	0	0
all clean pressure washing	50	Medium	0	0
brick power washing near me	50	Unknown	0	0
siding washing companies near me	0	Unknown	0	0
house power washing near me cost	50	Unknown	0	0
professional power washers near me	50	High	0	0
ace pressure washer	50	High	0	0
gutter zap	50	High	0	0
moss cleaning	50	High	0	0
fence power washing and staining cost	0	Unknown	0	0
cement cleaning service	50	High	0	0
best pressure washer for commercial use	50	High	0	0
metal roof cleaning companies near me	50	Unknown	0	0
powerful power washer	50	Low	0	0
krud kutter house wash	50	High	0	0
high pressure washer for sale	50	Unknown	0	0
home roof cleaning	50	Low	0	0
mobile home power washing near me	50	Medium	0	0
paver power washing near me	50	High	0	0
eco friendly roof cleaning near me	50	Unknown	0	0
moss roof removal near me	0	Unknown	0	0
compact power washer	50	High	0.21	1.01
high psi electric pressure washer	50	High	0.46	1.56
a plus power washing	50	Low	0	0
power wash pros	50	Medium	0	0
pressure wash vinyl siding	50	Low	0	0
roof washer	50	Low	0	0
hot steam pressure washer	50	High	0	0
roof cleaning and repairs	50	Unknown	0	0
exterior house washing services	50	Unknown	0	0
roof cleaning pressure washer	50	Unknown	0	0
soft washing roof cost	50	Unknown	0	0
driveway and patio cleaning	50	High	0	0
compact electric pressure washer	50	Low	0	0
top electric power washer	50	High	0.31	1.39
sidewalk power washer	50	High	3.2	18.01
portable water pressure washer	50	High	0	0
portable high pressure washer	50	High	0	0
window and siding cleaning near me	0	Unknown	0	0
jet wash service near me	0	Unknown	0	0
house window cleaners	50	High	3.27	11.72
terracotta roof cleaning	50	High	0	0
softwash solutions	50	Unknown	0	0
trt pressure washing	50	Unknown	0	0
professional patio cleaning	50	Unknown	0	0
indoor concrete cleaner	50	High	0	0
sidewalk power washing near me	50	Unknown	0	0
midwest softwash	50	Medium	0	0
residential concrete floor cleaning service near me	0	Unknown	0	0
power wash roof shingles	50	High	9.74	20
wet and forget concrete cleaner	50	High	0	0
wet and forget house wash	50	High	0	0
external house cleaning near me	50	Unknown	0	0
shake roof cleaning	0	Unknown	0	0
diesel hot pressure washer	50	Medium	0	0
power wash exterior of house	50	High	12.42	24.87
best cleaner for concrete patio	50	Unknown	0	0
best way to clean concrete driveway	50	High	0.18	4.5
powerhouse pressure washer	50	High	0	0
simpson electric pressure washer	50	High	0.19	2.15
power washing garage floor	50	High	0	0
roof steam cleaning	50	Unknown	0	0
roof steam cleaning near me	0	Unknown	0	0
metal roof cleaning cost	50	Unknown	0	0
pressure washing driveway cost per square foot	50	Low	0	0
mobile power washing companies near me	50	Unknown	0	0
north star hot water pressure washer	50	High	0	0
best way to clean moss off roof	0	Unknown	0	0
roof mould removal	50	High	0	0
best power washing near me	50	Unknown	0	0
average price to power wash a house	50	High	0	0
power washing roof tiles	50	Medium	5.12	37.05
karcher electric power washer	50	High	0.24	0.69
power it pressure washer	50	High	0	0
portland electric pressure washer	50	High	0	0
driveway pressure cleaning prices	500	Low	3.16	9.75
pressure washer for house siding	50	Low	0	0
vinyl siding cleaning companies	50	Unknown	0	0
house pressure cleaning	50	High	0	0
power washer sales near me	50	High	0	0
house and roof washing	50	Unknown	0	0
driveway pressure washer cleaner	50	Unknown	0	0
the house wash company	50	High	3.28	20.04
powerwash home exterior	50	Unknown	0	0
mobile home pressure washing prices	50	High	0	0
sink block cleaner	50	High	0	0
mi tm electric pressure washer	50	High	0	0
pressure wash mold off concrete	50	Unknown	0	0
residential window washers in my area	50	Unknown	0	0
slate roof maintenance	50	Unknown	0	0
driveway clean and seal	50	Low	0	0
residential roof cleaning near me	50	Low	0	0
diesel pressure washer for sale	50	Unknown	0	0
sun joe electric power washer	500	High	0.21	0.9
dryer vent on roof	500	High	0.97	17.03
fence cleaning near me	50	Medium	0	0
asphalt shingle roof treatment	50	Unknown	0	0
commercial power washing services	50	Low	0	0
mobile power washing services near me	50	High	0	0
best roof cleaning company near me	50	Unknown	0	0
the house and building wash company	0	Unknown	0	0
best power washers 2022	0	Unknown	0	0
roof treatment near me	50	High	0	0
pressure wash roof shingles	50	High	9.74	20
pressure washer 4500 psi	50	High	0	0
soft wash house washing	50	Low	0	0
concrete mold remover	50	High	0	0
stanley power washer	50	High	0	0
home window cleaners	50	Medium	0	0
home exterior power washing services	0	Unknown	0	0
best deals on pressure washers	50	Unknown	0	0
best 3000 psi electric pressure washer	50	Unknown	0	0
home exterior pressure washing	50	Unknown	0	0
clean leaves off roof	50	Unknown	0	0
roof cleaning cape cod	50	Unknown	0	0
house window washers near me	50	Unknown	0	0
professional pressure washing near me	50	High	9.55	19.73
fence pressure washing cost	50	Unknown	0	0
circular pressure washer	50	High	0	0
karcher 3 pressure washer	50	Unknown	0	0
clean power wash	50	Medium	3.44	10.48
house wash for pressure washer	50	High	0	0
roof sweeping near me	50	High	0	0
pressure wash your house	500	High	5.03	19.82
commercial pressure cleaning	500	High	0.73	5.85
pressurewashers	50	Low	0	0
soft wash house cost	50	Low	0	0
clean epoxy garage floor	50	High	0.28	4.77
patio washing near me	50	Unknown	0	0
commercial hot pressure washer	50	Unknown	0	0
roof treatment cost	50	Unknown	0	0
commercial pressure washing services near me	50	Low	0	0
honda commercial pressure washer	50	Medium	0	0
cost to power wash driveway per square foot	50	Medium	0.59	3.93
power wash exterior of house cost	50	Unknown	0	0
house siding cleaning services	0	Unknown	0	0
squeaky clean pressure washing	50	Low	0	0
karcher compact pressure washer	50	Low	0	0
hot water washer	50	Low	0	0
referred roof cleaning	0	Unknown	0	0
pressure wash fence	50	Medium	2.13	10.27
cost to remove moss from roof	0	Unknown	0	0
northern star pressure washer	50	Unknown	0	0
towable pressure washer	50	Unknown	0	0
low pressure washer	50	High	0.31	1.28
mobile home power washing	50	High	4.32	14.33
window and house washing near me	0	Unknown	0	0
power wash garage floor cost	50	Unknown	0	0
outdoor pressure washer	50	High	0	0
roof lichen removal	50	High	0	0
inside roof cleaning	50	Unknown	0	0
round pressure washer	50	High	0	0
demossing roof	0	Unknown	0	0
house siding wash	50	High	0.22	13.91
external house washing	50	Unknown	0	0
pressure washing per square foot	50	Medium	1.32	4.69
xjet softwash	50	High	0	0
flat roof cleaning	50	Low	0	0
home exterior cleaning near me	50	Unknown	0	0
house pressure cleaning near me	50	Unknown	0	0
under pressure washing	50	Medium	0	0
gutter downspout clogged	50	High	0	0
whole house power washing near me	0	Unknown	0	0
best psi for pressure washer	50	High	0.35	0.82
remove black streaks on roof	50	High	2.12	8
roof leaf cleaning	50	Unknown	0	0
power washer for home use	50	Medium	0	0
residential power washing services	50	Medium	0	0
midwest power washing	50	Unknown	0	0
house siding washing near me	50	Unknown	0	0
power wash my home	50	High	0	0
concrete power washing services near me	0	Unknown	0	0
house cleaning and carpet cleaning	50	Unknown	0	0
best cheap power washer	50	High	0.34	0.87
powerwasher nearby	50	Medium	0	0
alpine gentle roof cleaning	0	Unknown	0	0
sam's club power washer	50	High	0.31	1.41
concrete floor cleaners near me	50	Medium	0	0
diesel steam pressure washer	50	Unknown	0	0
concrete floor washer	50	High	0	0
roof dryer vent cleaning cost	50	High	5.37	13
driveway cleaning companies near me	50	High	0	0
home window washing service	50	High	0	0
sparkle wash near me	50	Low	0	0
power washing cost per hour	50	Unknown	0	0
hot washer pressure washer	50	Unknown	0	0
roof washing prices	50	Unknown	0	0
washing company	50	Low	0	0
gutter roof cleaning near me	50	Unknown	0	0
pro gutter	50	Unknown	0	0
home power washing companies near me	50	Unknown	0	0
low pressure pressure washer	50	High	0	0
north star soft wash	50	Unknown	0	0
best small electric pressure washer	50	High	0.26	0.94
soft wash for houses	50	High	0	0
house roof washing	50	Unknown	0	0
power wash driveway service	50	Low	0	0
roof and house cleaning	50	High	0	0
roof cleaning and treatment	50	Low	0	0
average cost of roof cleaning	50	High	0	0
honda power washer for sale	50	High	0	0
outside home cleaning	50	Unknown	0	0
pressure wash brick house	50	Unknown	0	0
mr powerwash	50	Unknown	0	0
home exterior washing	50	Unknown	0	0
cost to pressure wash roof per sq ft	50	Medium	0	0
high pressure roof cleaning	50	Unknown	0	0
building washing	50	Low	0	0
roof powerwashing	50	Unknown	0	0
cheap karcher pressure washer	50	Unknown	0	0
best roof cleaner for shingles	50	Unknown	0	0
residential pressure washer	50	Low	0	0
gutter protect	50	Medium	5.85	40
midwest pressure washing	50	High	0.61	3.03
best sun joe pressure washer	50	Unknown	0	0
roof washing services	500	Low	10	38.28
power washer sidewalk cleaner	500	High	0.22	1.12
green power washer	50	High	0	0
pressure wash gutters	50	High	5.4	16
pto power washer	50	Unknown	0	0
asphalt shingle cleaner	50	High	2.22	12.77
hoseless power washer	50	High	0	0
zero pressure roof cleaning	50	Medium	0	0
hot cold pressure washer	50	High	0	0
all pro power washing	50	Unknown	0	0
exterior power washing services near me	50	Unknown	0	0
metal roof cleaning companies	50	Unknown	0	0
pressure washers amazon	50	High	0.08	0.29
power wash concrete driveway	50	Medium	0	0
diamond pressure washing	50	Low	0	0
worx portable pressure washer	50	Low	0	0
pressure washing services in my area	50	High	0	0
stucco power wash near me	50	Unknown	0	0
touchless roof cleaning	50	Unknown	0	0
pressure washing contractors near me	50	Low	0	0
best power washers for driveways	50	Unknown	0	0
be electric pressure washer	50	Unknown	0	0
affordable power washing near me	50	Unknown	0	0
companies that power wash houses near me	0	Unknown	0	0
pressure washer degreaser	50	High	0	0
gutter cleaning and roof inspection	0	Unknown	0	0
house and driveway pressure washing	50	Medium	0	0
pressure washing roof damage	50	Low	0	0
roof water blasting	0	Unknown	0	0
vinyl siding washing near me	50	Unknown	0	0
strong pressure washer	50	High	0	0
residential power washing companies near me	50	Unknown	0	0
agape roof cleaning	0	Unknown	0	0
citation pressure washer	50	Unknown	0	0
siding cleaning service near me	0	Unknown	0	0
professional exterior house cleaning	50	Unknown	0	0
pressure washing outside of house	50	High	12.42	24.87
pressure washer cleaners near me	50	Unknown	0	0
exterior house cleaning prices	50	Unknown	0	0
concrete steam cleaner	50	High	0	0
pressure washer near me for sale	50	High	0	0
wnc pressure washing	50	Unknown	0	0
vinyl fence cleaning service near me	50	High	0	0
us roof care	50	Unknown	0	0
hand pressure washer	50	High	0.7	13.81
honda gx pressure washer	50	High	0	0
power washing patios near me	50	Unknown	0	0
house and building wash company	0	Unknown	0	0
clay tile roof cleaning	50	Unknown	0	0
soft wash siding cleaning	50	Unknown	0	0
mobile home washing	50	High	3.47	9.19
pressure washing sidewalk prices	50	Unknown	0	0
big pressure washer	50	High	0	0
cement pressure washer	50	Unknown	0	0
cedar shake roof cleaning	50	Unknown	0	0
top rated power washing companies near me	50	Unknown	0	0
tnt pressure washing	50	Medium	1.81	5.68
pressure wash tile roof	50	Medium	5.12	37.05
driveway pressure washing service	50	Low	0	0
high pressure concrete cleaner	50	Unknown	0	0
house power washing companies near me	0	Unknown	0	0
driveway clean and seal near me	50	Medium	0	0
best way to clean carpets at home	50	High	0.59	3.7
powerwashing company near me	50	Unknown	0	0
house wash home depot	50	High	0	0
best concrete driveway cleaner	50	High	0.19	4.5
small portable pressure washer	50	High	0.33	1.4
concrete steam cleaning services	50	Unknown	0	0
roof and window cleaning near me	50	Unknown	0	0
shingle roof cleaning cost	50	Unknown	0	0
asphalt roof cleaning	50	Low	0	0
high flow pressure washer	50	High	0	0
singerman laboratories rust remover for concrete	50	High	0	0
window and house washing	50	Unknown	0	0
best concrete cleaner without pressure washer	50	High	0	0
roof cleaning and restoration	0	Unknown	0	0
roof and house washing near me	0	Unknown	0	0
water pressure cleaning near me	50	Unknown	0	0
soft pressure roof cleaning	50	Unknown	0	0
cheap electric pressure washer	50	Medium	0	0
companies that pressure wash houses	50	High	0	0
honda electric pressure washer	50	Unknown	0	0
pro flow pressure washer	50	Unknown	0	0
eximo waterless concrete cleaner	50	Unknown	0	0
house power washers in my area	50	High	0	0
floor polishing company near me	50	Low	0	0
residential roof cleaning	50	Low	0	0
black owned pressure washing near me	0	Unknown	0	0
high pressure water cleaning	50	Unknown	0	0
house power washing in my area	50	High	0	0
metal roof pressure washing	50	Low	0	0
cleaning roof tiles with pressure washer	50	High	0	0
gutter cleaning and house washing	0	Unknown	0	0
commercial high pressure washer	50	Unknown	0	0
industrial high pressure washer price	0	Unknown	0	0
pressure cleaning roof near me	50	Unknown	0	0
pressure wash concrete driveway	50	High	0	0
remove moss from tarmac	0	Unknown	0	0
house roof gutter cleaning	0	Unknown	0	0
power wash house service near me	50	Unknown	0	0
worx hydroshot pressure washer	50	Low	0	0
wilderland roof and window cleaning	50	Unknown	0	0
driveway pressure cleaning near me	50	Low	0	0
building pressure washing near me	50	Unknown	0	0
concrete tile roof maintenance	50	Low	0	0
black owned power washing near me	0	Unknown	0	0
honda pressure washer for sale	50	High	0	0
affordable pressure washer	50	Low	0	0
power washing cost per square foot	50	Medium	1.32	4.69
roof and house wash	50	Medium	0	0
cost to soft wash roof	50	High	0	0
residential power washing prices	50	High	0	0
concrete pressure washing prices	50	Unknown	0	0
roof steaming	50	Low	0	0
house water blasting	0	Unknown	0	0
precision power washing near me	50	Unknown	0	0
moss prevention on roof	50	High	0	0
roof stain remover	50	High	0	0
driveway jet wash near me	0	Unknown	0	0
circular power washer	50	High	0	0
roof and gutter cleaning services	50	Unknown	0	0
home wash exterior cleaning	0	Unknown	0	0
air pressure washer	50	High	0	0
exterior house power washing near me	50	Unknown	0	0
power washing your home	500	High	5.03	19.82
house exterior cleaning cost	50	Unknown	0	0
best roof cleaner for asphalt shingles	50	High	0.16	4.85
best homeowner pressure washer	50	High	0.32	1.16
pressure wash estimate	50	Medium	3.52	7.03
someone to powerwash my house	50	Unknown	0	0
blue pressure washer	50	High	0	0
high pressure roof cleaning prices	0	Unknown	0	0
the worx pressure washer	50	Unknown	0	0
tx12 100 pressure washer	50	Unknown	0	0
average cost of pressure washing driveway	50	Medium	0	0
roof vent cleaning service	50	Low	0	0
soft wash pressure washing near me	50	Medium	0	0
roof cleaning moss removal cost	0	Unknown	0	0
in home couch cleaning	50	High	0	0
pressure clean house	500	High	5.03	19.82
house siding cleaning companies near me	0	Unknown	0	0
seminole softwash	50	Unknown	0	0
blast off pressure washing	50	High	0	0
pressure washing resource	50	Low	0	0
pressure wash exterior house	50	High	12.42	24.87
anti moss roof treatment	50	Unknown	0	0
sun joe spx3000 pressure washer	500	Low	0	0
power wash concrete patio	50	Unknown	0	0
concrete clean and seal	50	Unknown	0	0
window and power washing near me	0	Unknown	0	0
concrete pressure cleaner	500	High	0.32	9.85
waterless concrete cleaner	50	Medium	0	0
tile roof cleaning companies near me	50	High	0	0
under pressure cleaning	50	Medium	0	0
stanley electric pressure washer	50	Medium	0	0
steam cleaning roof tiles	0	Unknown	0	0
driveway water blasting	0	Unknown	0	0
cement power washer	50	Unknown	0	0
driveway steam cleaning near me	50	High	0	0
underbody pressure washer	50	Unknown	0	0
rechargeable power washer	50	High	0	0
lichen on roof	50	Low	0	0
30 seconds roof treatment	50	Unknown	0	0
driveway cleaning business	50	Unknown	0	0
power washing prices per hour	50	Unknown	0	0
brown's pressure washing	50	Unknown	0	0
five star pressure washing	50	Low	0	0
local house washing	0	Unknown	0	0
1200 psi pressure washer	50	High	0	0
generac one wash	50	High	0	0
flat surface pressure washer	50	High	0	0
best way to clean concrete floor in garage	0	Unknown	0	0
mobile home washing near me	50	Medium	4.19	13.91
exterior house cleaning cost	50	Unknown	0	0
house wall cleaning services	50	Unknown	0	0
moss on my roof	0	Unknown	0	0
professional house washing	50	Unknown	0	0
soft power wash house	50	Unknown	0	0
landa pressure washer price	50	Unknown	0	0
roof shampoo cost	50	High	0	0
roof maintenance services near me	50	Unknown	0	0
wash pros	50	Low	0	0
driveway steam cleaning	50	Unknown	0	0
polished concrete cleaner	50	High	0	0
best pressure washer for house	50	Unknown	0	0
local pressure washing companies near me	50	Unknown	0	0
pressure washer mi tm	50	High	0.29	1.5
fence wash	50	Medium	0	0
high pressure driveway cleaner	50	Unknown	0	0
turtle wax pressure washer	50	Unknown	0	0
steam cleaner for concrete floors	50	Unknown	0	0
power washing costs near me	50	Unknown	0	0
slate roof cleaning cost	0	Unknown	0	0
companies that power wash homes near me	0	Unknown	0	0
best cleaner for polished concrete floors	50	High	0	0
local roof cleaning companies	50	Unknown	0	0
home rug cleaning service	50	Unknown	0	0
concrete garage floor cleaner	50	Medium	0	0
best pressure washer for roof cleaning	50	Unknown	0	0
copper roof cleaner	50	Unknown	0	0
variable pressure washer	50	Low	0	0
remove mold from roof shingles	50	High	0	0
moss killer for concrete	50	Unknown	0	0
home advisor pressure washing	50	Unknown	0	0
clean roof tiles cost	0	Unknown	0	0
karcher steam pressure washer	50	Unknown	0	0
kawasaki pressure washer	50	Unknown	0	0
new pressure washer	50	High	0.24	0.8
best mold killer for concrete	50	High	0	0
power wash aluminum siding	50	Unknown	0	0
metal roof washing	50	High	0.66	16.86
eco friendly power washing near me	0	Unknown	0	0
average cost to pressure wash driveway	50	Medium	1.91	4.31
soft scrub power washing	50	Unknown	0	0
westinghouse electric pressure washer	50	High	0.48	1.09
exterior house pressure washing cost	50	Unknown	0	0
soft washing services	50	Low	0	0
wash roof shingles	50	High	1.62	13.96
jet wash driveway near me	0	Unknown	0	0
no pressure house washing	50	Low	0	0
driveway and concrete cleaner	500	High	0.55	10.68
house cleaning with carpet cleaning	50	Unknown	0	0
pressure washing and window cleaning near me	50	Unknown	0	0
best way to pressure wash a house	50	Unknown	0	0
pressure washing square foot price	50	Unknown	0	0
roof cleaning quotes	50	Unknown	0	0
speed clean pressure washer	50	Low	0	0
house washing and gutter cleaning	0	Unknown	0	0
outdoor house wash	50	Low	0	0
my gutter	50	High	0	0
pressure cleaning driveway near me	50	High	0	0
best graffiti remover for concrete	50	High	0	0
tile pressure washer	50	High	0	0
mobile home exterior cleaning services	50	Unknown	0	0
clean dryer vent without getting on roof	50	Unknown	0	0
clean grease off concrete	50	Unknown	0	0
low pressure house washing near me	50	Unknown	0	0
power wash house companies near me	0	Unknown	0	0
roof moss cleaning cost	50	Unknown	0	0
mobile power washing services	50	High	0	0
direct drive pressure washer	50	Unknown	0	0
brick pressure washing	50	Medium	0	0
roof cleaning contractors	50	Low	0	0
best power washer for patio	50	Low	0	0
lightweight pressure washer	50	Medium	0	0
the best concrete cleaner	50	High	0	0
power spraying near me	50	Low	0	0
soft touch roof cleaning	50	Medium	0	0
concrete paver cleaner	50	Low	0	0
cost to get house pressure washed	50	High	0	0
clean concrete stains	50	High	0.34	4.5
power wash mold off house	50	Unknown	0	0
moss busters roofing	0	Unknown	0	0
honda high pressure washer	50	Unknown	0	0
mr bubbles roof cleaning	50	High	6.12	39.18
karcher power washers for sale	50	Low	0	0
joe pressure washer	50	Low	0	0
power washer on sale near me	50	High	0	0
drive cleaning services near me	0	Unknown	0	0
pressurewashing near me	50	Medium	0	0
roof care near me	0	Unknown	0	0
quality pressure washer	50	Low	0	0
concrete slab cleaner	50	High	0	0
remove moss from concrete	50	Unknown	0	0
best driveway cleaner for pressure washer	50	High	0.1	4.09
best house power washing near me	50	Unknown	0	0
house pressure washing companies near me	50	Unknown	0	0
best house wash for pressure washer	50	High	0	0
exterior roof cleaning	50	Unknown	0	0
best price pressure washer	50	Low	0	0
get my roof cleaned	0	Unknown	0	0
pressure washing stucco	50	Low	0	0
simple green oxy solve concrete and driveway cleaner	50	High	0	0
5 star pressure washing	50	Medium	0	0
best pressure washer for decks	50	Unknown	0	0
garden jet wash service near me	0	Unknown	0	0
spotless gutter and roofing services	0	Unknown	0	0
ace power washer	50	High	0.55	16.92
pressure washing costs near me	50	High	0	0
moss on roof shingles removal	50	Unknown	0	0
steam clean driveway cost	0	Unknown	0	0
industrial pressure washing services near me	50	Unknown	0	0
indoor concrete floor cleaner	50	Unknown	0	0
power pressure washing near me	50	High	0	0
average cost to power wash a driveway	50	Medium	1.91	4.31
pressure washing deals near me	50	Unknown	0	0
concrete driveway cleaning service	50	Unknown	0	0
window cleaning and power washing near me	50	Unknown	0	0
best way to clean cement patio	50	High	0	0
eco soft wash	0	Unknown	0	0
power washing house exterior near me	0	Unknown	0	0
external cleaning	50	Unknown	0	0
gutter washer	50	Unknown	0	0
tpo roof cleaning	50	Low	1.12	29.46
soft scrub house washing	50	Unknown	0	0
simpson megashot pressure washer	50	Medium	0	0
roof stain removal near me	50	Unknown	0	0
largo pressure washer	500	Low	0	0
homewyse pressure washing	50	Low	0	0
power washing prices for driveways	50	Medium	0	0
keeping it clean moss removal	0	Unknown	0	0
best cleaner for epoxy garage floor	50	High	0	0
driveway cleaning service cost	50	Unknown	0	0
clean rust off concrete	50	High	0	0
stamped concrete cleaner	50	Unknown	0	0
best pressure washer for siding	50	Medium	0	0
best way to clean polished concrete floors	50	Unknown	0	0
cedar roof treatment	0	Unknown	0	0
carpet cleaning home service	50	High	0	0
cost to have house power washed	50	Unknown	0	0
remove moss from driveway	50	Unknown	0	0
non toxic concrete cleaner	50	High	0	0
industrial roof cleaning	50	Unknown	0	0
mobile jet wash near me	0	Unknown	0	0
water power washer	50	High	0.56	6.94
residential window washing services near me	50	High	0	0
roof repairs and gutter cleaning near me	50	Unknown	0	0
power wash front of house	50	Unknown	0	0
house brick cleaning	50	Low	0	0
best cleaner for metal roof	50	High	0	0
soft works power washing	0	Unknown	0	0
fence washing near me	50	Unknown	0	0
roof and window cleaning	50	Unknown	0	0
soft wash exteriors	0	Unknown	0	0
cleaning copper roof over bay window	50	Unknown	0	0
house and gutter cleaning	50	High	0	0
bathroom pressure washer	50	High	0	0
superior roof cleaning	50	High	0	0
power wash townhouse cost	0	Unknown	0	0
best way to power wash a house	50	Unknown	0	0
exterior siding cleaning service	0	Unknown	0	0
soft water pressure washer	50	High	0	0
eco friendly concrete cleaner	50	Low	0	0
best way to remove ice dams	50	Unknown	0	0
pressure wash sidewalk cost	50	High	0	0
roof washing business	50	Unknown	0	0
metal roof oxidation removal	50	High	0	0
pro power washer	50	High	0.53	5.4
house pressure washer service near me	50	High	0	0
exterior cleaning company	50	High	3.74	7.18
house and deck power washing	0	Unknown	0	0
patio pressure washing service near me	50	Unknown	0	0
professional driveway cleaners near me	50	Unknown	0	0
commercial exterior cleaning	50	Low	0	0
clean basement concrete floor	50	Low	0	0
power wash house estimate	0	Unknown	0	0
best house wash for vinyl siding	50	Unknown	0	0
cleaning terracotta roof tiles	50	Unknown	0	0
window pressure washer	50	High	7.58	28.7
pressure washing average cost	50	High	3.77	5.23
best power washing services near me	50	Unknown	0	0
pressure wash price per sq ft	50	Medium	0	0
low pressure power washer	50	High	0	0
skylight cleaning near me	50	High	0	0
soft wash business	50	Low	0	0
cost to have driveway pressure washed	50	Unknown	0	0
best price karcher pressure washer	0	Unknown	0	0
house outdoor cleaning	50	Medium	0	0
driveway cleaner home depot	50	High	0	0
window and exterior house cleaning	50	Unknown	0	0
karcher mini pressure washer	50	Unknown	0	0
roof clean up	50	Unknown	0	0
soft wash roof cleaning prices	50	Unknown	0	0
exterior power washing	50	High	0	0
all pro roof cleaning	0	Unknown	0	0
drive way stones	50	High	0.95	5.28
simpson professional pressure washer	50	Unknown	0	0
power wash soft wash	50	Unknown	0	0
ocean waves soft wash	50	Unknown	0	0
house siding power washing near me	0	Unknown	0	0
clean outside of house service	50	Unknown	0	0
all clean softwash	50	Low	0	0
average driveway pressure washing cost	50	Medium	0	0
pressure washer psi for concrete	50	Medium	0	0
professional roof cleaning services	50	Low	0	0
best domestic pressure washer	50	Unknown	0	0
siding power washing companies near me	0	Unknown	0	0
jet wash cleaners near me	0	Unknown	0	0
30 seconds roof cleaner	50	High	0	0
mold armor deck wash	50	Unknown	0	0
roof mildew cleaner	50	High	0	0
local driveway cleaners	50	Unknown	0	0
southwest softwash	50	Unknown	0	0
premium pressure washing	50	Medium	0	0
pressure washing vinyl siding house	50	Unknown	0	0
roof cleaning new port richey	50	Medium	8.04	22.79
steam pressure washing services near me	0	Unknown	0	0
local roof cleaners near me	50	Unknown	0	0
gutter cleaning high roof	0	Unknown	0	0
power washing per square foot	50	Medium	1.32	4.69
ar power washer	50	High	0.34	1.45
average price for roof cleaning	50	High	0	0
house exterior power washing	50	High	12.42	24.87
power wash vinyl siding cost	50	Unknown	0	0
good psi for pressure washer	50	High	0	0
removing moss from shingles	50	Unknown	0	0
pressure wash patio cost	50	Unknown	0	0
mobile pressure washing service near me	50	High	0	0
pressure washing soft wash	50	Medium	0.82	11.37
leaf stains on concrete	50	Low	0	0
clean home power washing	50	Unknown	0	0
epdm cleaner	50	High	0	0
soft wash companies	50	High	0	0
green roof and gutter cleaning	0	Unknown	0	0
best simpson pressure washer	50	Unknown	0	0
electric water pressure washer	5000	High	0.3	0.9
roof sweeping	50	Unknown	0	0
power washer psi	50	High	0.86	4.23
pavement cleaners	500	High	0.59	11
clean algae off roof	50	Unknown	0	0
remove algae from concrete	50	High	0.18	4.5
house washing business	50	Unknown	0	0
the power wash store	50	Unknown	0	0
roof moss cleaning services	0	Unknown	0	0
power washer for house cleaning	50	High	3.79	21.67
roof cleaner for shingles	50	High	2.15	7.39
outdoor home cleaning	50	Unknown	0	0
cost to pressure wash deck	50	Low	0	0
sip power washer	50	High	0	0
removing graffiti from concrete	50	High	0	0
pavement pressure washer	500	Medium	3.19	16.29
pristine house washing	50	Unknown	0	0
cement driveway cleaner	500	High	0.55	10.68
best honda pressure washer	50	Unknown	0	0
tarmac driveway cleaning near me	0	Unknown	0	0
organic concrete cleaner	50	Unknown	0	0
karcher professional pressure washer price	50	Unknown	0	0
pressure wash house cost near me	50	Unknown	0	0
budget pressure washer	50	High	0.2	1.58
porous driveway surfaces	50	Unknown	0	0
best way to get moss off roof	0	Unknown	0	0
average cost of power washing house	50	Medium	2.2	6.68
local power washer	50	High	2.1	13.3
roof cleaning and coating cost	50	Unknown	0	0
cleaning roof tiles of moss	50	Unknown	0	0
soft wash cleaning near me	50	Unknown	0	0
driveway and sidewalk cleaning	50	High	0	0
house wash lowes	50	High	0	0
powerwashing services near me	50	Low	0	0
cost of roof cleaning services	0	Unknown	0	0
power wash house siding near me	0	Unknown	0	0
pressure washing cost driveway	50	Unknown	0	0
best thing to clean concrete	50	High	0	0
roof surface cleaner	50	High	0	0
gum removal from concrete	50	High	0	0
commercial pressure washing prices	50	Low	0	0
karcher hd pressure washer	50	Unknown	0	0
roof cleaning and moss removal	50	High	0	0
concrete odor remover	50	Unknown	0	0
moss and gutter cleaning	0	Unknown	0	0
house cleaning pressure washer	50	Medium	0	0
gutter unclutter	0	Unknown	0	0
best way to clean a rug at home	50	Medium	0	0
best way to clean siding	50	High	0	0
patio pressure washing near me	50	High	0	0
moss on roof tiles removal	0	Unknown	0	0
flat roof cleaning services	50	Low	0	0
patio and driveway	50	High	0	0
house cleaning and carpet cleaning services	50	Unknown	0	0
steam clean roof tiles	0	Unknown	0	0
roof and exterior cleaning	50	Unknown	0	0
soft wash home exterior cleaning	50	Unknown	0	0
basement concrete cleaner	50	Unknown	0	0
soft wash house near me	50	Unknown	0	0
black owned power washing companies near me	0	Unknown	0	0
cleaning house outside walls	50	Unknown	0	0
hot water power washing near me	0	Unknown	0	0
domestic window cleaners	50	Unknown	0	0
cedar roof restoration	50	Unknown	0	0
roof cleaning windermere	0	Unknown	0	0
3200 psi power washer	50	High	0.11	0.36
power washing vinyl siding near me	0	Unknown	0	0
cost to clean roof shingles	50	Medium	0	0
window and roof cleaning	50	Unknown	0	0
vinyl siding house wash	50	Unknown	0	0
roof and gutter cleaning prices	50	Unknown	0	0
wood shake roof maintenance	50	Unknown	0	0
pressure washing rates near me	50	Unknown	0	0
hotsy pressure washer near me	50	High	0	0
exterior house washing cost	50	Unknown	0	0
tpo cleaner	50	High	0	0
remove black mold from concrete	50	Medium	0	0
psi pressure washing	50	High	0.86	4.23
powerwashing roof	50	Unknown	0	0
rays roof cleaning	50	Unknown	0	0
roof cleaning and maintenance	50	Unknown	0	0
garage concrete cleaner	50	Unknown	0	0
roof cleaning high wycombe	0	Unknown	0	0
wash roof tiles	50	Unknown	0	0
zep house and siding pressure wash	50	High	0	0
clay roof cleaning	50	High	0	0
power cleaning services near me	50	Unknown	0	0
roof cleaning average price	50	Unknown	0	0
a pressure washer	50	High	0	0
skylight systems	50	High	0	0
cost to soft wash house	50	Unknown	0	0
clean siding without pressure washer	50	High	0	0
valley roof care	0	Unknown	0	0
remove moss from roof near me	0	Unknown	0	0
exterior building washing	50	Unknown	0	0
cost to clean moss off roof	0	Unknown	0	0
skylight window cleaning near me	50	High	0	0
residential window cleaners in my area	50	Medium	0	0
average price to pressure wash a driveway	50	Medium	0	0
garage floor cleaner home depot	50	High	0	0
kill moss on driveway	50	Unknown	0	0
soft cleaning	50	Medium	0	0
roof demossing cost	0	Unknown	0	0
soft wash pros	50	Low	0	0
concrete cleaning business	50	Unknown	0	0
roof steam cleaning cost	50	Unknown	0	0
expert power wash	50	Medium	0.98	9.23
power wash basement floor	0	Unknown	0	0
joe power washer	50	High	0	0
karcher hot water pressure washer for sale	0	Unknown	0	0
affordable roof cleaning	50	High	0	0
ryobi high pressure washer	50	Unknown	0	0
wash pressure	50	High	0	0
best way to clean a roof	50	Unknown	0	0
roof maintenance company	50	Unknown	0	0
cost of soft washing house	50	Unknown	0	0
moss and lichen remover	0	Unknown	0	0
best steam cleaner for concrete floors	50	High	0	0
clearview roof cleaning	50	Low	0	0
remove leaves from roof gutter	50	Unknown	0	0
cedar shake roof maintenance cost	50	Medium	0	0
guttering systems	500	Low	5.41	35
home siding cleaning	50	High	0.22	13.91
mold armour ez house wash	50	High	0.43	4.65
concrete urine cleaner	50	Unknown	0	0
lime washing brick house	50	Low	0	0
foaming house wash	50	Unknown	0	0
professional gutter	50	Unknown	0	0
wet and forget metal roof cleaner	50	Unknown	0	0
green and clean moss removal	0	Unknown	0	0
pressureless roof cleaning	50	Unknown	0	0
house pressure washing in my area	0	Unknown	0	0
powerline pressure washer	50	High	0	0
kill mold on concrete	50	High	0	0
natural concrete cleaner	50	Low	0	0
pinnacle roof cleaning	0	Unknown	0	0
dryer vent cleaning through roof	50	High	0	0
soft wash moss removal	0	Unknown	0	0
concrete cleaning prices	50	Unknown	0	0
best way to kill moss on roof	50	Unknown	0	0
industrial concrete floor cleaner	50	Unknown	0	0
roof sparkle roof cleaner	50	Unknown	0	0
mobile pressure washing services near me	50	High	0	0
clean stains off concrete	50	High	0	0
remove rust from concrete driveway	50	High	0.31	3.73
powerboss pressure washer	50	High	0	0
best cedar shake cleaner	0	Unknown	0	0
remove leaf stains from concrete	50	Unknown	0	0
high pressure paving cleaning	50	Unknown	0	0
clean pine needles off roof	50	Unknown	0	0
average cost for pressure washing driveway	50	Medium	0	0
water pressure driveway cleaner	50	Unknown	0	0
velux flat roof sun tunnel	0	Unknown	0	0
moss removal company	50	Unknown	0	0
pressure washing cost per hour	50	Unknown	0	0
home couch cleaning	50	Low	0	0
driveway high pressure cleaning	50	Unknown	0	0
cost to get house power washed	50	High	0	0
soft wash pressure cleaning	50	Medium	0.82	11.37
krud kutter house and siding	50	High	0	0
average price of power washing a house	50	High	0	0
stained concrete floor cleaner	50	Low	0	0
roof cleaning average cost	50	Unknown	0	0
wipeout house washing	0	Unknown	0	0
cost to pressure wash house exterior	50	Medium	0	0
house wash guy	50	Unknown	0	0
power wash driveway cleaner	50	High	0	0
cost to power wash house siding	0	Unknown	0	0
concrete floor cleaning companies	50	Unknown	0	0
average cost to pressure wash a driveway	50	Medium	1.91	4.31
brick house cleaning service	0	Unknown	0	0
best way to clean roof shingles	50	High	0	0
roof cleaning lower hutt	0	Unknown	0	0
best indoor concrete floor cleaner	50	High	0	0
dicor roof cleaner	50	High	0	0
black streaks on roof	50	Low	0	0
house washing kapiti	0	Unknown	0	0
gentle pressure washing	50	High	0	0
simpson premium pressure washer	50	Unknown	0	0
f9 concrete cleaner	50	High	0	0
soft wash brick house	50	Unknown	0	0
copper west roofing	50	Unknown	0	0
house external cleaning	0	Unknown	0	0
tarmac cleaning services	0	Unknown	0	0
soft touch pressure washing	50	Low	0	0
power wash siding of house	50	Unknown	0	0
toilet pressure washer	50	Unknown	0	0
power washing window cleaning near me	50	Unknown	0	0
united softwash	50	Low	0	0
paving cleaning near me	500	Medium	9.57	24.93
honda water pressure washer	500	High	0.25	0.98
roof gutter cleaning service	50	Unknown	0	0
window cleaning and pressure washing near me	50	Unknown	0	0
jcb pressure washer	50	Unknown	0	0
commercial driveway cleaner	50	Low	0	0
full house pressure washing	50	Low	0	0
average cost of pressure washing house	50	Medium	2.2	6.68
ez mold armor	50	Low	0	0
good concrete cleaner	50	High	0.18	3.27
clean driveway stains	50	High	0	0
eagle pressure washer	50	Low	0	0
power cleaning near me	50	High	0	0
siding cleaning cost	50	Unknown	0	0
soft wash window cleaning	50	Medium	0	0
pressure washing cost for driveway	50	High	0	0
roof cleaning specialists	50	Unknown	0	0
clean your roof	50	High	0	0
home soft wash	50	High	0	0
best sidewalk cleaner	50	High	0	0
softwash roof cleaning cost	50	Medium	0	0
soft wash and pressure wash	50	Unknown	0	0
shingle wash	50	Unknown	0	0
cleaning the roof of a house	50	Low	0	0
pressure washing near me cost	50	Unknown	0	0
pressure clean roof tiles	50	Medium	5.12	37.05
best way to remove carpet glue from concrete	50	High	0	0
pressure washer sales and service	50	Medium	0	0
remove mold from concrete wall	50	Unknown	0	0
window washing and power washing near me	0	Unknown	0	0
driveway rust remover	50	High	0	0
power wash driveway price	50	Medium	2.44	7.45
soft wash pricing	50	Unknown	0	0
concrete mold cleaner	50	Low	0	0
house and deck wash	50	Unknown	0	0
pressure washer for house exterior	50	Medium	0	0
gunk driveway cleaner	50	High	0	0
southeast house wash	0	Unknown	0	0
pet urine enzyme cleaner for concrete	50	Unknown	0	0
clean concrete without pressure washer	50	Unknown	0	0
snow removal off roof near me	0	Unknown	0	0
house tile cleaning	50	Unknown	0	0
best roof cleaning company	50	Unknown	0	0
jake's gutter & roof cleaning	50	Unknown	0	0
best way to clean roof tiles	50	High	3.58	15
roof moss and lichen removal	0	Unknown	0	0
drive and patio cleaning near me	0	Unknown	0	0
soft wash and treatment	0	Unknown	0	0
roof gutter maintenance	50	Unknown	0	0
outside house cleaning near me	50	Unknown	0	0
power washing side of house	50	Unknown	0	0
roof tile cleaner near me	50	Unknown	0	0
best power washer for house	50	Unknown	0	0
roof cleaning redlands	0	Unknown	0	0
get rust off concrete	50	High	0	0
power washing a house vinyl siding	50	Unknown	0	0
best outdoor concrete cleaner	50	Unknown	0	0
average price for driveway pressure washing	50	Medium	0	0
gutter sweep	50	Medium	0	0
karcher pressure washer near me	50	Unknown	0	0
soft scrub pressure washing	50	Low	0	0
up on the roof chimney sweep	50	Unknown	0	0
cost to power wash exterior of house	50	Unknown	0	0
soft washing vinyl siding	50	Low	0	0
getting grease off concrete	50	High	0	0
pressure clean driveway cost	50	Medium	2.44	7.45
average cost power wash house	50	Medium	2.2	6.68
price per square foot pressure washing	50	Unknown	0	0
concrete washer for pressure washer	50	Unknown	0	0
premier softwash	50	Unknown	0	0
pressure washing certification	50	Low	0	0
best pressure washing service near me	50	High	0	0
delta pressure washer	50	Unknown	0	0
jet wash patio near me	0	Unknown	0	0
best way to clean driveway	50	High	0.36	5.5
best carpet glue remover from concrete	50	High	0	0
power clean house	50	Unknown	0	0
clear gutter downspout	50	Unknown	0	0
dewalt power wash	50	High	0.2	0.94
softwasher	50	Unknown	0	0
siding soft wash	50	Unknown	0	0
hydro washer	50	High	0	0
hot washer	50	Low	0	0
paratex roofing	0	Unknown	0	0
pressure wash concrete patio	50	Unknown	0	0
gentle power washing	50	Unknown	0	0
best way to clean metal roof	50	High	0	0
pressure wash soft wash	50	Unknown	0	0
german pressure washer	50	High	0	0
price for power washing driveway	50	High	0	0
cement tile cleaner	50	High	0.44	12.44
hydro pressure washer	50	Medium	0	0
house wall cleaning	50	Unknown	0	0
enzymatic cleaner for concrete	50	High	0	0
home pressure washing companies	50	Unknown	0	0
clean mold off roof	50	High	0	0
floor cleaner for concrete	50	High	0.68	6.96
roof and driveway cleaning	50	Unknown	0	0
concrete patio cleaning service	50	Unknown	0	0
dewalt washer	50	Unknown	0	0
driveway cleaning cost per square metre	0	Unknown	0	0
shingle shield roof cleaner	50	Unknown	0	0
professional high pressure washer	50	Unknown	0	0
worx washer	50	Unknown	0	0
power washing rates near me	0	Unknown	0	0
roof treatment services	50	Unknown	0	0
exterior home cleaning services near me	50	High	0	0
cost to power wash concrete	50	Unknown	0	0
average cost to clean a roof	50	High	0	0
all power pressure washer	50	Unknown	0	0
clean garage floor stains	50	High	0	0
etch concrete	50	High	0.32	2.38
concrete countertop cleaner	50	High	0	0
clearview roof cleaning & moss removal	50	Unknown	0	0
best way to clean garage concrete floor	50	High	0	0
block paver cleaner	50	Unknown	0	0
under pressure cleaning services	50	Unknown	0	0
home wall cleaning services	0	Unknown	0	0
mini pressure washer for bathroom	50	High	0	0
exterior soft wash	50	High	0	0
concrete power washing companies near me	0	Unknown	0	0
power washer for concrete driveway	50	High	0	0
simple green pressure washer	50	High	0	0
soft washing house exterior	50	Unknown	0	0
home cleaning and carpet cleaning	0	Unknown	0	0
roof cleaning weston	50	Unknown	0	0
detailed home cleaning	50	Unknown	0	0
getting stains out of concrete	50	High	0	0
wash garage floor	50	High	0.71	5.13
hot water pressure washer service near me	50	High	0	0
cleaning the outside of your house	50	High	0	0
power wash cost for driveway	50	High	0	0
cost to pressure wash house and driveway	50	High	0	0
soft wash exterior cleaning	50	Unknown	0	0
power washing soft wash	50	Unknown	0	0
best pressure washer for soft washing	50	Unknown	0	0
pressure washing and soft washing	50	Unknown	0	0
driveway and patio	50	High	0	0
average cost for power washing house	50	Unknown	0	0
power washer for sidewalks	50	High	3.2	18.01
sparkle house washing	50	Unknown	0	0
roof washing company	50	Low	8.7	21.07
pressure washing around me	50	Low	0	0
clean driveway without pressure washer	50	High	0	0
power wash metal roof	50	Low	0	0
power washing deals near me	50	Unknown	0	0
shingle roof treatment	50	High	0	0
eco pressure washer	50	High	0	0
cleaning lichen off polycarbonate roof	0	Unknown	0	0
concrete mildew cleaner	50	Unknown	0	0
pressure wash siding of house	50	Unknown	0	0
high pressure washing services near me	50	Unknown	0	0
deck power washing services near me	50	Unknown	0	0
roof anti moss treatment	0	Unknown	0	0
south sound softwash	50	Unknown	0	0
lichen treatment for roof	0	Unknown	0	0
best concrete paver cleaner	50	Unknown	0	0
best way to clean indoor concrete floors	50	Unknown	0	0
mold armor concrete driveway and sidewalk cleaner	50	High	0	0
concrete floor cleaning cost per square foot	0	Unknown	0	0
average cost of power washing a driveway	50	Unknown	0	0
cost of house power wash	50	Unknown	0	0
exterior wash house	50	Unknown	0	0
pressure wash roof from ground	50	Unknown	0	0
wet & forget roof cleaner	50	Medium	0	0
ceiling stained from water leak	0	Unknown	0	0
1400 psi pressure washer	50	High	0	0
washing walls in house	50	High	0	0
best power washer for vinyl siding	50	High	0	0
clean siding with pressure washer	50	Medium	0	0
best way to get rid of moss on roof	50	Unknown	0	0
ar blue clean power washer	50	High	0	0
clean moss off roof cost	0	Unknown	0	0
clearing moss from roof tiles	0	Unknown	0	0
soft clean pressure washing	50	Unknown	0	0
premier house washing	50	Unknown	0	0
tarmac cleaning	50	Unknown	0	0
best cleaner for concrete basement floor	0	Unknown	0	0
sun pressure washer	50	Unknown	0	0
pressure washer servicing near me	5000	Medium	5.13	20.61
power washing driveway business	50	Unknown	0	0
baker softwash	50	Unknown	0	0
blue power washer	50	High	0	0
greenworks pro 2300 pressure washer	50	High	0	0
best shingle cleaner	50	Medium	0	0
clean off concrete remover	50	Unknown	0	0
best tile roof cleaner	50	High	0	0
wash your house	50	Unknown	0	0
eco green roof cleaning	50	Medium	3.35	11.27
honda karcher pressure washer	50	High	0	0
best way to clean stained concrete floors	50	Unknown	0	0
done gutter	50	Unknown	0	0
unclutter gutter	50	Unknown	0	0
soft scrub cleanser	50	High	0	0
pressure wash services residential	50	Unknown	0	0
get leaves off roof	50	Unknown	0	0
best way to clean siding on house	50	Unknown	0	0
roof cleaning jupiter	50	Unknown	0	0
soft wash shingle roof cleaning	50	High	0	0
roof mould treatment	0	Unknown	0	0
house rug cleaning	50	Medium	0	0
grease off concrete	50	High	0	0
remove mold from concrete floor	50	Unknown	0	0
cleaning lichen off roof	50	Unknown	0	0
rust out of concrete	50	High	0	0
driveway grease remover	50	High	0	0
cost to clean driveway	50	Unknown	0	0
best concrete surface cleaner	50	Unknown	0	0
roof pressure cleaning price	50	High	1.82	15
bel air soft wash	0	Unknown	0	0
top rated pressure washing services near me	50	Unknown	0	0
jomax house wash	50	Unknown	0	0
top rated home pressure washers	50	High	0.32	1.16
best power washer for house siding	50	Unknown	0	0
crystal clear roofing	0	Unknown	0	0
full house carpet cleaning price	0	Unknown	0	0
water pressure roof cleaning	0	Unknown	0	0
pressure washer cost for house	50	Unknown	0	0
power house pressure washer	50	High	0	0
roof cleaning from the ground	50	Unknown	0	0
pressure wash basement floor	0	Unknown	0	0
ryobi one plus pressure washer	50	High	0	0
stop moss on roof	0	Unknown	0	0
pro clean roof cleaning	50	Low	0	0
best cleaner for stained concrete floors	50	Unknown	0	0
best way to pressure wash driveway	50	High	0.38	4.43
roof jet wash near me	0	Unknown	0	0
roof top cleaning	50	Unknown	0	0
clean area rug at home	50	High	0.55	5.57
best way to remove rust from concrete	50	High	0	0
commercial building washing	50	Unknown	0	0
park home roof cleaning	0	Unknown	0	0
best window cleaners for home	0	Unknown	0	0
roof cleaning prices near me	50	Low	0	0
mold on shingles removal	50	High	0	0
bio shield roof cleaner	50	Unknown	0	0
best roof shingle cleaner	50	Medium	0	0
fire house pressure washing	50	Low	0	0
soft wash home	50	Unknown	0	0
clean rust stains off concrete	50	High	0.22	3.24
removing efflorescence from concrete	50	Medium	0	0
bissell powerwash	50	High	0	0
cost of driveway pressure washing	50	Low	0	0
best way to remove snow from roof	50	Unknown	0	0
driveway pressure cleaning cost	50	Medium	2.44	7.45
power washer to clean house	50	High	3.79	21.67
safe concrete cleaner	50	Unknown	0	0
rust on concrete	50	Medium	0	0
best pressure washer cleaner for concrete	50	Unknown	0	0
steel roof cleaner	50	High	0.66	16.86
high pressure water washer	50	Unknown	0	0
power eagle pressure washer	50	High	0	0
simple green house wash	50	High	0	0
gutter and roof cleaning services	50	Unknown	0	0
pressure washer pressure	5000	High	0.28	4.83
average price for pressure washing driveway	50	Medium	0	0
house soft wash cost	50	Unknown	0	0
0800 house wash	0	Unknown	0	0
powell's pressure washing	50	Low	0	0
concrete algae cleaner	50	Unknown	0	0
rubber roof treatment	50	High	0	0
soft wash slate roof	50	Unknown	0	0
concrete deck cleaner	50	High	0	0
lichen roof cleaning	0	Unknown	0	0
ryobi premium electric pressure washer	50	High	0	0
good pressure washer for house	50	Unknown	0	0
all clean roof cleaning	0	Unknown	0	0
average price for pressure washing house	50	High	0	0
power washing house cost near me	50	Unknown	0	0
cost to pressure wash driveway and sidewalk	50	Unknown	0	0
power wash moss off roof	0	Unknown	0	0
soft touch house washing	0	Unknown	0	0
soft washing long island	50	Unknown	0	0
best way to clean concrete basement floor	50	Unknown	0	0
domestic pressure washer	50	Unknown	0	0
remove moss	50	Medium	0	0
30 seconds house wash	50	High	0	0
grace roof and gutter cleaning	0	Unknown	0	0
roof care services	0	Unknown	0	0
superior exterior cleaning	50	Low	0	0
average cost to have driveway pressure washed	50	Medium	0	0
mould on concrete removal	50	High	0	0
power wash stucco house	50	Medium	1.98	14.37
ionic cleaner for concrete	0	Unknown	0	0
cost to get driveway pressure washed	50	Unknown	0	0
local pressure cleaning	50	High	2.1	13.3
northwest roof care	50	Unknown	0	0
average house pressure washing cost	50	Unknown	0	0
driveway cleanup	50	Unknown	0	0
can you seal concrete	50	High	0	0
soft wash for vinyl siding	50	High	0	0
polycarbonate roof cleaner	50	Unknown	0	0
eco friendly house wash	50	Unknown	0	0
average price for pressure washing a driveway	50	Medium	0	0
best roof cleaner for moss	50	Unknown	0	0
cleaning mold off concrete	50	Unknown	0	0
average cost to clean roof	50	Unknown	0	0
remove urine from concrete	50	High	0	0
best way to power wash driveway	50	High	0.38	4.43
roof cleaning stafford	0	Unknown	0	0
pressure washer for deck psi	50	Unknown	0	0
gentle house washing	50	Unknown	0	0
roof brite	50	Unknown	0	0
cleaning out dryer vent on roof	50	High	0	0
biowash roof cleaning	50	Unknown	0	0
deep clean carpet at home	50	Unknown	0	0
house siding pressure wash	50	Low	0	0
total pressure washer	50	High	0	0
roof scrubber	50	Unknown	0	0
average price for house pressure washing	50	Unknown	0	0
price of pressure washing a house	50	Unknown	0	0
kranzle pressure washer price	50	Unknown	0	0
jefferson power washer	50	Unknown	0	0
residential rug cleaning	50	High	0	0
cleaning mold from vinyl siding	50	High	0	0
washing a roof	50	High	4.69	14.7
roof shampooing	50	High	2.18	6.92
metal roof washers	50	Unknown	0	0
pressure washing cleaning services near me	50	Medium	0	0
roof cleaning service cost	50	Unknown	0	0
best cleaner for painted concrete floors	50	High	0	0
glass roof cleaning services	0	Unknown	0	0
home armor ez house wash	50	Unknown	0	0
best pressure washing services near me	50	High	0	0
environmentally friendly concrete cleaner	50	Low	0	0
ameripolish rejuvenating cleaner	50	High	0	0
roof cleaning shoreline	0	Unknown	0	0
clean moss off concrete	50	Unknown	0	0
shingle mold remover	50	Unknown	0	0
skylight window cleaner	0	Unknown	0	0
best mold and mildew remover for concrete	50	Unknown	0	0
eco friendly roof cleaner	50	Low	0	0
clean my roof cape cod	50	Unknown	0	0
best mold remover for cinder block	0	Unknown	0	0
high pressure washer price	50	Unknown	0	0
cleaning concrete pool deck	50	High	0	0
cedar shake cleaning	50	Unknown	0	0
concrete sidewalk cleaner	50	High	0	0
ryobi concrete cleaner	50	High	0	0
any gutter cleaned	0	Unknown	0	0
remove grease stains from concrete	50	Unknown	0	0
best pressure washer for patio cleaning	50	Unknown	0	0
koblenz pressure washer	50	Unknown	0	0
best foaming house wash	50	Unknown	0	0
concrete clean up	50	Unknown	0	0
armor house wash	50	Unknown	0	0
soft cleaning services	50	Unknown	0	0
heavy duty high pressure washer	0	Unknown	0	0
south shore soft wash	50	Unknown	0	0
sandblasting with pressure washer	50	High	0.28	0.85
can you use pine sol on concrete	50	Unknown	0	0
blue clean electric pressure washer	50	Low	0	0
patio roof cleaning	50	Unknown	0	0
power care pressure washer	50	High	0	0
asphalt driveway cleaning	50	Low	0	0
tin roof cleaning	50	High	0.66	16.86
pressure wash stucco house	50	Medium	1.98	14.37
clean and pristine house cleaning	50	Medium	0	0
powdered concrete cleaner	50	High	0	0
green tiger softwash	50	Low	0	0
concrete surface cleaner pressure washer	50	Unknown	0	0
h2o house washing	0	Unknown	0	0
powerworks pressure washer	50	Unknown	0	0
best homeowner power washer	50	High	0.32	1.16
what's the best concrete cleaner	50	High	0	0
power washing per hour	0	Unknown	0	0
service pressure washer near me	500	High	6.42	28.66
cleaning outside of house with pressure washer	50	Unknown	0	0
zep concrete floor cleaner	50	High	0	0
125mm gutter	0	Unknown	0	0
local jet washing services	0	Unknown	0	0
cleaning asphalt roof shingles	50	High	2.22	12.77
cooke pressure washing	50	Low	0	0
residential power washing companies	50	Unknown	0	0
best way to clean walls in house	50	High	0.11	4.5
best way to remove rust stains from concrete	50	High	0	0
pressure washing driveway business	50	Unknown	0	0
no pressure power washing	50	Medium	3.59	11.8
xstream pressure washer	50	High	0	0
driveway wash cost	50	High	0	0
power wash wood siding	50	Medium	0	0
concrete tile cleaner	50	High	0.44	12.44
best undercarriage pressure washer	50	Unknown	0	0
mcalister pressure washer	50	Low	0	0
rustoleum concrete cleaner	50	High	0	0
best way to clean your house	50	High	0	0
average cost to soft wash a house	50	Unknown	0	0
undercarriage power washer	50	High	0.32	0.63
eco wash roof and house wash	50	High	0	0
steam cleaning concrete driveway	50	Unknown	0	0
power clean driveway	50	Unknown	0	0
concrete roof cleaning	50	Unknown	0	0
pressure wash siding near me	50	Unknown	0	0
remove water stains from concrete basement floor	50	Unknown	0	0
cleaning roof valleys from the ground	0	Unknown	0	0
honda pressure washer near me	50	High	0	0
marley deep flow guttering	0	Unknown	0	0
mopping concrete floor	50	High	0	0
the roof cleaning experts	0	Unknown	0	0
cleaning mildew off roof shingles	50	Unknown	0	0
cleaning brick walls exterior	0	Unknown	0	0
clean your driveway	50	Unknown	0	0
hotsy pressure washers near me	50	High	0	0
moss killer for roof shingles	50	Unknown	0	0
low country soft wash	0	Unknown	0	0
sealed concrete floor cleaner	50	High	0	0
the roof cleaning company	0	Unknown	0	0
cost to get roof cleaned	0	Unknown	0	0
all clean house washing	0	Unknown	0	0
pet friendly concrete cleaner	50	Unknown	0	0
get grease out of concrete	50	High	0	0
roof treatment company	50	Unknown	0	0
what's the best way to clean concrete	50	Unknown	0	0
a1 roof cleaning	50	Medium	0	0
powerwash bros	50	Low	0	0
roof softwashing	50	High	8.46	33.49
pressure washer place near me	50	Unknown	0	0
concrete residue remover	50	High	0	0
clean snow off roof	50	Unknown	0	0
moss cleaning roof cost	0	Unknown	0	0
powerhouse power wash	50	High	0	0
best way to wash vinyl siding	50	Unknown	0	0
best way to remove ceramic tile from concrete	50	Medium	0	0
cost to clean carpets in house	0	Unknown	0	0
pressure washer edger	50	Unknown	0	0
best rated home pressure washer	50	High	0.32	1.16
clean time softwash	0	Unknown	0	0
ph neutral polished concrete floor cleaner	0	Unknown	0	0
clean algae off siding	50	Unknown	0	0
pressure wash exterior house cost	50	Medium	0	0
driveway power washing companies near me	50	Unknown	0	0
concrete cleaning cost per square foot	0	Unknown	0	0
pet urine concrete cleaner	50	Unknown	0	0
moss killer for roof tiles	0	Unknown	0	0
terracotta roof maintenance	50	Low	0	0
remove pine needles from roof	50	High	0	0
clean grease from concrete	50	High	0.2	4.5
good power washer for house	0	Unknown	0	0
power washing cedar siding	50	Unknown	0	0
softwashing house	50	Unknown	0	0
cleaning slate roof tiles	50	Unknown	0	0
paving cleaning prices	50	Unknown	0	0
power wash mildew siding	0	Unknown	0	0
glass roof cleaning	50	Low	0	0
concrete dust cleaner	50	Low	0	0
sh concrete cleaner	50	High	0	0
cost to have home pressure washed	50	Unknown	0	0
best way to clean basement floor	0	Unknown	0	0
home armor house wash	50	Unknown	0	0
driveway and patio cleaning near me	0	Unknown	0	0
cedar shake roof treatment	0	Unknown	0	0
30 seconds concrete cleaner	50	High	0	0
power wash cement driveway	50	Medium	0	0
remove stains from driveway	50	High	0.23	5.42
supreme soft wash	50	Unknown	0	0
lichen removal from roof tiles	50	Unknown	0	0
cedar shingle roof maintenance	50	Unknown	0	0
softwashing business	50	Unknown	0	0
painted concrete floor cleaner	50	High	0	0
concrete moss remover	50	Unknown	0	0
best way to remove concrete	50	High	0	0
best siding wash	50	Unknown	0	0
cost to have a house pressure washed	50	Unknown	0	0
residential pressure washing prices	50	High	0	0
pine sol on concrete	50	Unknown	0	0
best pressure washer for driveway cleaning	50	High	0	0
krud kutter concrete cleaner	50	High	0	0
moss on asphalt shingles	0	Unknown	0	0
360 soft wash	50	Unknown	0	0
concrete porch cleaner	50	Low	0	0
water stains on concrete floor	50	Low	0	0
concrete cleaning gold coast	0	Unknown	0	0
best way to clean outside of house	50	High	0	0
clean algae off concrete	50	High	0	0
velux window cleaner	0	Unknown	0	0
roof valley cleaning	50	Unknown	0	0
remove pet urine from concrete	50	High	0	0
pressure washer for outside of house	50	Unknown	0	0
stanley high pressure washer	50	Unknown	0	0
concrete floor pressure washer	50	High	0	0
average cost to have house pressure washed	50	Medium	0	0
cost to tarmac a drive	50	High	0	0
honda ryobi pressure washer	50	Medium	0	0
cleaning mold off vinyl siding	50	Unknown	0	0
mold armor ez deck wash	50	Unknown	0	0
soft exterior house washing	0	Unknown	0	0
clearview house washing	0	Unknown	0	0
residential pressure cleaning	50	Low	0	0
patriot power washing near me	0	Unknown	0	0
soft wash metal roof	50	High	0	0
clean mold off roof shingles	50	Unknown	0	0
cleaning the carpet at home	0	Unknown	0	0
wash brick house	50	Low	0	0
cost to clean roof tiles	50	Unknown	0	0
concrete mould remover	0	Unknown	0	0
power wash paver driveway	50	Medium	5.31	23.4
powerwash concrete cleaner	50	High	0.35	4.5
vinyl siding cleaning cost	0	Unknown	0	0
driveway pressure washing companies near me	50	Low	0	0
gentle pressure roof & exterior cleaning	0	Unknown	0	0
grease stains on concrete	50	Medium	0	0
rust on concrete remover	50	High	0	0
la softwash	50	Low	0	0
hydro power washer	50	High	0	0
pressure washer for driveway psi	50	High	0	0
safari softwash	50	Unknown	0	0
water damage & roofing	50	Low	0	0
high pressure washer near me	50	Unknown	0	0
metal roof treatment	50	Medium	0	0
power hosing near me	50	High	0	0
gutter green	50	Low	0	0
maverick softwash	50	Unknown	0	0
washing the outside of your house	50	Unknown	0	0
average price for power washing a house	50	Medium	2.2	6.68
clean mildew off concrete	50	Unknown	0	0
patio driveway cleaning services	0	Unknown	0	0
roof cleaning livingston	0	Unknown	0	0
driveway gurney cleaning	0	Unknown	0	0
concrete cleaning cost	50	Unknown	0	0
power house power washing	50	Unknown	0	0
power washing and soft washing	50	Unknown	0	0
water washer	50	Low	0	0
best way to kill mold on concrete	50	High	0	0
island soft wash	50	Unknown	0	0
roof cleaner for pressure washer	50	Unknown	0	0
power washing brick house cost	50	Unknown	0	0
roof stain cleaner	50	Unknown	0	0
mobile house washing	0	Unknown	0	0
removing carpet from concrete	50	Medium	0	0
driveway patio cleaning	0	Unknown	0	0
ecotek soft wash	50	Unknown	0	0
clean mildew off siding	50	Unknown	0	0
best home pressure washer 2022	0	Unknown	0	0
whites house washing	0	Unknown	0	0
eternabond cleaner	50	High	0	0
cleaning cedar shingles	50	Unknown	0	0
rustoleum driveway cleaner	50	High	0	0
best mold remover for concrete basement walls	50	High	0	0
soft wash cambridge	0	Unknown	0	0
lowes driveway cleaner	50	High	0	0
best asphalt shingle cleaner	50	High	0	0
ryobi brushless pressure washer	50	High	0	0
garage floor cleaner lowes	50	Unknown	0	0
tarmac driveway cleaning services	50	Unknown	0	0
average cost to get house pressure washed	50	Unknown	0	0
roof pressure washing companies near me	50	High	0	0
clean moss of roof	50	High	0	0
clean home pressure washing	0	Unknown	0	0
mold armor concrete cleaner	50	Low	0	0
best way to remove mold from roof shingles	0	Unknown	0	0
best concrete cleaner for mold and mildew	50	High	0	0
commercial pressure washing services	50	Low	0	0
goo gone concrete cleaner	50	High	0	0
average price for driveway cleaning	50	Unknown	0	0
brick and concrete cleaner	50	Unknown	0	0
metal roof care	50	Unknown	0	0
best way to clean area rug at home	50	High	0.03	1.32
stained driveway	50	High	0.97	6.14
zep all in one pressure wash	50	High	0	0
roof snow cleaner	0	Unknown	0	0
concrete mixer cleaner	50	Low	0	0
home floor cleaners	50	Medium	0	0
american softwash	50	Unknown	0	0
commercial concrete pressure washer	50	Unknown	0	0
best thing to clean concrete floors	50	High	0	0
epdm roof cleaner	50	High	0	0
best power washer for concrete driveway	50	Unknown	0	0
waspper pressure washer	50	High	0	0
concrete block cleaner	50	Unknown	0	0
garage roof cleaning	0	Unknown	0	0
sunjoe water pressure washer	50	Unknown	0	0
moss and algae killer for roofs	50	High	0	0
stains on concrete patio	50	Unknown	0	0
whirlaway roof cleaner	0	Unknown	0	0
cleaning dryer vent that goes to roof	50	Low	0	0
pressure wash composite deck	50	Unknown	0	0
water stains on basement concrete floor	50	Unknown	0	0
roof algae treatment	50	Medium	0	0
best way to remove tile from concrete	50	High	0	0
zinc sulfate roof treatment	0	Unknown	0	0
soft wash driveway	50	High	0	0
get rust out of concrete	50	High	0	0
foaming roof cleaner	50	High	0	0
karcher high pressure washer price	0	Unknown	0	0
moss cleaner for concrete	50	Unknown	0	0
experienced roof & gutter cleaning	50	Unknown	0	0
pressure washing rates per square foot	50	Medium	1.32	4.69
can you seal concrete driveway	50	High	0	0
house washing and window cleaning	50	Unknown	0	0
moss on house roof	50	Unknown	0	0
best way to power wash concrete	50	High	0	0
drive way wash	50	Unknown	0	0
stained concrete driveways	50	High	0.44	4.63
platinum power wash	50	Low	0	0
best way to pressure wash concrete	50	High	0	0
soft wash cleaning services	50	Unknown	0	0
cleaning rust stains from concrete	50	High	0.22	3.24
average cost of house power washing	0	Unknown	0	0
best way to clean exterior of house	50	High	0	0
best pressure washer for house and driveway	50	High	0	0
heavy duty driveway cleaner	50	Unknown	0	0
soft washing aluminum siding	50	Unknown	0	0
black mold on roof shingles	50	High	0	0
concrete wall cleaner	50	Unknown	0	0
get rust stains off concrete	50	High	0	0
pressure washer in stock near me	50	Unknown	0	0
basement wall cleaner	0	Unknown	0	0
zep garage floor cleaner	50	High	0	0
roof mould cleaner	50	High	0	0
black algae roof cleaner	50	Unknown	0	0
soft washing fence	50	High	0	0
total roof clean	0	Unknown	0	0
roof window cleaning	0	Unknown	0	0
cedar shingle maintenance	50	Low	0	0
pressure washer for brick house	50	Medium	0	0
best way to clean driveway with pressure washer	50	Unknown	0	0
painted concrete cleaner	50	Unknown	0	0
dryer vent clogged on roof	50	Medium	0	0
remove grease from concrete patio	50	Unknown	0	0
remove mold from siding of house	50	Unknown	0	0
soft wash gutter cleaning	50	Unknown	0	0
average cost for pressure washing house	50	Unknown	0	0
removing moss from asphalt shingles	50	Unknown	0	0
pro roof cleaning	50	High	10	19.55
a better gutter	50	Unknown	0	0
concrete surface cleaner for pressure washer	50	Unknown	0	0
average pressure washing driveway cost	50	Unknown	0	0
roof cleaning bury	0	Unknown	0	0
softwashing roof	50	High	2.24	9.72
roof cleaning stirling	0	Unknown	0	0
cost per square foot to pressure wash driveway	50	Unknown	0	0
roof cleaning margate	0	Unknown	0	0
what's the best thing to clean concrete with	50	Unknown	0	0
average cost of power washing driveway	50	Unknown	0	0
mold armour deck wash	50	Unknown	0	0
concrete truck cleaner	50	High	0	0
roof cleaning and coating	50	High	0	0
roof cleaner pressure washer	50	Unknown	0	0
pressure washing shingles	50	High	9.74	20
washer house	500	Low	0.84	1.47
best vinyl siding wash	50	High	0.19	0.49
power washing shingles	50	High	9.74	20
alkaline concrete cleaner	50	Low	0	0
apex softwash	50	Low	0	0
gutter clutter	50	Unknown	0	0
remove mildew from concrete	50	High	0	0
orange pressure washer	50	Medium	0	0
sh roof cleaner	50	High	0	0
kill mold on roof shingles	50	High	0	0
best way to clean stained concrete	50	Unknown	0	0
best concrete pool deck cleaner	50	Unknown	0	0
soft wash cost	50	Unknown	0	0
acidic concrete cleaner	50	High	0	0
cleaning tarmac driveway	0	Unknown	0	0
ez house wash mold armor	50	Unknown	0	0
roof cleaners moss removal	0	Unknown	0	0
soft touch power wash	50	High	0	0
soft clean house	0	Unknown	0	0
good pressure washer for concrete	50	Unknown	0	0
pressure washing per sq ft	50	Medium	1.32	4.69
ipower pressure washer	50	Unknown	0	0
top roof cleaning	0	Unknown	0	0
windex house wash	50	Unknown	0	0
getting rust stains out of concrete	50	Unknown	0	0
strongest concrete cleaner	50	High	0.18	0.77
surface cleaner for concrete	50	High	0	0
best way to clean shingles	50	High	0	0
clean cement off bricks	50	Unknown	0	0
coastal soft wash	50	Medium	0	0
get rid of moss on driveway	0	Unknown	0	0
house roof cleaning cost	50	Unknown	0	0
deep clean concrete floor	50	Unknown	0	0
best way to clean moss off roof tiles	0	Unknown	0	0
moss growing on my roof	0	Unknown	0	0
dryer vents through roof	50	Unknown	0	0
best pressure washer to clean house	0	Unknown	0	0
toledo roof cleaning	0	Unknown	0	0
best slate roof cleaner	0	Unknown	0	0
cleaning outside the house	50	High	3.7	14.36
pressure washing asphalt shingles	50	Unknown	0	0
best way to remove stains from concrete	50	High	0	0
tsp roof cleaner	50	Unknown	0	0
best way to clean brick house	50	Unknown	0	0
best roof wash	50	Unknown	0	0
house jet wash	0	Unknown	0	0
eco friendly driveway cleaner	50	High	0	0
psi needed to clean concrete	50	Low	0	0
limewashing brick exterior	50	Medium	0	0
pressure washer for a house	50	Unknown	0	0
clean rust from concrete	50	High	0.12	3.18
brick paving cleaning	50	Medium	0.65	17.04
db360 soft wash	50	Unknown	0	0
price to pressure wash a driveway	50	High	2.99	10
blue flamingo softwash	50	Unknown	0	0
average price to pressure wash driveway	50	Medium	0	0
roofcleaner	0	Unknown	0	0
no rinse house wash	50	Unknown	0	0
remove concrete from brick	50	Unknown	0	0
get rid of moss on concrete	50	Unknown	0	0
best rust remover for patio slabs	50	Unknown	0	0
professional driveway pressure washer	50	Unknown	0	0
average price for power washing a driveway	50	Unknown	0	0
best pressure washer for concrete driveway	50	Unknown	0	0
premier power wash & roof cleaning	0	Unknown	0	0
best way to remove concrete slab	50	Low	0	0
soft washing siding	50	Unknown	0	0
house glass cleaning	50	Unknown	0	0
soft wash concrete	50	High	0	0
roof mildew remover	50	High	0	0
best roof mold remover	50	Unknown	0	0
super cheap pressure washer	0	Unknown	0	0
cleaning brick driveway	50	Low	0	0
water blasting driveways	0	Unknown	0	0
dewalt water pressure washer	50	Unknown	0	0
a1 house washing	0	Unknown	0	0
pro clean soft wash	50	Unknown	0	0
ac pressure washer	50	High	0	0
concrete driveway wash	500	High	0.55	10.68
the best way to clean vinyl siding	50	Unknown	0	0
karcher wash	50	Unknown	0	0
best way to clean sidewalk	50	High	0	0
best floor cleaner for polished concrete	50	Unknown	0	0
moss on slate roof	50	Low	0	0
clean your carpet at home	50	Unknown	0	0
scrubbing concrete floors	50	Unknown	0	0
average cost to power wash driveway	50	Unknown	0	0
cheap power washers near me	50	Unknown	0	0
best way to remove tile floor from concrete	50	High	0.44	3.12
easiest way to clean concrete	50	Unknown	0	0
low pressure roof washing	50	Low	0	0
cleaning polycarbonate roofing sheets	0	Unknown	0	0
pressure washer for the house	50	Unknown	0	0
power wash inside house	50	Unknown	0	0
sh house wash	50	Unknown	0	0
chester gutter	50	Low	0	0
remove urine stains from concrete	0	Unknown	0	0
sidewalk pressure washing near me	50	Unknown	0	0
referred roof cleaning & exteriors	50	Unknown	0	0
brown's pressure washing and roof cleaning	0	Unknown	0	0
removing tannin stains from concrete	50	High	0	0
stains out of concrete	50	Unknown	0	0
clean walls in house	50	Unknown	0	0
westinghouse epx3050	50	High	0	0
best way to clean painted concrete floors	50	Unknown	0	0
roof cleaning epping	0	Unknown	0	0
best cleaner for unsealed concrete floors	50	Unknown	0	0
simpson pressure washers near me	50	High	0	0
best way to remove moss from tarmac	0	Unknown	0	0
safeguard soft wash	50	Low	0	0
pressure services	50	Medium	0	0
biodegradable house wash	50	Low	0	0
mister softwash	50	Unknown	0	0
krud kutter concrete	50	Unknown	0	0
moss off roof tiles	0	Unknown	0	0
soft wash house prices	50	High	0	0
efflorescence concrete cleaner	50	Low	0	0
cleaning inside roof of house	0	Unknown	0	0
cleaning a dryer vent on the roof	50	High	0	0
soft washing cedar shingles	50	Unknown	0	0
best way to clean rendered outside walls	0	Unknown	0	0
east coast soft wash	50	Unknown	0	0
power wash house exterior cost	50	Unknown	0	0
cost of soft wash roof cleaning	50	Unknown	0	0
mopping garage floor	50	High	0	0
patio cleaning business	0	Unknown	0	0
best way to clean asphalt shingles	50	High	0	0
cedar roof cleaning cost	0	Unknown	0	0
average cost for house pressure washing	50	Unknown	0	0
cleaner for cement floor	50	High	0.68	6.96
the best way to clean concrete	50	Unknown	0	0
keeping moss off roof	0	Unknown	0	0
dr powerwash	50	Low	0	0
soft wash tile roof	50	Low	8.45	17.9
best asphalt roof cleaner	50	Low	0	0
pressure wash aluminum siding	50	Unknown	0	0
top roof care	50	Unknown	0	0
power washing your driveway	50	High	0	0
best way to remove glue from concrete	50	High	0	0
pressure wash porch ceiling	0	Unknown	0	0
amazon concrete cleaner	50	High	0	0
pressure wash asphalt driveway	50	Unknown	0	0
apex roof cleaning	50	Unknown	0	0
high pressure house washing	50	Unknown	0	0
clean roof from ground	50	High	0	0
amway concrete cleaner	50	Unknown	0	0
remove cement from brick	50	High	0	0
pow pow power washing	50	Low	0	0
cleaning brick exterior	50	Low	0	0
30 seconds roof and awning cleaner	0	Unknown	0	0
scraping moss off roof	0	Unknown	0	0
remove stains from concrete floor	50	Unknown	0	0
pressure washing prices per sq ft	50	Medium	0	0
softwashsystems	500	High	0.59	6.98
power washer psi for concrete	50	Medium	0	0
best way to clean up drywall dust on concrete floor	50	Unknown	0	0
mold and mildew house wash	50	Unknown	0	0
best psi for pressure washing concrete	50	Unknown	0	0
best aggregate cleaner	0	Unknown	0	0
kill moss on shingles	50	Unknown	0	0
ez armor house wash	50	High	0	0
clean moss off shingles	50	Unknown	0	0
get stains off concrete	50	High	0	0
moss treatment for driveways	0	Unknown	0	0
remove red clay stains from concrete	50	Unknown	0	0
cost to pressure wash concrete	50	Unknown	0	0
residential exterior cleaning	50	Unknown	0	0
the house washer	50	Low	0	0
heavy duty concrete cleaner home depot	50	High	0	0
arkansas soft wash	50	Low	0	0
zep driveway and concrete pressure wash	50	Unknown	0	0
professional power washing services near me	50	Unknown	0	0
4000 psi pressure washer near me	50	Unknown	0	0
pressure washer psi to clean concrete	50	Unknown	0	0
metal roof soft wash	50	Unknown	0	0
armour mold house wash	50	Unknown	0	0
the house wash guy	50	Unknown	0	0
non pressure roof cleaning	50	Unknown	0	0
karcher 200 pressure washer	0	Unknown	0	0
average cost to pressure wash a roof	50	High	0	0
best way to remove grease from concrete	50	Unknown	0	0
cost to pressure wash brick house	0	Unknown	0	0
ph neutral concrete cleaner	50	Low	0	0
ph neutral floor cleaner for polished concrete	50	Unknown	0	0
best cleaner for indoor concrete floors	50	Unknown	0	0
best cleaner for pressure washing concrete	50	High	0	0
patio grease remover	50	Unknown	0	0
cleaning velux skylights	50	Unknown	0	0
stains off concrete	50	Unknown	0	0
cleaning moss off tarmac	0	Unknown	0	0
best way to clean your roof	50	Low	0	0
clean mildew off vinyl siding	50	Unknown	0	0
db360 softwash	50	Unknown	0	0
best way to clean sidewalks and driveways	50	High	0	0
best cleaner for cement	50	High	0.18	3.27
tpo membrane cleaner	50	High	0	0
cleaning leaf stains off concrete	50	Unknown	0	0
roof cleaning systems	50	High	0	0
clean outside of house without pressure washer	50	Unknown	0	0
terminator hsd concrete cleaner	50	Medium	0	0
best way to clean stamped concrete	50	Unknown	0	0
pressure washing your home	500	High	5.03	19.82
vinyl house wash	50	Medium	0	0
driveway algae cleaner	50	Unknown	0	0
pressure needed to clean concrete	50	Unknown	0	0
bloo cistern blocks	50	Unknown	0	0
kill lichen on roof	50	Unknown	0	0
best way to clean tarmac drive	0	Unknown	0	0
wet and forget driveway cleaner	50	High	0	0
scrubbing concrete	50	Unknown	0	0
moss treatment for tarmac	0	Unknown	0	0
best way to remove moss from roof tiles	0	Unknown	0	0
best way to clean cement driveway	50	High	0.18	4.5
crystal clean roofing	50	Unknown	0	0
biodegradable roof cleaner	50	Medium	0	0
mildew on roof shingles	50	Unknown	0	0
rust remover for patio	50	Unknown	0	0
advanced roof cleaning	50	Unknown	0	0
house armor house wash	50	Unknown	0	0
using a pressure washer	50	Low	0	0
simple green garage floor cleaner	50	Low	0	0
wet and forget roof treatment	50	Low	0	0
washing company near me	50	Unknown	0	0
pressure power	50	Unknown	0	0
concrete dust removal	50	Low	0	0
sofe wash	500	High	0.59	6.98
moldex house wash	50	Unknown	0	0
cleaning vinyl siding with pressure washer	50	Low	0	0
lichen moss removal	50	Unknown	0	0
water blasting house	0	Unknown	0	0
winterizing pressure washer	50	Low	0	0
lime wash house	50	Low	0	0
fresh front exterior cleaning	0	Unknown	0	0
shamblin softwash	50	Low	0	0
best exterior house wash	50	Unknown	0	0
antifungal roof treatment	0	Unknown	0	0
krud kutter concrete clean and etch	50	Unknown	0	0
soft washing stucco	50	Low	0	0
softwashing a house	50	Medium	0	0
clean mildew off house exterior	50	Unknown	0	0
clean concrete patio without pressure washer	50	Unknown	0	0
clean your rug at home	0	Unknown	0	0
black stains on roof	50	Low	0	0
goof off driveway cleaner	50	High	0	0
exterior cleaning house	50	High	3.7	14.36
cleaning my carpet at home	50	Unknown	0	0
roof ceiling cleaning	0	Unknown	0	0
advanced roof care	0	Unknown	0	0
power wash house cost per square foot	50	Unknown	0	0
soft wash patio cleaning	50	Unknown	0	0
exterior house cleaning companies	50	High	5.89	28.64
washing your roof	50	Unknown	0	0
average price pressure washing house	50	High	0	0
best roof tile cleaner	50	Unknown	0	0
best way to clean moss from roof	0	Unknown	0	0
soft washing with a pressure washer	50	Unknown	0	0
pebbledash driveway	50	Unknown	0	0
removing glue from concrete floor	50	High	0.42	1.39
concrete cleaning contractors	50	High	0	0
soft wash gold coast	0	Unknown	0	0
building washing near me	50	Unknown	0	0
etch and clean	50	Medium	0	0
aluminum roof cleaner	50	High	0	0
clean sidewalk without pressure washer	50	Unknown	0	0
paving washer	50	High	0	0
ez mold house wash	50	Unknown	0	0
cleaning aggregate driveway	0	Unknown	0	0
pressure wash inside house	50	Unknown	0	0
zep concrete cleaner home depot	50	Unknown	0	0
moss off concrete	0	Unknown	0	0
good pressure washer for driveway	50	Unknown	0	0
best way to remove roof moss	50	Unknown	0	0
up north soft wash	0	Unknown	0	0
armour house wash	50	Unknown	0	0
cleaning of carpets at home	50	Unknown	0	0
dark streaks on roof	50	Low	0	0
cleaning dryer vent from roof	50	High	6.51	34
best house wash for wood siding	0	Unknown	0	0
wet spots on concrete	0	Unknown	0	0
clean up gas spill in garage	50	Unknown	0	0
best concrete cleaner for leaf stains	0	Unknown	0	0
ark softwash	50	Low	0	0
stains on roof	50	Low	0	0
m22 15mm	50	Unknown	0	0
sodium hypochlorite house wash	50	Unknown	0	0
bensons soft roof wash	50	High	0	0
best way to remove algae from concrete	50	Unknown	0	0
best way to clean concrete floors in house	50	High	0	0
average price for power washing driveway	50	Unknown	0	0
fenix roof wash	0	Unknown	0	0
moss on your roof	0	Unknown	0	0
best way to clean a carpet at home	50	High	0.59	3.7
all washed up roof cleaning	50	Medium	0	0
swab concrete cleaner	50	Unknown	0	0
best power washer for house exterior	50	Unknown	0	0
pro house washers	50	Unknown	0	0
can you power wash stamped concrete	50	Unknown	0	0
average cost of house washing	0	Unknown	0	0
roof care company	0	Unknown	0	0
green mold on concrete patio	50	Unknown	0	0
karcher house wash	50	Unknown	0	0
remove moss off roof	50	Medium	0	0
best way to wash a house	50	Unknown	0	0
pressure washer to clean house siding	50	Unknown	0	0
clean and etch	50	Medium	0	0
mold killer for roof shingles	50	High	3.8	5
best concrete pressure washer cleaner	50	Unknown	0	0
house pressure washing cost near me	50	Unknown	0	0
pressure washer for home exterior	50	Medium	0	0
commercial roof washing	50	High	0	0
best concrete garage floor cleaner	50	High	0	0
cleaning concrete steps	50	Unknown	0	0
jet wash front of house	0	Unknown	0	0
lowes concrete cleaner for pressure washer	50	High	0	0
classic softwash	0	Unknown	0	0
roof and gutter doctor	0	Unknown	0	0
cleaning cobblestone driveway	0	Unknown	0	0
remove rust stains from patio	50	Unknown	0	0
water pressure to clean house	50	Unknown	0	0
cleaning moss from driveway	50	Unknown	0	0
best way to clean your driveway	50	High	0	0
exposed aggregate cleaner	50	Unknown	0	0
softwash solutions llc	50	Low	0	0
driveway cleaning services prices	0	Unknown	0	0
wash concrete patio	50	Unknown	0	0
best way to clean vinyl siding with a pressure washer	50	Unknown	0	0
clean under pressure	50	Medium	0	0
first coast soft wash	50	Low	0	0
remove algae from shingles	50	High	0	0
whitewater softwash	50	Low	0	0
mobile pressure washers near me	50	Unknown	0	0
m1 house wash	50	High	0	0
best cleaner for sealed concrete floors	50	Unknown	0	0
ez house wash lowes	50	Unknown	0	0
powerwash pressure washer	5000	High	0.28	4.83
sun joe pressure washer near me	50	Low	0	0
removing moss from slate roof	50	Unknown	0	0
psi to clean concrete	50	Low	0	0
cost to pressure wash 2000 sq ft house	50	Unknown	0	0
kent roof care	0	Unknown	0	0
best way to clean sealed concrete floors	50	Unknown	0	0
roof vent maintenance	50	Low	0	0
remove cement stains	50	Unknown	0	0
roof tile mould remover	0	Unknown	0	0
clean grease off cement	50	Unknown	0	0
rejuvenate house wash	50	Unknown	0	0
algae on vinyl siding	50	Medium	0	0
cleaning mildew from vinyl siding	50	Medium	0	0
house wash safe for plants	50	High	0	0
ocean softwash	50	Unknown	0	0
bonner house wash	0	Unknown	0	0
price per square foot to pressure wash concrete	50	Unknown	0	0
low pressure house cleaning	50	Unknown	0	0
concrete mould cleaner	0	Unknown	0	0
roof power washing company near me	50	Low	0	0
unsealed concrete floor cleaner	50	High	0	0
best way to soft wash a house	50	High	0	0
best way to get carpet glue off concrete	50	High	0	0
a plus soft wash	50	Low	0	0
house and siding wash	50	High	0.22	13.91
removing concrete splatter	50	Unknown	0	0
30 minute house wash	50	Unknown	0	0
a clean house washing	0	Unknown	0	0
concrete pressure washing service	50	Unknown	0	0
cost to soft wash a house	50	Unknown	0	0
lowe's house wash	50	High	0	0
pressure washing prices per square foot residential	0	Unknown	0	0
best way to remove moss from driveway	0	Unknown	0	0
portable pressure washer near me	50	Unknown	0	0
blue water soft wash	50	Unknown	0	0
aussie house wash	0	Unknown	0	0
spartan soft wash	50	Unknown	0	0
steam cleaning soft furnishings	0	Unknown	0	0
easiest way to remove moss from roof	0	Unknown	0	0
washing business	50	Low	0	0
mold wash for house	50	Unknown	0	0
power washer for roof	50	Unknown	0	0
cost to soft wash a roof	50	Unknown	0	0
driveway softwash	50	High	0	0
salmon bay roof cleaning	0	Unknown	0	0
best way to get rid of moss on driveway	0	Unknown	0	0
jetpower pressure washer	50	High	0	0
vinyl siding soft wash	0	Unknown	0	0
cleaning the walls of your house	50	High	0	0
30 second cleaner on metal roof	50	Unknown	0	0
remove rust from concrete patio	50	High	0	0
chimney gutter	50	Unknown	0	0
paving pressure cleaning	500	Medium	3.19	16.29
zep house wash	50	High	0	0
cleaning houses on the side	50	Unknown	0	0
remove grease from cement	50	High	0.2	4.5
hard plastic roofing	50	Unknown	0	0
remove water stains from concrete	50	Unknown	0	0
average price of pressure washing a house	50	Unknown	0	0
roof cleaning clare	0	Unknown	0	0
green moss on roof shingles	0	Unknown	0	0
average house wash price	50	Unknown	0	0
best way to wash garage floor	50	Unknown	0	0
average price to power wash house	50	High	0	0
urine out of concrete	50	Unknown	0	0
remove green algae from concrete	50	Unknown	0	0
best way to wash house	50	Unknown	0	0
concrobium house and deck wash	50	Unknown	0	0
remove stains from asphalt driveway	50	Unknown	0	0
cost for power washing a driveway	0	Unknown	0	0
interior roof cleaning	50	Unknown	0	0
clean vinyl siding without pressure washer	50	Unknown	0	0
armor all house wash	50	Unknown	0	0
moss damage to roof	0	Unknown	0	0
best psi pressure washer for concrete	50	Unknown	0	0
best way to clean up concrete dust	50	High	0	0
soft wash wood fence	50	Low	0	0
average price pressure washing driveway	50	High	0	0
driveway paving cleaning	50	High	0.29	4.5
siding wash for pressure washer	50	Unknown	0	0
best way to remove epoxy from concrete	50	High	0	0
extreme soft wash	50	Unknown	0	0
pressure washing your driveway	50	High	0	0
top pressure washing services near me	0	Unknown	0	0
mold on siding of house north side	0	Unknown	0	0
washing siding with pressure washer	50	Medium	0	0
concrete cleaner without pressure washer	50	High	0	0
ryobi driveway pressure washer	50	High	0	0
wash siding with pressure washer	50	Unknown	0	0
pressure washing cost per sq ft	50	Medium	1.32	4.69
safely softwash	50	Low	0	0
best way to clean basement walls	0	Unknown	0	0
cleaning galvalume metal roofs	50	Unknown	0	0
best house wash for algae	0	Unknown	0	0
canales roof drain	50	Unknown	0	0
residential window washing service	50	High	0	0
best pressure washer for cleaning house	0	Unknown	0	0
golden gator soft washing	50	Unknown	0	0
best way to wash siding	50	Unknown	0	0
best concrete cleaner for driveway	50	High	0	0
protect all rubber roof cleaner	50	High	0	0
honda power washers near me	50	High	0.24	0.39
usa gutter window & roof cleaning	50	Unknown	0	0
pressure wash moss off roof	0	Unknown	0	0
pro softwash	50	Low	0	0
house power washing contractors near me	0	Unknown	0	0
moss in roof tiles	0	Unknown	0	0
best way to clean cement basement floor	50	Unknown	0	0
best way to remove moss	50	Unknown	0	0
best way to clean siding without pressure washer	50	Unknown	0	0
cleaning exterior house walls	50	Unknown	0	0
best to clean vinyl siding	50	High	0.19	0.49
remove stains from concrete driveway	50	High	0	0
deep cleaning rugs at home	50	Unknown	0	0
home depot concrete floor cleaner	50	High	0	0
house wash for power washer	0	Unknown	0	0
clean rust off driveway	50	Unknown	0	0
mold armor ez wash	50	High	0	0
roof treatment concentrate	0	Unknown	0	0
best way to clean the house	50	Low	0	0
best pressure washer for house exterior	50	Unknown	0	0
concrete cleaner terminator	50	High	0	0
remove transmission fluid from concrete	50	High	0	0
best way to clean walls inside house	50	High	0.11	4.5
dicor cleaner	50	Unknown	0	0
best way to remove tile glue from concrete	50	High	0	0
clean concrete driveway without pressure washer	50	Unknown	0	0
zinc roof cleaner	50	Unknown	0	0
kill algae on roof	50	Unknown	0	0
moss off shingles	0	Unknown	0	0
armor ez house wash	50	High	0	0
1st choice softwash solutions	50	Unknown	0	0
2020 softwash	50	Low	0	0
3 brothers soft wash	0	Unknown	0	0
30 second cleaner for roofs	50	Unknown	0	0
30 second cleaner on roof	50	High	0	0
30 second cleaner roof	50	Unknown	0	0
30 second cleaner roof moss	0	Unknown	0	0
30 seconds outdoor cleaner for concrete	50	High	0	0
4k soft wash	50	Unknown	0	0
4k softwash	50	Unknown	0	0
9 tali pressure washer	0	Unknown	0	0
a to z softwash	50	Unknown	0	0
ace hardware house wash	50	Unknown	0	0
admirable pressure washing house washing	0	Unknown	0	0
admirable pressure washing roof cleaning	0	Unknown	0	0
affordable power and soft washing	0	Unknown	0	0
affordable softwash solutions	0	Unknown	0	0
aggregate concrete cleaner	50	Unknown	0	0
alfresco softwash	0	Unknown	0	0
algae house wash	50	Unknown	0	0
algae on concrete patio	50	Unknown	0	0
algae on driveway	50	Medium	0	0
algae on house siding	50	High	0	0
algae on roof shingles removal	50	High	0	0
algae on roof tiles	50	Unknown	0	0
algae on siding of house	50	High	0	0
algae on slate roof	0	Unknown	0	0
algae stains on concrete pool	50	High	0	0
all american soft wash	50	Low	0	0
all roof wash	0	Unknown	0	0
all roofing and guttering	0	Unknown	0	0
ameripolish rejuvenating floor cleaner	50	Unknown	0	0
anti moss roof tiles	0	Unknown	0	0
apple blossom soft wash	0	Unknown	0	0
apple wash soft wash	0	Unknown	0	0
armor mold ez house wash	50	Unknown	0	0
artillery fungus removal from vinyl siding	0	Unknown	0	0
asphalt shingle stain	50	Unknown	0	0
average cost of driveway cleaning	50	Unknown	0	0
average cost pressure wash driveway	50	Medium	1.91	4.31
average cost to softwash a roof	50	Unknown	0	0
average pressure washing cost per hour	50	Unknown	0	0
b and b power washing	0	Unknown	0	0
baystate soft wash	50	Unknown	0	0
benzalkonium chloride roof cleaner	50	High	0	0
best asphalt shingle roof cleaner	50	High	0	0
best basement floor cleaner	0	Unknown	0	0
best cleaner for basement floor	0	Unknown	0	0
best cleaner for polycarbonate sheets	0	Unknown	0	0
best concrete cleaner for algae	50	Unknown	0	0
best concrete cleaner home depot	50	Unknown	0	0
best house wash for aluminum siding	50	Unknown	0	0
best house wash for stucco	50	Unknown	0	0
best outdoor window cleaners	50	High	0.21	2.43
best pressure washer for brick house	0	Unknown	0	0
best pressure washer for cleaning vinyl siding	50	High	0	0
best pressure washer for home exterior	0	Unknown	0	0
best pressure washer for stucco	50	Unknown	0	0
best pressure washer psi for concrete	50	High	0	0
best pressure washer psi for driveway	50	Unknown	0	0
best pressure washer reddit	50	Medium	0	0
best pressure washer to wash house	0	Unknown	0	0
best psi for cleaning concrete	50	Unknown	0	0
best psi for pressure washing driveway	50	Unknown	0	0
best psi for pressure washing house	50	Unknown	0	0
best psi for washing house	50	Unknown	0	0
best psi pressure washer for driveway	50	Unknown	0	0
best psi to clean concrete	50	Unknown	0	0
best psi to pressure wash driveway	50	Unknown	0	0
best roof cleaning services	50	Low	0	0
best roof tiles to stop moss	0	Unknown	0	0
best thing to clean concrete driveway	0	Unknown	0	0
best thing to clean tarmac	0	Unknown	0	0
best water pressure washer for home	50	Unknown	0	0
best way to clean a brick house	50	Unknown	0	0
best way to clean a cement mixer	0	Unknown	0	0
best way to clean a patio without a pressure washer	0	Unknown	0	0
best way to clean asphalt	0	Unknown	0	0
best way to clean asphalt driveway	0	Unknown	0	0
best way to clean brick driveway	50	Unknown	0	0
best way to clean bricks on house	50	Unknown	0	0
best way to clean cement around pool	50	Unknown	0	0
best way to clean concrete driveway with pressure washer	50	Unknown	0	0
best way to clean concrete driveway without pressure washer	50	Unknown	0	0
best way to clean concrete dust	50	Low	0	0
best way to clean concrete slabs	50	Unknown	0	0
best way to clean concrete with pressure washer	50	Unknown	0	0
best way to clean driveway stains	50	Unknown	0	0
best way to clean driveway without pressure washer	50	High	0	0
best way to clean gold at home	50	Low	0	0
best way to clean moss off concrete	50	Unknown	0	0
best way to clean moss off driveway	0	Unknown	0	0
best way to clean moss off tarmac	0	Unknown	0	0
best way to clean mould from walls	50	Unknown	0	0
best way to clean patio without pressure washer	50	Unknown	0	0
best way to clean paver driveway	50	High	0	0
best way to clean polycarbonate roofing	0	Unknown	0	0
best way to clean siding with pressure washer	50	Unknown	0	0
best way to clean skylights	50	Unknown	0	0
best way to clean tarmac	0	Unknown	0	0
best way to clean the outside of your house	50	Unknown	0	0
best way to clean the walls in your house	50	Unknown	0	0
best way to clean transmission fluid off concrete	0	Unknown	0	0
best way to clean vinyl siding on a house	50	Unknown	0	0
best way to clean vinyl siding without a pressure washer	0	Unknown	0	0
best way to clean walls in a smokers house	50	Unknown	0	0
best way to clean weatherboards	0	Unknown	0	0
best way to clean white siding	0	Unknown	0	0
best way to clean your carpet at home	50	Unknown	0	0
best way to get grease off concrete	50	Unknown	0	0
best way to get moss off concrete	0	Unknown	0	0
best way to get moss off driveway	0	Unknown	0	0
best way to get moss off tarmac	0	Unknown	0	0
best way to get rid of moss on concrete	0	Unknown	0	0
best way to kill moss on concrete	0	Unknown	0	0
best way to kill moss on tarmac drive	0	Unknown	0	0
best way to power wash vinyl siding	50	Unknown	0	0
best way to pressure wash vinyl siding	50	Unknown	0	0
best way to remove asphalt driveway	0	Unknown	0	0
best way to remove asphalt shingles	50	Unknown	0	0
best way to remove cement from tiles	50	Unknown	0	0
best way to remove cobwebs from outside of house	50	Unknown	0	0
best way to remove concrete splatter	50	Unknown	0	0
best way to remove fence posts set in concrete	50	Unknown	0	0
best way to remove floor tiles on concrete	50	High	0.44	3.12
best way to remove glued down carpet on concrete	50	Unknown	0	0
best way to remove grease stains from concrete	50	Unknown	0	0
best way to remove lichen from roof	50	Unknown	0	0
best way to remove linoleum from concrete	50	Unknown	0	0
best way to remove moss from asphalt shingles	0	Unknown	0	0
best way to remove moss from concrete	0	Unknown	0	0
best way to remove moss from shingles	50	Unknown	0	0
best way to remove moss from tarmac drive	0	Unknown	0	0
best way to remove roof shingles	50	Unknown	0	0
best way to remove rust from concrete driveway	50	Unknown	0	0
best way to remove shingles	50	Unknown	0	0
best way to remove shingles from a roof	0	Unknown	0	0
best way to remove shingles from roof	50	Unknown	0	0
best way to remove tile cement from floor	50	Unknown	0	0
best way to wash brick house	0	Unknown	0	0
best way to wash driveway	50	High	0	0
best way to wash house siding	50	Unknown	0	0
best way to wash outside of house	50	Unknown	0	0
best way to wash siding on house	0	Unknown	0	0
best way to wash walls in house	50	High	0.11	4.5
best way to wash walls in your house	0	Unknown	0	0
best way to wash your house	50	Unknown	0	0
big easy soft wash	50	Unknown	0	0
black mold on concrete driveway	50	High	0	0
black mold on driveway	50	Unknown	0	0
black spots on concrete driveway	0	Unknown	0	0
black stains on concrete patio	50	Unknown	0	0
black stains on roof shingles	50	Low	0	0
black streaks on shingles	50	Low	0	0
blue lagoon softwash	0	Unknown	0	0
boca roof cleaning	50	Medium	0	0
brake fluid off driveway	0	Unknown	0	0
brave soft wash	0	Unknown	0	0
breaking out concrete	50	Low	0	0
brushing moss off roof	0	Unknown	0	0
can concrete get mold	50	Low	0	0
can concrete mold	50	Low	0	0
can you clean concrete	50	Unknown	0	0
can you power wash concrete	50	Unknown	0	0
can you power wash epoxy garage floor	50	Unknown	0	0
can you pressure wash a garage floor	50	Unknown	0	0
can you pressure wash concrete	50	Unknown	0	0
can you pressure wash epoxy floor	50	Unknown	0	0
can you pressure wash garage floor	50	Unknown	0	0
can you pressure wash new concrete	50	Low	0	0
can you pressure wash sealed concrete	50	Unknown	0	0
can you pressure wash stamped concrete	50	Unknown	0	0
can you steam clean concrete floors	50	Low	0	0
can you use a carpet cleaner on concrete floor	0	Unknown	0	0
can you use a rug doctor on concrete	50	Unknown	0	0
carpet cleaner on concrete floors	0	Unknown	0	0
cedar shake soft wash	0	Unknown	0	0
cement remover from glass	50	Unknown	0	0
cement stains on patio	50	Unknown	0	0
certified softwash	50	Unknown	0	0
certified softwash solutions	50	Low	0	0
champion soft wash	50	Unknown	0	0
cis roof and exterior cleaning	0	Unknown	0	0
classic softwash & window cleaning	0	Unknown	0	0
clean algae off house siding	50	Unknown	0	0
clean algae off vinyl siding	50	Unknown	0	0
clean apartment walls	50	Unknown	0	0
clean asphalt	50	Medium	0	0
clean brake fluid from concrete	0	Unknown	0	0
clean brake fluid off concrete	50	Low	0	0
clean brake fluid off driveway	50	Unknown	0	0
clean cement mixer	50	Low	0	0
clean cement off patio	0	Unknown	0	0
clean concrete balcony	50	High	0	0
clean concrete bird bath	50	Low	0	0
clean concrete path	50	Unknown	0	0
clean glue off concrete floor	50	Unknown	0	0
clean grease off driveway	0	Unknown	0	0
clean grease stains from concrete	50	Unknown	0	0
clean green moss off concrete	0	Unknown	0	0
clean green off siding	0	Unknown	0	0
clean mildew off house siding	0	Unknown	0	0
clean moss from shingles	50	Unknown	0	0
clean moss from tarmac	0	Unknown	0	0
clean moss off driveway	0	Unknown	0	0
clean moss off siding	0	Unknown	0	0
clean moss off tarmac driveway	0	Unknown	0	0
clean mould off concrete	50	Unknown	0	0
clean power steering fluid off concrete	50	Low	0	0
clean power steering fluid off driveway	50	Unknown	0	0
clean pro softwash	0	Unknown	0	0
clean rust off concrete driveway	50	High	0	0
clean side of house	50	Medium	0	0
clean stone driveway	50	Unknown	0	0
clean tar off concrete	50	Unknown	0	0
clean tiles at home	50	High	0	0
clean transmission fluid off asphalt	0	Unknown	0	0
clean transmission fluid off concrete	50	Unknown	0	0
clean transmission fluid off driveway	50	High	0	0
clean unsealed concrete floor	0	Unknown	0	0
clean up gasoline spill on concrete	0	Unknown	0	0
clean up power steering fluid off driveway	0	Unknown	0	0
clean up transmission fluid concrete	0	Unknown	0	0
clean upvc fascia	0	Unknown	0	0
cleaning asbestos roof tiles	0	Unknown	0	0
cleaning blacktop driveway	0	Unknown	0	0
cleaning brick house exterior	0	Unknown	0	0
cleaning brick inside house	0	Unknown	0	0
cleaning carpet glue off concrete	50	Medium	0	0
cleaning cement off tiles	50	Unknown	0	0
cleaning cinder block walls	50	Unknown	0	0
cleaning cinder block walls basement	0	Unknown	0	0
cleaning cobblelock driveways	0	Unknown	0	0
cleaning concrete driveway pressure washer	0	Unknown	0	0
cleaning concrete off bricks	50	Unknown	0	0
cleaning concrete patio with pressure washer	0	Unknown	0	0
cleaning concrete walkway	50	Unknown	0	0
cleaning corrugated plastic roofing	0	Unknown	0	0
cleaning dicor lap sealant	50	Unknown	0	0
cleaning effervescent off concrete	50	Unknown	0	0
cleaning epdm rubber roof	50	Unknown	0	0
cleaning fibreglass roof	0	Unknown	0	0
cleaning glue off concrete	0	Unknown	0	0
cleaning green off concrete	0	Unknown	0	0
cleaning house slippers	50	Unknown	0	0
cleaning house with pressure washer	50	High	0	0
cleaning interior concrete floors	50	Unknown	0	0
cleaning mould off roof	0	Unknown	0	0
cleaning oxidized vinyl siding	0	Unknown	0	0
cleaning painted concrete	50	Low	0	0
cleaning patio slabs without pressure washer	0	Unknown	0	0
cleaning patio without pressure washer	50	High	0	0
cleaning pavement driveway	50	Unknown	0	0
cleaning pebblecrete driveway	0	Unknown	0	0
cleaning polycarbonate greenhouse panels	0	Unknown	0	0
cleaning power steering fluid from driveway	50	Unknown	0	0
cleaning rubber roof membrane	50	Unknown	0	0
cleaning soft	50	Unknown	0	0
cleaning suntuf polycarbonate	0	Unknown	0	0
cleaning transmission fluid from concrete	50	Unknown	0	0
cleaning unsealed concrete	50	Unknown	0	0
cleaning up concrete dust	50	Low	0	0
cleaning velux sun tunnel	50	Unknown	0	0
cleaning walls in a smokers house	0	Unknown	0	0
cleaning walls of house	0	Unknown	0	0
cleaning white vinyl siding	50	Unknown	0	0
cleantagious soft & pressure wash	0	Unknown	0	0
clearing moss from tarmac drive	0	Unknown	0	0
cny exterior house cleaning	0	Unknown	0	0
coastal softwash solutions	0	Unknown	0	0
commercial pressure washing service near me	50	Low	0	0
commercial roof cleaning services	50	Unknown	0	0
commercial soft washing	50	Unknown	0	0
concrete cleaner safe for pool	0	Unknown	0	0
concrete floor dust	50	Low	0	0
concrete roof maintenance	50	Unknown	0	0
concrobium deck wash	0	Unknown	0	0
concrobium house & deck wash	50	Unknown	0	0
corrugated roof washers	50	Unknown	0	0
cost to clean a driveway	50	Unknown	0	0
cost to power wash 3000 sq ft house	0	Unknown	0	0
cost to power wash house homewyse	50	Unknown	0	0
cost to pressure wash house homewyse	50	Unknown	0	0
county house washing and painting	50	Unknown	0	0
crabby's soft wash	50	Unknown	0	0
cruddy cans soft washing	0	Unknown	0	0
damaged concrete from pressure washer	50	Low	0	0
db softwashing	0	Unknown	0	0
deck cleaning company near me	50	Unknown	0	0
deck power washing companies near me	0	Unknown	0	0
deep cleaning driveway	50	Low	0	0
degrease driveway	50	High	0.35	4.5
denim wash house	0	Unknown	0	0
diamond pro wash commercial soft washing	0	Unknown	0	0
diamond pro wash house wash	0	Unknown	0	0
diamond pro wash house washing	0	Unknown	0	0
diamond pro wash pressure washing house washing	0	Unknown	0	0
diamond pro wash pressure washing roof cleaning	0	Unknown	0	0
diamond pro wash roof cleaning	0	Unknown	0	0
downstream soft wash	50	Unknown	0	0
dried cement remover	50	Unknown	0	0
driveway and patio cleaning services	0	Unknown	0	0
driveway cleaning fluid	50	Unknown	0	0
driveway cleaning peretborough	0	Unknown	0	0
driveway cleaning sussex	0	Unknown	0	0
driveway mould	0	Unknown	0	0
driveway mould cleaner	0	Unknown	0	0
driveway mould removal	50	Unknown	0	0
driveway washing out	50	Unknown	0	0
dryer vent goes to roof	50	Low	0	0
dryer vent goes up to the roof	50	Low	0	0
dryer vent going through roof	50	Low	0	0
dryer vent on roof of house	50	High	0	0
dryer vent on the roof	500	High	0.97	17.03
dryer vent on top of house	50	Medium	0	0
dryer vent out of roof	50	Unknown	0	0
easiest way to clean concrete driveway	50	Unknown	0	0
easiest way to clean driveway	50	High	0	0
easy way to remove moss from roof	0	Unknown	0	0
eco driveway cleaning	0	Unknown	0	0
eco friendly soft wash	50	Medium	0	0
ecowash window gutter and roof	0	Unknown	0	0
efflorescence paver cleaner	50	High	0	0
electric pressure washer no pressure	50	Unknown	0	0
elemonator house wash	50	Unknown	0	0
elemonator softwash	0	Unknown	0	0
eliminator soft wash	50	Unknown	0	0
elite softwash	50	Unknown	0	0
epdm cleaner acetone	0	Unknown	0	0
epdm cleaner primer	0	Unknown	0	0
epdm membrane cleaner	50	High	0	0
etch cleaner	50	Medium	0	0
everguard tpo seam cleaner	50	Low	0	0
express soft wash	50	Unknown	0	0
exterior experts house washing services	50	High	0	0
exterior house cleaning windermere	0	Unknown	0	0
exterior house washing pressure cleaning	0	Unknown	0	0
ez armour house wash	0	Unknown	0	0
ez home wash	0	Unknown	0	0
ez house wash home depot	0	Unknown	0	0
ez mold armor house wash	0	Unknown	0	0
fence power washing companies near me	0	Unknown	0	0
fiberglass roof cleaner	0	Unknown	0	0
fibreglass roof cleaner	0	Unknown	0	0
firestone epdm cleaner	50	Unknown	0	0
firestone tpo cleaner	50	Unknown	0	0
floor polishing phoenix	0	Unknown	0	0
full crystal house wash	50	Unknown	0	0
fungus on roof shingles	50	Unknown	0	0
fungus on roof tiles	50	Low	0	0
gaf seam cleaner	50	Low	0	0
gaf tpo cleaner	50	High	0	0
gasoline spill on concrete floor	0	Unknown	0	0
gentle pressure power washing	50	Unknown	0	0
gentle pressure roof and exterior cleaning	0	Unknown	0	0
gerard roof guard cleaner	0	Unknown	0	0
get moss off concrete	0	Unknown	0	0
get moss off driveway	0	Unknown	0	0
get moss off tarmac	0	Unknown	0	0
get rid of green moss on concrete	50	Unknown	0	0
get rust off driveway	50	Unknown	0	0
glass cleaning housekeeping	0	Unknown	0	0
glass cleaning in housekeeping	50	Unknown	0	0
glass house cleaning	0	Unknown	0	0
glass house cleaning service	50	Unknown	0	0
glossy house wash	50	Medium	0	0
go kleen house washing	0	Unknown	0	0
goo gone house wash	0	Unknown	0	0
goof off concrete cleaner home depot	50	Unknown	0	0
grafton pressure washing	0	Unknown	0	0
grease off driveway	50	Unknown	0	0
grease on driveway	50	High	0	0
grease stains on driveway	50	Unknown	0	0
green algae on house siding	50	Unknown	0	0
green algae on vinyl siding	50	Unknown	0	0
green house wash	50	Unknown	0	0
green moss on concrete	0	Unknown	0	0
green moss on roof tiles	0	Unknown	0	0
green soft wash solutions	0	Unknown	0	0
green stains on concrete	50	Unknown	0	0
green tech soft wash	0	Unknown	0	0
green wash soft wash	50	Unknown	0	0
greenway softwashing	50	Unknown	0	0
gunk concrete cleaner	50	Unknown	0	0
gunk swab concrete cleaner	50	High	0	0
gutter ground	50	Unknown	0	0
gutter it	0	Unknown	0	0
gutter moss	50	Unknown	0	0
gutter sludge	50	Unknown	0	0
gutter upvc	50	Unknown	0	0
h20 house washing	0	Unknown	0	0
half round spouting	50	Unknown	0	0
home armour house wash	0	Unknown	0	0
home depot concrete cleaner for pressure washer	50	Unknown	0	0
home depot ez house wash	0	Unknown	0	0
home depot mold armor house wash	50	Unknown	0	0
home depot near me pressure washer	50	Unknown	0	0
home glass cleaning	50	Medium	0	0
home solutions pressure washing	0	Unknown	0	0
home wall cleaning	50	Unknown	0	0
home window cleaning set	0	Unknown	0	0
homeowner house wash	50	Unknown	0	0
homewyse cost to pressure wash house	50	Unknown	0	0
homewyse pressure washing house	50	Unknown	0	0
honda power washer near me	50	High	0.24	0.39
honda pressure washers near me	50	Medium	0	0
house armour house wash	0	Unknown	0	0
house cleaning carpet cleaning	50	Unknown	0	0
house cleaning solutions pressure washers	50	Unknown	0	0
house exterior cleaning professionals near me	0	Unknown	0	0
house of wash	50	Low	0	0
house siding cleaning service near me	0	Unknown	0	0
house soft wash mixture	0	Unknown	0	0
house softwashing	50	Unknown	0	0
house wash ace hardware	50	Unknown	0	0
house wash at home depot	50	High	0	0
house wash at lowe's	50	High	0	0
house wash malvern	0	Unknown	0	0
house wash that won t hurt plants	50	Unknown	0	0
house washing and roof cleaning	0	Unknown	0	0
house washing belleville	0	Unknown	0	0
house washing lagrange	0	Unknown	0	0
hydro clean soft wash	50	Unknown	0	0
hydro power washer price	0	Unknown	0	0
hydro softwash	50	Unknown	0	0
hydro solutions power and soft washing llc	50	Unknown	0	0
hypo soft wash	50	Unknown	0	0
illawarra roof maintenance	0	Unknown	0	0
industrial softwash	0	Unknown	0	0
inside outside cleaning	0	Unknown	0	0
irobot gutter	50	Unknown	0	0
ironton house wash	50	Unknown	0	0
jet wash house bricks	0	Unknown	0	0
jet wash servicing near me	0	Unknown	0	0
jomax deck wash	0	Unknown	0	0
k&n soft wash	0	Unknown	0	0
kill algae on concrete	50	High	0	0
kill lichen on driveway	0	Unknown	0	0
kill moss on roof shingles	50	Unknown	0	0
krud kutter concrete and driveway cleaner	50	Unknown	0	0
krud kutter on concrete	50	Unknown	0	0
kärcher roof cleaner	50	Unknown	0	0
leaf roof	50	Low	0	0
leaf stains on patio	0	Unknown	0	0
lee's roof treatment	50	Unknown	0	0
lichen damage to roof	50	Unknown	0	0
lichen growing on roof	0	Unknown	0	0
lichen growth on roof	50	Unknown	0	0
lichen moss on roof	0	Unknown	0	0
lichen on a roof	50	Low	0	0
lichen on driveways	50	Low	0	0
lichen on roof shingles	50	Unknown	0	0
lichen on slate roof	0	Unknown	0	0
lichen on terracotta roof tiles	50	Unknown	0	0
lichen roof damage	50	Low	0	0
lichen roof tiles	50	Unknown	0	0
lil squirt soft wash	50	Unknown	0	0
lime wash chicken coop	50	Low	0	0
lime wash houses	50	Low	0	0
lime wash on brick house	50	Unknown	0	0
lime washing a house	50	Low	0	0
limewashed brick homes	50	Unknown	0	0
limewashing a house	50	Unknown	0	0
low pressure cleaning	50	Unknown	0	0
low pressure exterior cleaning	50	Unknown	0	0
low pressure soft wash	50	Low	0	0
lowes goof off concrete cleaner	50	High	0	0
lowes mold armor house wash	50	High	0	0
m 1 house wash	50	Unknown	0	0
mccoy's pressure washing deck cleaning near me	0	Unknown	0	0
mccoy's pressure washing fence cleaning near me	0	Unknown	0	0
mccoy's pressure washing house washing	0	Unknown	0	0
mccoy's pressure washing power washing near me	0	Unknown	0	0
mccoy's pressure washing services near me	0	Unknown	0	0
metal roof cleaner lowes	50	Unknown	0	0
midwest softwash and pressure wash	0	Unknown	0	0
mildew house wash	50	High	0	0
mildew on driveway	50	Low	0	0
miller roof soft wash	0	Unknown	0	0
miller soft wash commercial power washing	0	Unknown	0	0
miller soft wash power power washing	0	Unknown	0	0
miller soft wash power roof rejuvenation	0	Unknown	0	0
miller soft wash power washing	0	Unknown	0	0
miller soft wash pressure washing	0	Unknown	0	0
miller soft wash roof rejuvenation	0	Unknown	0	0
miller soft wash roof soft wash	0	Unknown	0	0
minimum psi needed to clean concrete	0	Unknown	0	0
minky wash pads	0	Unknown	0	0
mold armor ez	50	Low	0	0
mold armor ez deck	50	Unknown	0	0
mold armor ez deck concrete driveway pressure washer	0	Unknown	0	0
mold armor ez deck fence and patio wash	50	High	0	0
mold armor ez house wash home depot	50	Unknown	0	0
mold armor ez house wash lowes	0	Unknown	0	0
mold armor ez house wash pressure washer	0	Unknown	0	0
mold armor ez siding and house wash	50	Unknown	0	0
mold armor fence wash	50	Unknown	0	0
mold armor house wash home depot	50	Unknown	0	0
mold armor house wash lowes	50	High	0	0
mold armor house wash pressure washer	50	Unknown	0	0
mold armor house wash safe for plants	0	Unknown	0	0
mold armor roof cleaner	50	Unknown	0	0
mold house wash	50	Unknown	0	0
moldex instant house wash	50	Unknown	0	0
moldex instant outdoor wash	0	Unknown	0	0
mopping concrete	50	High	0	0
moss and lichen on roof	0	Unknown	0	0
moss off driveway	0	Unknown	0	0
moss off tarmac drive	0	Unknown	0	0
moss on cedar shingles	0	Unknown	0	0
moss on concrete roof tiles	0	Unknown	0	0
moss on flat roof	50	Unknown	0	0
moss on garage roof	0	Unknown	0	0
moss on the roof tiles	0	Unknown	0	0
moss out on roof	0	Unknown	0	0
moss removal from tarmac drive	0	Unknown	0	0
moss shield roofing	0	Unknown	0	0
mould armour house wash	50	Unknown	0	0
mount pleasant pressure washing companies near me	0	Unknown	0	0
mount pleasant pressure washing concrete cleaning near me	0	Unknown	0	0
mount pleasant pressure washing driveway cleaning near me	0	Unknown	0	0
mount pleasant pressure washing house washing near me	0	Unknown	0	0
mount pleasant pressure washing near me	0	Unknown	0	0
mount pleasant pressure washing power washing companies near me	0	Unknown	0	0
mount pleasant pressure washing power washing near me	0	Unknown	0	0
mount pleasant pressure washing pressure cleaning near me	0	Unknown	0	0
mount pleasant pressure washing roof cleaning near me	0	Unknown	0	0
mount pleasant pressure washing roof pressure washing near me	0	Unknown	0	0
mount pleasant pressure washing roof washing near me	0	Unknown	0	0
mrs hinch driveway	0	Unknown	0	0
my wash house	0	Unknown	0	0
my washer shakes the whole house	50	Unknown	0	0
national softwash alliance	50	Unknown	0	0
new england softwash	0	Unknown	0	0
nii clean roof	0	Unknown	0	0
ninja power soft wash	50	Unknown	0	0
no moss softwash	50	Unknown	0	0
no pressure in pressure washer	50	Medium	3.59	11.8
no scrub house wash	50	Unknown	0	0
no streaks window & roof cleaning	0	Unknown	0	0
olympic house wash	50	Unknown	0	0
ordinary gutter	50	Low	0	0
oxiclean concrete	50	High	0	0
oxiclean house wash	50	Unknown	0	0
painted metal roof cleaner	50	Medium	0	0
patio cleaner without pressure washer	50	Unknown	0	0
patio pressure washing companies near me	0	Unknown	0	0
patio soft wash	0	Unknown	0	0
peach state softwash	50	Unknown	0	0
pelican soft wash	50	Unknown	0	0
pet urine on concrete	50	Unknown	0	0
pine needles on roof	50	Unknown	0	0
pioneer soft wash	0	Unknown	0	0
plastic roof cleaner	50	Unknown	0	0
pollen stains on concrete	50	Unknown	0	0
polycarbonate sheet cleaner	0	Unknown	0	0
powell's pressure washing & roof cleaning	0	Unknown	0	0
power wash moss off driveway	0	Unknown	0	0
power washer psi for driveway	50	Unknown	0	0
power washer us	50	Unknown	0	0
power washing moss off tarmac	0	Unknown	0	0
power washing white house	0	Unknown	0	0
powerhouse exterior cleaning	50	Low	0	0
premier softwash solutions	50	Unknown	0	0
pressure cleaning pinecrest	50	Unknown	0	0
pressure it high pressure roof cleaning & painting	0	Unknown	0	0
pressure wash brick driveway	50	Unknown	0	0
pressure wash new concrete	50	Unknown	0	0
pressure washer for concrete psi	50	Unknown	0	0
pressure washer for house psi	50	Unknown	0	0
pressure washer psi for asphalt driveway	0	Unknown	0	0
pressure washer psi for brick house	0	Unknown	0	0
pressure washer psi for concrete driveway	50	Unknown	0	0
pressure washer psi for house	50	Unknown	0	0
pressure washer psi for house siding	50	Low	0	0
pressure washer psi for stamped concrete	0	Unknown	0	0
pressure washer pump for home	0	Unknown	0	0
pressure washer reddit	50	Low	0	0
pressure washer to clean concrete driveway	50	High	0	0
pressure washers at home depot near me	50	Unknown	0	0
pressure washing a house with vinyl siding	50	Unknown	0	0
pressure washing aggregate driveway	0	Unknown	0	0
pressure washing bedington	0	Unknown	0	0
pressure washing brick home	50	Unknown	0	0
pressure washing business reddit	50	Low	0	0
pressure washing cost per sq foot	50	Medium	1.32	4.69
pressure washing newton	50	Unknown	0	0
pressure washing painted brick	50	Unknown	0	0
pressure washing pressure washing near me	0	Unknown	0	0
pressure washing sealed concrete	50	Unknown	0	0
pressure washing service prices near me	50	Unknown	0	0
pressure washing stamped concrete	50	Unknown	0	0
pretty n clean softwash and pressure cleaning	0	Unknown	0	0
prevail softwash	0	Unknown	0	0
price per square foot to pressure wash house	50	Unknown	0	0
pristine soft wash	50	Low	0	0
pro clean pressure wash concrete cleaning	0	Unknown	0	0
pro clean pressure wash house wash	0	Unknown	0	0
pro clean pressure wash near me	0	Unknown	0	0
pro clean pressure wash roof cleaning	0	Unknown	0	0
pro clean pressure wash roof wash	0	Unknown	0	0
pro clean pressure wash soft wash	0	Unknown	0	0
pro clean soft pressure wash	0	Unknown	0	0
pro clean soft wash llc	0	Unknown	0	0
pro guttering services	50	Unknown	0	0
psi for cleaning driveway	50	High	0	0
psi for concrete cleaning	50	Unknown	0	0
psi for driveway cleaning	50	Low	0	0
psi for house washing	50	Unknown	0	0
psi for pressure washing house	50	Unknown	0	0
psi for washing house	0	Unknown	0	0
psi needed to clean driveway	50	Unknown	0	0
psi needed to pressure wash driveway	50	Unknown	0	0
psi needed to pressure wash house	50	Unknown	0	0
psi pressure washer for house	50	Unknown	0	0
psi to clean driveway	50	High	0	0
psi to clean vinyl siding	50	Unknown	0	0
psi to power wash house	0	Unknown	0	0
psi to pressure wash house	50	Unknown	0	0
psi to wash house	0	Unknown	0	0
pvc membrane cleaner	50	Unknown	0	0
rc soft wash	0	Unknown	0	0
real clean softwash	0	Unknown	0	0
recommended psi for cleaning concrete driveway	50	Unknown	0	0
recommended psi for pressure washing driveway	50	Unknown	0	0
red clay stains on concrete	50	Unknown	0	0
reddit power washing	50	Low	0	0
reddit pressure washing	50	Low	0	0
remove acorn stains from concrete	50	High	0	0
remove algae from driveway	50	Low	0	0
remove algae from floor	0	Unknown	0	0
remove algae from vinyl siding	50	Unknown	0	0
remove brake fluid from driveway	50	Unknown	0	0
remove cement	50	High	0	0
remove cement from driveway	0	Unknown	0	0
remove cement from slabs	0	Unknown	0	0
remove cement from tile	50	Unknown	0	0
remove concrete from glass	50	Unknown	0	0
remove diesel from concrete	50	Unknown	0	0
remove diesel from driveway	0	Unknown	0	0
remove diesel from tarmac	0	Unknown	0	0
remove dried cement from tiles	50	Unknown	0	0
remove gasoline from concrete	50	Unknown	0	0
remove grease from asphalt driveway	0	Unknown	0	0
remove green algae from vinyl siding	50	Unknown	0	0
remove green from concrete	0	Unknown	0	0
remove green moss from concrete	0	Unknown	0	0
remove green moss from tarmac	0	Unknown	0	0
remove gum from sidewalk	50	High	0	0
remove lichen from concrete	50	Unknown	0	0
remove lichen from polycarbonate roof	0	Unknown	0	0
remove mold from driveway	50	Unknown	0	0
remove moss from shed roof	0	Unknown	0	0
remove nut stains from driveway	0	Unknown	0	0
remove rust from asphalt driveway	50	Unknown	0	0
remove rust from patio slabs	0	Unknown	0	0
remove rust from slabs	0	Unknown	0	0
remove rust off concrete	50	High	0	0
remove rust off concrete driveway	50	Unknown	0	0
remove rust stains from asphalt driveway	0	Unknown	0	0
remove rust stains from concrete driveway	50	High	0	0
remove rust stains from driveway	50	High	0	0
remove tar from driveway	50	Unknown	0	0
remove transmission fluid from driveway	50	Low	0	0
removing artillery fungus from vinyl siding	0	Unknown	0	0
removing brake fluid from concrete	50	Unknown	0	0
removing cement from limestone slabs	0	Unknown	0	0
removing glue residue from concrete	0	Unknown	0	0
residential pressure washing companies	50	Unknown	0	0
residential pressure washing companies near me	50	Unknown	0	0
residential soft washing	50	Unknown	0	0
rg roof cleaning	0	Unknown	0	0
rhino softwash	0	Unknown	0	0
rid moss on roof	0	Unknown	0	0
roof algae prevention	0	Unknown	0	0
roof cleaner concentrate	50	Low	0	0
roof cleaners kent	0	Unknown	0	0
roof cleaners nearby	50	Unknown	0	0
roof cleaning around me	50	Unknown	0	0
roof cleaning boca	50	Medium	0	0
roof cleaning freehold	0	Unknown	0	0
roof drain maintenance	50	Unknown	0	0
roof floor cleaner	0	Unknown	0	0
roof fungus cleaner	50	Unknown	0	0
roof guard cleaner	0	Unknown	0	0
roof power washing companies near me	50	Low	0	0
roof pressure	50	Unknown	0	0
roof soft	50	Unknown	0	0
roof streaks	50	Low	0	0
roof tile moss prevention	0	Unknown	0	0
roof tiles cleaner price	50	Unknown	0	0
roof washing around me	0	Unknown	0	0
roof washing richmond	0	Unknown	0	0
roof washing service around me	0	Unknown	0	0
rosenberg commercial pressure washing near me	0	Unknown	0	0
rubber roof cleaner home depot	50	Unknown	0	0
rust off concrete driveway	50	High	0	0
rust off driveway	50	High	0	0
rust spots on driveway	50	High	0	0
rust stains on asphalt driveway	0	Unknown	0	0
rust stains on concrete driveway	50	Unknown	0	0
rust stains on driveway	50	High	0	0
rust stains out of concrete	50	High	0	0
ryobi 1600w pressure washer	0	Unknown	0	0
ryobi 3300	50	Medium	0	0
ryobi concrete pressure washer	50	Unknown	0	0
ryobi concrete washer	50	Unknown	0	0
ryobi pressure washer concrete cleaner	50	High	0	0
ryobi undercarriage washer	50	Unknown	0	0
safe wash roof cleaning & pressure washing services	50	Unknown	0	0
safe wash roof wash	0	Unknown	0	0
salem pressure washing near me	0	Unknown	0	0
savannah softwash	50	Unknown	0	0
scarborough roof cleaning near me	0	Unknown	0	0
scotts house wash	50	Unknown	0	0
scraping moss off concrete	50	Unknown	0	0
scraping moss off roof tiles	0	Unknown	0	0
sealgreen efflorescence remover	50	Unknown	0	0
sh driveway cleaner	50	Unknown	0	0
sh for soft washing	50	High	0	0
shamblin softwash and pressure washing	0	Unknown	0	0
shine softwash	0	Unknown	0	0
shingle stain remover	50	Unknown	0	0
sidewalk pressure washing companies near me	0	Unknown	0	0
simple cherry house wash	0	Unknown	0	0
simple green for pressure washing house	50	Unknown	0	0
simply softwash	50	Low	0	0
simpson power washer near me	50	Unknown	0	0
simpson power washers near me	50	Unknown	0	0
soft care all purpose	0	Unknown	0	0
soft driveway	0	Unknown	0	0
soft scrub all purpose	50	Unknown	0	0
soft scrub cream cleanser	50	High	0	0
soft wash algae remover	50	Unknown	0	0
soft wash as	0	Unknown	0	0
soft wash butler	50	Unknown	0	0
soft wash cedar roof cleaning	0	Unknown	0	0
soft wash cleaning solutions	50	Medium	0	0
soft wash concrete driveway	0	Unknown	0	0
soft wash fence cleaning	50	Low	0	0
soft wash for beginners	50	Unknown	0	0
soft wash home depot	50	High	0	0
soft wash mixture	50	High	0	0
soft wash shingle roof	50	Low	0	0
soft wash solutions llc	50	Unknown	0	0
soft wash treatment for driveway	50	Unknown	0	0
soft wash with a pressure washer	50	Unknown	0	0
soft wash wood	50	Unknown	0	0
soft washing for beginners	50	Unknown	0	0
soft washing hardie plank	0	Unknown	0	0
soft washing patio	50	Unknown	0	0
soft washing with pressure washer	50	Unknown	0	0
soft washing without bleach	0	Unknown	0	0
soft washing wood siding	50	Unknown	0	0
softwash nation	50	High	0	0
softwashing a roof	50	High	2.24	9.72
softwashing services	50	Low	0	0
sonic soft wash	50	Unknown	0	0
south lakes soft wash	0	Unknown	0	0
spotless domestic cleaning	0	Unknown	0	0
spotless softwash	50	Low	0	0
spring roof maintenance	0	Unknown	0	0
steam cleaner for roofs	0	Unknown	0	0
stone on side of driveway	50	High	0	0
stuart pressure washing near me	0	Unknown	0	0
sun joe house and deck wash	50	Unknown	0	0
sunshine softwash	50	Unknown	0	0
sunshine wash house	50	Low	0	0
surface cleaning driveway	50	Medium	0	0
t&t powerwash middletown soft washing	0	Unknown	0	0
t&t powerwash new castle roof soft washing	0	Unknown	0	0
t&t powerwash new castle soft washing	0	Unknown	0	0
t&t powerwash smyrna soft washing	0	Unknown	0	0
t&t powerwash townsend roof soft washing	0	Unknown	0	0
t&t powerwash townsend soft washing	0	Unknown	0	0
tennis court soft wash	0	Unknown	0	0
the best house wash	50	Unknown	0	0
the gutter sucker	0	Unknown	0	0
the house & building wash company ltd	0	Unknown	0	0
the village roof and gutter cleaner	0	Unknown	0	0
tile cleaner roof	50	High	4.65	18.1
total high pressure washer	0	Unknown	0	0
total service pro house washing near me	0	Unknown	0	0
total service pro power washing near me	0	Unknown	0	0
total service pro pressure washing near me	0	Unknown	0	0
total service pro roof cleaning and pressure washing	0	Unknown	0	0
tpo seam cleaner	50	Medium	0	0
travel trailer roof cleaner	50	High	0	0
tri state softwash	0	Unknown	0	0
ultrasoft pressure washing	0	Unknown	0	0
urine stains on concrete	50	High	0	0
valley softwash	0	Unknown	0	0
velux skylight cleaning	50	Unknown	0	0
velux sun tunnel cleaning	50	Unknown	0	0
vinyl siding wash lowes	50	Unknown	0	0
wash finish concrete	50	Low	0	0
wash house slippers	0	Unknown	0	0
wash house without pressure washer	0	Unknown	0	0
wash rite soft washing	50	Unknown	0	0
wash siding without pressure washer	50	High	0	0
wash soft	0	Unknown	0	0
wash the walls in your house	0	Unknown	0	0
wash vinyl siding without pressure washer	0	Unknown	0	0
wash walls smokers house	50	Unknown	0	0
washer shakes house	50	Low	0	0
washer shakes whole house	50	Low	0	0
washing siding without pressure washer	0	Unknown	0	0
washing walls inside house	50	High	0	0
washrite soft washing	0	Unknown	0	0
water stains on concrete	50	Low	0	0
water stains on concrete walls	50	Low	0	0
water stains on new concrete	50	Low	0	0
waters edge softwash	0	Unknown	0	0
wellington roof cleaning near me	0	Unknown	0	0
west coast softwash	50	Unknown	0	0
wet & forget house wash	50	Low	0	0
wet and forget for roof	50	High	0	0
wet and forget shingle cleaner	50	Unknown	0	0
wet concrete floor	50	Low	0	0
wet it and forget it roof	50	Unknown	0	0
white lichen on roof tiles	50	Unknown	0	0
white stains on concrete	50	Low	0	0
white wash chicken coop	50	Unknown	0	0
white water softwash	0	Unknown	0	0
whiten concrete	50	High	0.62	3
whites housewashing	0	Unknown	0	0
whitewashing a brick house	50	Medium	0	0
wilderland roof & window cleaning	0	Unknown	0	0
window soft washing	0	Unknown	0	0
wood fence soft wash	50	Unknown	0	0
wood shingle siding maintenance	50	Unknown	0	0
xtreme clean softwash	0	Unknown	0	0
xtreme soft wash	50	Low	0	0
zep concrete and driveway cleaner	50	High	0.19	4.04
zep concrete cleaner pressure washer	50	Unknown	0	0
zep house siding pressure wash	50	High	0	0
zep pressure washer concrete cleaner	50	Unknown	0	0
zep roof cleaner	50	Unknown	0	0
zero pressure roof cleaning inc	50	High	0	0
zinsser jomax roof cleaner & mildew stain remover 60701	0	Unknown	0	0
paver cleaning	500	High	0.59	11
paver sealing	500	Medium	4.83	18.5
gutter cleaning	500	Medium	5.95	28.64
gutter brightening	50	Low	0	0
window cleaning	500	High	4.08	20.22
commercial pressure washing	500	High	0.73	5.85
parking lot cleaning	50	Medium	0	0
deck cleaning	500	High	0.44	10.88
gutter cleaning near me	5000	Low	6.46	22
window cleaning near me	5000	High	4.19	22.71
window washers near me	5000	High	4.19	22.71
gutter cleaning cost	500	Low	3.53	15.25
$99 gutter cleaning near me	50	High	0	0
sprayway glass cleaner	500	High	0.23	1.7
gutter cleaning service	500	Low	5.91	25.69
copper gutters	500	Medium	2.63	13.56
window washing	500	High	3.57	18.67
gutter cleaning services near me	50	Low	0	0
eavestrough cleaning	50	Low	0	0
paver sealing near me	5000	Medium	6.66	21.47
gutter guys near me	50	High	0	0
gutter cleaning prices	50	Medium	2.31	10
guttering near me	5000	High	14.31	62.26
rain gutter cleaning	50	High	0	0
rain gutter cleaning near me	5000	Low	6.46	22
window cleaning services	500	Low	1.24	5.52
residential window cleaning	50	High	5.14	19.78
ned stevens gutter cleaning cost	50	Unknown	0	0
local gutter cleaning	50	High	8.5	18.35
commercial window cleaning	50	Medium	7.9	18.45
gutter cleaners in my area	50	High	0	0
window cleaning services near me	500	Medium	2.59	24.21
paver cleaning and sealing near me	500	Medium	6.4	20.82
shine window cleaning	50	Medium	2.17	12.43
paver restoration near me	500	Low	6.76	22.65
professional window cleaning	50	Low	3.75	18.29
handyman to clean gutters near me	50	Unknown	0	0
gutter cleaning near me prices	50	High	0	0
best window cleaner	50	High	0.24	2.24
powell and sons gutter cleaning	50	Unknown	0	0
best gutter cleaning near me	50	High	0	0
gutter cleaning companies	50	Low	6.26	36.25
gutter cleaning prices near me	50	High	0	0
patio sealer	50	High	2.76	13.63
unger window cleaning	50	High	0.39	1.63
licensed gutter cleaners	50	Unknown	0	0
best glass cleaner	50	High	0.1	1
fish window cleaning near me	50	Medium	1.85	6.76
window cleaners in my area	50	High	9.9	72.46
windex outdoor window cleaner	50	High	0.13	0.83
paver cleaning and sealing	500	Medium	6.55	26.1
gutter vac	50	High	0	0
men in kilts window cleaning	50	Low	0	0
paver sealing companies near me	500	Low	8.83	27.48
gutter cleaning $75	50	Unknown	0	0
handyman gutter cleaning near me	50	Unknown	0	0
gutter cleaning $99	0	Unknown	0	0
deck cleaning service	50	Low	0	0
gutter and downspout cleaning	50	Medium	0	0
local window cleaners	50	High	0	0
outdoor window cleaner	50	High	0.43	15
gutter clean out	50	High	0	0
cost to clean gutters 2 story house	50	High	0	0
gutter cleaning and guard installation	50	High	0	0
clearview window cleaning	50	Medium	1.83	14.19
invisible glass cleaner	500	High	0.18	0.37
gutter cleaning companies near me	50	Low	0	0
gutter maintenance near me	50	Unknown	0	0
average cost of gutter cleaning	50	Medium	0	0
window cleaning business	50	Medium	1.54	4.22
drapery cleaning near me	500	Low	4.59	14.65
telescopic window cleaner	50	High	0.31	2.61
clean my gutters	50	High	0	0
exterior window cleaning	50	High	1.66	15
sunshine window cleaning	50	Medium	3.67	30
window cleaning company	50	Low	6.21	15.24
residential window cleaning near me	50	High	2.57	26.6
best way to clean windows	50	High	0.01	2.36
window cleaning company near me	50	Low	0	0
parking lot sweeper	50	High	1.82	5.33
gutter maintenance	50	Low	0	0
commercial gutter cleaning	50	Low	0	0
block paving cleaner	50	Unknown	0	0
gutter cleaning cost near me	50	High	0	0
residential window cleaning services	50	High	0	0
full crystal window cleaner	50	Medium	0	0
best way to clean gutters	50	High	3.48	16
deck cleaning and staining	50	Unknown	0	0
paver restoration	50	Medium	5.56	18.5
high rise window cleaning	50	Medium	1.29	9.4
professional gutter cleaning	50	Unknown	0	0
window cleaners near me prices	50	High	0	0
deck wash	50	High	0.36	1.48
best paver sealer	500	High	0.4	2.64
window cleaning prices	50	Medium	1.48	7.24
leaf gutter cleaner	50	High	3.24	17.66
downspout cleaning	50	Low	0	0
jim's window cleaning	0	Unknown	0	0
clean my gutters near me	50	High	0	0
window and gutter cleaning	50	Low	0	0
home gutter cleaning	50	Unknown	0	0
neds gutters	50	Unknown	0	0
deck cleaning and staining near me	0	Unknown	0	0
window washers near me residential	50	High	6.52	23.88
handyman gutter installation	50	High	0	0
gutter drain cleaning	50	Unknown	0	0
affordable gutter cleaning	50	Low	0	0
commercial window cleaning near me	50	High	5.87	20.82
paver sealer companies	500	Low	4.91	13.15
gutter cleaning estimate	50	Low	0	0
guttering services near me	500	Low	0	0
fireplace glass cleaner	50	High	0	0
gutter cleaning cost for 2 story house	50	Unknown	0	0
average price for gutter cleaning	50	Medium	0	0
gutter clean out near me	50	Unknown	0	0
window cleaning prices near me	50	High	0	0
window washers near me prices	50	High	0	0
eavestrough cleaning near me	5000	Low	6.46	22
gutter cleaning business	50	High	0	0
paver sealing and restoration	50	High	6.6	33.89
house window cleaning	50	High	3.27	11.72
gutter cleaning service cost	50	Medium	0	0
best gutter cleaning services	50	Low	0	0
someone to clean gutters	50	Unknown	0	0
black top pavement	50	Medium	4.2	13.7
gutter cleaning and guards	0	Unknown	0	0
window washing companies near me	500	Medium	2.59	24.21
gutter cleaning services in my area	50	Unknown	0	0
outside window cleaning	50	High	1.66	15
deck maintenance	50	Low	0	0
emergency gutter cleaning	50	Unknown	0	0
window washers residential	50	High	5.14	19.78
window washing business	50	Medium	1.54	4.22
affordable window cleaning near me	50	Unknown	0	0
patio sealing near me	50	High	0	0
neds gutter cleaning	50	High	0	0
window washing services	500	Low	1.24	5.52
forever clean gutters	50	Unknown	0	0
windex outdoor	50	High	0	0
window and gutter cleaning near me	50	Unknown	0	0
home window cleaning	50	Medium	0	0
extendable window cleaner	50	High	0.31	2.61
composite deck cleaner	50	High	0	0
spotless gutter cleaning	50	Low	0	0
local gutter cleaning services	50	Unknown	0	0
drapery cleaning	50	Low	0	0
men in kilts gutter cleaning	50	Unknown	0	0
windex glass cleaner	500	Low	0	0
duraguard paver sealing	50	Low	2.94	5.41
gutter and downspout cleaning near me	50	Unknown	0	0
patio sealer wet look	50	High	0	0
paver sealer near me	50	High	3.88	28.69
gutter cleaning near me cost	50	Unknown	0	0
paver sealer wet look	500	High	0.42	4.07
paver maintenance near me	50	Medium	0	0
leaf gutter cleaning near me	50	Unknown	0	0
gutter cleaning and gutter guard installation	50	High	0	0
window cleaning near me residential	50	High	5.47	22.61
clean gutters from ground	50	High	0	0
paver cleaning and sealing companies near me	50	High	5.41	18.5
cost to clean gutters per linear foot	50	Unknown	0	0
window cleaning cost	50	Medium	1.48	7.24
the gutter guys near me	50	High	0	0
gutter cleaning and power washing near me	50	Unknown	0	0
window washing companies	50	Low	6.21	15.24
automatic window cleaner	500	High	0.46	1.49
sparkle window cleaning	50	Low	3.5	10.96
gutter and drain cleaning	50	Unknown	0	0
seal pavers near me	50	High	4.96	18.5
commercial gutter cleaning near me	50	Unknown	0	0
downspout cleaning service	50	Unknown	0	0
outdoor furniture cleaner	50	High	0.27	4.65
paver sealer company near me	500	Low	8.83	27.48
deck cleaning near me	50	High	0	0
clean out gutters near me	50	Unknown	0	0
squeaky clean windows	50	High	0	0
gutter cleaning quotes	50	Low	0	0
brick paver sealer	50	High	0.6	10.17
best deck cleaner	50	Unknown	0	0
zep glass cleaner	50	High	0.2	1.29
home window cleaning near me	50	High	0	0
ettore window cleaning	50	High	0.24	2.29
yelp gutter cleaning	50	Unknown	0	0
gutter removal	50	Unknown	0	0
best window cleaners near me	50	High	3.14	16.02
block paving sealant	50	High	0	0
residential window cleaning prices	50	Unknown	0	0
best outdoor window cleaner	50	High	0.21	2.43
gutter guard cleaning	50	High	0	0
window well cleaning service near me	0	Unknown	0	0
downspout drain cleaning near me	50	Unknown	0	0
thumbtack gutter cleaning	50	Unknown	0	0
local gutter cleaners near me	50	Unknown	0	0
fish window cleaning prices	50	Medium	0	0
20 foot gutter cleaner	50	Low	0	0
gutter cleaning and pressure washing	50	High	0	0
gutter cleaning companies in my area	50	Low	0	0
window screen cleaner	50	High	0.26	2.17
gutters protection	50	Medium	5.85	40
wood deck cleaner	50	High	0.45	4.5
window steam cleaner	50	High	0.44	0.79
professional window cleaners near me	50	High	4.08	35.08
gutter cleaning and maintenance near me	50	Unknown	0	0
deck cleaning and staining companies near me	0	Unknown	0	0
best gutter cleaner	50	High	0	0
need gutters cleaned	50	Unknown	0	0
mint window cleaning	50	Low	4.61	20.77
someone to clean gutters near me	50	Unknown	0	0
paver cleaners near me	500	Medium	9.57	24.93
gutter drain cleaning near me	50	Unknown	0	0
mr gutter cleaning	50	Unknown	0	0
eaves cleaning	50	Unknown	0	0
professional drapery cleaning near me	50	High	0	0
removing hard water stains from glass	50	High	0.06	1.25
double sided window cleaner	50	High	0	0
gutterwand	50	Unknown	0	0
3m glass cleaner	50	High	0	0
groupon gutter cleaning	50	Unknown	0	0
home window cleaning services	50	High	0	0
domestic window cleaning	50	Unknown	0	0
block paving cleaning near me	0	Unknown	0	0
get gutters cleaned	50	Unknown	0	0
commercial window washing	50	Medium	7.9	18.45
down spout cleaning	50	High	0	0
local window washers	50	High	0	0
gutter leaf removal near me	50	Unknown	0	0
parking lot cleaning services	50	Low	0	0
gutter cleaning machine	50	Unknown	0	0
stove glass cleaner	50	High	0	0
crl glass cleaner	50	High	0.22	2.66
exterior window washing	50	High	0.43	15
window well cleaning	50	Unknown	0	0
telescopic gutter cleaner	50	Medium	0	0
glass cleaning services	50	High	0	0
handyman to clean out gutters	50	Unknown	0	0
gutter downspout cleaning	50	Medium	0	0
gutter service cost	50	Unknown	0	0
parking lot cleaning business	50	Low	0	0
pro gutter cleaning	50	Unknown	0	0
no clean gutters	50	Unknown	0	0
oven glass cleaner	50	High	0.03	0.52
window and screen cleaning near me	50	High	0	0
clogged gutter drain	50	Unknown	0	0
spouting cleaning	50	Unknown	0	0
drone window cleaning	50	High	1.13	14.52
angi gutter cleaning	50	Unknown	0	0
vinyl window cleaner	50	High	0.19	1.12
cost of gutter cleaning near me	50	Unknown	0	0
gutter cleaning cost per hour	50	Unknown	0	0
timbertech deck cleaner	50	High	0	0
gutter cleaning cape cod	0	Unknown	0	0
deck cleaning and sealing	50	Unknown	0	0
residential gutter cleaning near me	50	Unknown	0	0
pavers sealing companies near me	500	Low	8.83	27.48
clean and seal pavers near me	50	High	0	0
power washing and gutter cleaning near me	50	Unknown	0	0
crystal window cleaning	50	High	0	0
foam glass cleaner	50	High	0.27	1.33
gutter cleaning greenwood	0	Unknown	0	0
sparkle glass cleaner	50	High	0.19	4.37
downspout cleaning near me	50	Unknown	0	0
perfect glass cleaner	50	High	0	0
techniseal paver sealer	50	High	0	0
best window washers near me	50	High	3.14	16.02
handyman to clean gutters	50	Low	0	0
angi paving and sealing	50	Unknown	0	0
gutter cleaning cost per foot	50	Medium	0	0
eaves cleaning near me	50	Unknown	0	0
glass cleaning company	50	Unknown	0	0
gutter cleaning northern beaches	0	Unknown	0	0
best way to wash windows	50	High	0.01	2.36
window track cleaner	50	High	0	0
patio paver cleaning and sealing near me	50	High	0	0
hobot window cleaner	50	Low	0	0
pure water window cleaning	50	High	0	0
paver cleaning and sealing cost	50	Low	0	0
concrete paver sealer	50	High	0.45	5.41
cost to get gutters cleaned	50	High	0	0
best paver cleaner	50	High	0.3	11
professional glass cleaner	50	Medium	1.62	6
skyvac gutter cleaning	50	Unknown	0	0
gutter clean up	50	Unknown	0	0
best window cleaner for outside windows	50	High	0.21	2.43
gutter cleaning price per foot	50	Medium	0	0
gutter downspout cleanout	50	High	0	0
gutter and drain cleaning near me	50	Unknown	0	0
parking lot sweeping services	50	Low	3.84	33.59
best way to clean gutters from ground	50	High	0.41	7.39
gutter drain pipe cleaning	50	Unknown	0	0
interior window cleaning	50	Medium	0	0
gutter service in my area	50	Unknown	0	0
paver sanding and sealing near me	50	High	0	0
gutter maid	50	Unknown	0	0
deck cleaner home depot	50	High	0	0
aerotech gutter cleaning	0	Unknown	0	0
gutter cleaning and installation	50	Unknown	0	0
easiest way to clean gutters	50	Medium	0	0
paver sealing cost	50	Medium	3.25	18.5
paver repair and sealing near me	50	High	10.96	21.33
electric commercial pressure washer	50	High	0.61	2.01
industrial gutter cleaning	50	Unknown	0	0
parking lot sweeping companies near me	50	Low	0	0
i need my gutters cleaned	50	Unknown	0	0
patio cleaning and sealing near me	50	Unknown	0	0
patio paver sealer	50	High	0.48	9.23
long reach window cleaner	50	Low	0	0
gutter removal near me	50	Unknown	0	0
pavers restoration near me	50	Unknown	0	0
trex deck cleaner	50	Medium	0	0
commercial jet wash	0	Unknown	0	0
sealing travertine pavers	50	High	1.62	6.92
leaf removal from gutters	50	Unknown	0	0
clean rain gutters near me	50	Unknown	0	0
gutter cleaning and pressure washing near me	50	Unknown	0	0
windscreen cleaner	50	Low	0	0
pressure wash and seal pavers	50	High	0	0
shine gutter cleaning	50	Unknown	0	0
deck washing and staining near me	50	High	0	0
skyvac atom	50	Unknown	0	0
pressure washer gutter cleaner	50	Medium	0.28	8.15
shack shine gutter cleaning	50	Unknown	0	0
gutter doctor near me	50	Unknown	0	0
deck washing and staining	50	Unknown	0	0
brick paver restoration near me	50	High	0	0
bob's gutter cleaning	50	Unknown	0	0
high rise window cleaning near me	50	High	0	0
reflections window cleaning	50	Unknown	0	0
local gutter cleaning companies near me	50	Unknown	0	0
deck cleaning and staining services near me	0	Unknown	0	0
paver pressure washing and sealing	50	Low	0	0
residential window cleaning services near me	50	Unknown	0	0
power washing and gutter cleaning	50	High	0	0
driveway paver sealing	50	High	1.64	12.89
josh the window cleaner	50	Medium	0	0
apartment window cleaning	50	Unknown	0	0
removing hard water stains from exterior windows	50	Unknown	0	0
best way to clean windows outside	50	High	0.02	4.41
leaf and gutter cleaning	50	High	3.24	17.66
sky vac gutter cleaning	50	Unknown	0	0
gutter and fascia cleaning	50	High	0	0
gutter cleaner in my area	50	High	0	0
40 foot gutter cleaner	0	Unknown	0	0
paver maintenance	50	Low	3.73	13.05
patio sealing companies near me	50	Unknown	0	0
gutter clear	50	Medium	0	0
deck sprayer	50	High	0	0
brick paver sealing companies near me	50	Medium	0	0
home depot gutter cleaner	50	High	0	0
brick sealing companies near me	50	High	0	0
shine window cleaning near me	50	High	0	0
richmond gutters	50	Unknown	0	0
power wash and stain deck	50	High	0	0
gutter care	50	Unknown	0	0
parking lot sweeping near me	50	Low	0	0
gutter cleaning lower hutt	0	Unknown	0	0
clean roof and gutters	50	Unknown	0	0
mr sparkle window cleaning	50	Low	9.54	17.19
shine on window cleaning	50	High	0	0
ken's gutter cleaning	50	Unknown	0	0
gutter washing near me	5000	Low	6.46	22
ambassador window cleaning	50	Low	0	0
power wash and stain deck pricing	50	Unknown	0	0
cleaning eavestrough	50	Low	0	0
parking lot sweeping service near me	50	Medium	0	0
best price gutter cleaning	0	Unknown	0	0
best paver sealer companies near me	50	Unknown	0	0
independent window cleaners near me	0	Unknown	0	0
windex window cleaner	50	Low	0	0
olympic deck cleaner	50	High	0	0
commercial window cleaning prices	50	High	0	0
black owned gutter cleaning near me	0	Unknown	0	0
ryobi window cleaner	50	High	0	0
cost to clean roof and gutters	50	Unknown	0	0
window blind cleaning near me	50	High	0	0
water fed telescopic window cleaner	50	Unknown	0	0
gutter cleaning and guards near me	50	Unknown	0	0
gutter and fascia cleaning near me	50	Unknown	0	0
local window cleaners near me	50	High	0	0
groupon window cleaning	50	High	0	0
cleaning gutters with gutter guards	50	High	0	0
rain gutter cleaning cost	500	Low	3.53	15.25
best paver sealer wet look	50	High	0.23	1.36
power wash deck cost	50	Low	0	0
paver repair and sealing	50	High	0	0
best gutter cleaning service near me	50	Unknown	0	0
paver seal tampa	500	Medium	3	13.72
glass cleaner wipes	50	High	1.74	4.65
gutters downspouts	500	High	0.98	12.89
affordable window cleaning	50	Unknown	0	0
spouting cleaning near me	50	Unknown	0	0
a new view window cleaning	50	Unknown	0	0
eavestrough cleaning cost	500	Low	3.53	15.25
cost to clean out gutters	50	Unknown	0	0
patio sealer company	50	Unknown	0	0
external window cleaning	50	Unknown	0	0
blocked gutter drain	50	Unknown	0	0
sealing travertine pool deck	50	Low	0	0
companies that clean gutters near me	50	Unknown	0	0
craigslist gutter cleaning	50	Unknown	0	0
ultrasonic blind cleaning	50	High	0	0
paver power washing and sealing	50	Medium	0	0
window glass cleaner	50	High	0.03	6.27
power washing pavers	500	Medium	3.19	16.29
glass cleaning company near me	50	High	0	0
parking lot cleaning near me	50	Medium	0	0
sunshine gutter cleaning	50	Unknown	0	0
seventh generation glass cleaner	50	High	0	0
brick paver cleaning and sealing	50	Unknown	0	0
rj gutter cleaning	50	Unknown	0	0
pressure washing and gutter cleaning near me	50	High	0	0
industrial window cleaner	50	High	0	0
midwest gutter cleaning	50	Low	0	0
abseiling window cleaning	0	Unknown	0	0
driveway paver cleaning and sealing	50	High	9.15	31.49
fascia cleaning near me	50	High	0	0
pressure washing and sealing pavers near me	50	Medium	0	0
windex outdoor window cleaner pads	50	High	0	0
zep vinyl window cleaner	50	High	0.09	0.3
see through window cleaning	50	Low	0	0
clean your gutters	50	Unknown	0	0
clogged gutter downspout	50	High	0	0
window scrubber	50	High	0.26	6.98
pane in the glass window cleaning	50	Medium	0	0
shine windows	50	Medium	0	0
pool paver cleaning and sealing	50	High	0	0
the window gang	50	Unknown	0	0
parking lot cleaning services near me	50	Low	0	0
best drapery cleaners near me	500	Medium	1.4	4.23
american window cleaning	50	Medium	0	0
emergency gutter cleaning near me	0	Unknown	0	0
washing windows outside	50	High	1.66	15
cleanpro gutter cleaning	50	High	5.62	25.54
indoor window cleaning	50	Medium	0	0
paver restoration companies near me	50	Unknown	0	0
patio sealers near me	50	High	0	0
brick paver sealing near me	50	High	7.99	18.5
parking lot pressure washing	50	Low	0	0
gutter drain pipe clogged	50	Unknown	0	0
rise and shine window cleaning	50	High	0	0
industrial pressure washing	50	High	0.78	4.69
patio paver sealing near me	50	High	0	0
best block paving sealer	0	Unknown	0	0
window mold removal	50	High	0	0
sealing pavers around pool	50	High	0	0
deck cleaning and painting near me	0	Unknown	0	0
gutter cleaning and guard installation near me	50	Unknown	0	0
lot cleaning services	50	Unknown	0	0
pool deck cleaning services	50	Medium	0	0
cleanmade gutter cleaning	0	Unknown	0	0
pro window cleaning	50	Low	3.75	18.29
exterior gutter cleaning	50	High	5.27	30.93
driveway paver sealing companies near me	50	High	17.82	48.1
windowcleaner	50	Low	0	0
travertine paver cleaning and sealing	50	Unknown	0	0
residential gutter cleaning	50	Unknown	0	0
power wash and stain deck near me	0	Unknown	0	0
window cleaning services prices	50	Medium	1.48	7.24
gutter cleaning with gutter guards	50	High	0	0
long handled window cleaner	50	Low	0	0
glass cleaners near me	5000	High	4.19	22.71
deck cleaning companies near me	50	Unknown	0	0
oliver lester window cleaning	50	Unknown	0	0
best cleaner for hard water stains on glass	50	High	0	0
window washing cost	50	Medium	1.48	7.24
reseal pavers	50	High	3.37	26.72
average power washing cost	50	Unknown	0	0
ure seal h2o	50	High	0.3	4.56
local gutter cleaning companies	50	Unknown	0	0
bathroom glass cleaner	50	High	0	0
guttersucker	50	Unknown	0	0
industrial glass cleaner	50	High	0	0
patio power washing and sealing near me	50	Unknown	0	0
pavers repair and sealing	50	High	0	0
vax window cleaner	50	Unknown	0	0
deck cleaner and brightener	50	High	0	0
professional gutters	50	Unknown	0	0
jet wash drain cleaner	0	Unknown	0	0
commercial power washer trailer	50	High	1.89	9.5
pool deck cleaner	50	High	2.91	13.77
best cleaner for composite decking	50	High	0	0
leaffilter gutter cleaning	50	Low	0	0
professional paver cleaners	50	Unknown	0	0
armor all glass cleaner	50	High	0	0
commercial pressure washing company	50	Medium	0	0
clean mesh gutter guard	50	Unknown	0	0
no streak window cleaner	50	Medium	0.04	5.99
cost of cleaning gutters and downspouts	50	High	0	0
pressure washing commercial buildings	50	Low	0	0
gutter guards and cleaning	0	Unknown	0	0
power wash house cleaner	50	High	3.79	21.67
clear gutters near me	50	Unknown	0	0
power wash and seal pavers	50	Medium	0	0
foam window cleaner	50	High	0	0
cleaning high windows	50	High	0	0
office window cleaning	50	High	0	0
ecovacs window cleaner	50	High	0.56	2.16
wet and forget deck cleaner	50	Unknown	0	0
green leaf gutter cleaning	50	Unknown	0	0
gutter blockage removal	50	Unknown	0	0
commercial window cleaning services	50	Low	0	0
patio slab cleaner	50	Unknown	0	0
irobot gutter cleaner	50	Low	0	0
deck maintenance services	50	Unknown	0	0
gutter cleaning eastern suburbs	0	Unknown	0	0
reds gutter cleaning	0	Unknown	0	0
typical gutter cleaning costs	50	High	0	0
pressure washer for business	500	Medium	2.45	10.8
gutter guys construction	0	Unknown	0	0
best company to clean gutters	0	Unknown	0	0
rigdon window cleaning	50	Unknown	0	0
fence power washing	50	Medium	2.13	10.27
pressure washer deck cleaner	50	Low	0	0
paver cleaning and reseal cost	50	Unknown	0	0
the best window cleaner	50	Low	0	0
the gutter cleaning company	50	Unknown	0	0
windex window cleaning pads	50	High	0	0
star brite deck cleaner	50	High	0	0
hi sheen glass cleaner	50	High	0	0
commercial gutter cleaning prices	50	Unknown	0	0
gutter cleaning kenmore	0	Unknown	0	0
driveway paver sealing near me	50	High	0	0
window cleaning cost per window	50	Low	0	0
aerosol glass cleaner	50	High	0	0
natural window cleaner	50	High	0	0
north shore gutter cleaning	50	Low	0	0
bon ami glass cleaner	50	Unknown	0	0
affordable gutters and drains	50	Unknown	0	0
we clean windows	50	Low	0	0
patio paver restoration near me	50	Unknown	0	0
gleme glass cleaner	50	High	0	0
pressure wash pavers	500	Medium	3.19	16.29
power washing and deck staining near me	0	Unknown	0	0
srw paver sealer	50	High	0	0
lowes gutter cleaner	50	High	0	0
gutters service	500	Low	14.65	44.94
sorbo window cleaning	50	Low	0	0
gutter cleaning deals	50	Unknown	0	0
gutter filler	50	Unknown	0	0
deck cleaning and sealing near me	0	Unknown	0	0
building exterior cleaning services	50	Unknown	0	0
window vax	50	Unknown	0	0
ever clean gutters	50	Unknown	0	0
power wash windows	50	High	7.58	28.7
paver sealing and restoration near me	50	Unknown	0	0
commercial glass cleaner	50	High	0	0
kiam gutter vac	50	Unknown	0	0
boat deck cleaner	50	High	0.36	3.23
dumpster pad cleaning	50	Low	0	0
best water based paver sealer	50	High	0.44	1.4
superior gutter cleaning	50	Low	0	0
sunshine window	50	Medium	4.88	14.81
professional deck cleaning services	50	Unknown	0	0
wet and forget window cleaner	50	High	0	0
zep foaming glass cleaner	50	High	0	0
rain gutter maintenance	50	Low	0	0
window wipes	50	High	0.12	0.35
shine bright window cleaning	50	Medium	0	0
deck wash home depot	50	High	0	0
leaves in gutters	50	High	0	0
northshore gutters	50	Unknown	0	0
paver patio maintenance	50	Unknown	0	0
squeaky clean window cleaning	50	Medium	0	0
cleaning travertine pavers	50	High	2.8	8.63
patio paver sealer companies near me	50	High	0	0
water fed window cleaning	50	Unknown	0	0
clean leaves out of gutters	50	Unknown	0	0
pressure washing and paver sealing	50	Medium	0	0
gutter cleaning contractors	50	Low	0	0
natural glass cleaner	50	High	0	0
moerman window cleaning	50	Low	0	0
paver cleaning company	50	Unknown	0	0
deck treatment near me	0	Unknown	0	0
cleaning high gutters	50	Unknown	0	0
cost of having gutters cleaned	50	High	0	0
heavy duty glass cleaner	50	Medium	0	0
columbus gutter pros	50	Unknown	0	0
starbrite deck cleaner	50	High	0.25	1.14
block paving cleaning and sealing near me	50	Unknown	0	0
windex foaming glass cleaner	50	High	0	0
commercial parking lot sweeping	50	High	1.5	8.29
shiny window cleaning	500	Low	1.67	16.22
ryobi gutter cleaner	50	High	0	0
no wipe window cleaner	50	Medium	0	0
non toxic window cleaner	50	Low	0	0
best way to clean pavers	50	High	0.94	8.24
best wood deck cleaner	50	Unknown	0	0
window washing drone	50	High	1.13	14.52
house pressure washing companies	50	High	0	0
my gutters	50	High	0	0
ecolab glass cleaner	50	High	0	0
woodstove glass cleaner	50	Low	0	0
moss removal and gutter cleaning	0	Unknown	0	0
power washing pavers near me	50	Unknown	0	0
ned stevens gutter cleaner	50	Medium	8.68	28.54
superseal30 paver sealer	50	Low	0	0
stoner glass cleaner	50	High	0	0
brick paver maintenance near me	50	High	0	0
commercial exterior cleaning services	50	High	0	0
paving slab cleaner	50	Low	0	0
average cost to get gutters cleaned	50	Unknown	0	0
best way to wash windows outside	50	High	0.02	4.41
pool deck cleaning and sealing	50	Unknown	0	0
clearview gutter cleaning	50	High	0	0
pool deck power washing services	50	Unknown	0	0
chimney and gutter cleaning	0	Unknown	0	0
forever gutters	50	Unknown	0	0
maple leaf gutter cleaning	50	Unknown	0	0
amazon window cleaner	50	High	0	0
power washing commercial buildings	50	Low	0	0
under deck cleaning service	0	Unknown	0	0
gutter falling off house	50	Medium	0	0
clearview window	50	Low	0	0
best way to clean out gutters	50	High	0	0
eze breeze window cleaner	50	Unknown	0	0
2 story gutter cleaning cost	50	Unknown	0	0
building washing services	50	Unknown	0	0
fuller window cleaner	50	High	0	0
weiman glass cleaner	50	High	0	0
power washing service prices	50	Unknown	0	0
fuller crystal window cleaner	50	Unknown	0	0
indoor window cleaner	50	Medium	0	0
window cleaner for high windows	50	High	0	0
brick paver cleaning and sealing near me	50	High	0	0
dan's gutter cleaning	0	Unknown	0	0
brick paver sealer companies near me	50	Unknown	0	0
parking garage cleaning services	50	Low	0	0
pressure wash and stain deck	50	High	0	0
we wash windows	50	Unknown	0	0
parking lot power washing	50	Low	0	0
a better view window cleaning	50	Unknown	0	0
sprayway window cleaner	50	High	0	0
best way to clean window screens	50	High	0.02	0.46
the best glass cleaner	50	Low	0	0
mini blind cleaner	50	High	0	0
fence cleaning and staining	50	Unknown	0	0
pellet stove glass cleaner	50	High	0	0
trex cleaner	50	Unknown	0	0
non toxic glass cleaner	50	High	0	0
all clear gutter cleaning	0	Unknown	0	0
paver washing and sealing	50	High	0	0
commercial powerwashing	0	Unknown	0	0
firehouse gutter cleaning	0	Unknown	0	0
power washing and sealing near me	50	Unknown	0	0
gutter cleaning and maintenance	50	Low	0	0
cleaning brick pavers	50	High	0	0
window cleaning water	50	Unknown	0	0
deck cleaner lowes	50	High	0	0
window care	50	Low	0	0
clean out gutter drain pipe	50	Unknown	0	0
power washer gutter cleaner	50	Medium	0.28	8.15
commercial concrete cleaning	50	High	0	0
patio paver cleaner	50	High	0	0
patriot window cleaning	50	Low	0	0
cleaning leaf guard gutters	50	Unknown	0	0
gutter cleaning co	50	Unknown	0	0
building power washing	50	Low	0	0
gutter cleaning inner west	0	Unknown	0	0
pressure wash house cleaner	50	High	3.79	21.67
zep 40 glass cleaner	50	Unknown	0	0
paver sealing cost per square foot	50	Low	1.79	8.42
commercial steam pressure washer	50	Unknown	0	0
cleaning outside of gutters	50	High	5.27	30.93
sure seal paving	50	Unknown	0	0
pressure cleaning pavers	500	Medium	3.19	16.29
paver stripping and sealing near me	50	High	0	0
clearview window washing	50	Medium	1.83	14.19
eco glass cleaner	50	Unknown	0	0
commercial electric hot water pressure washer	50	Unknown	0	0
joe kenney gutter cleaning	50	Unknown	0	0
outdoor glass cleaner	50	High	0	0
paving stone cleaner	50	High	0	0
automatic window washer	50	High	0.72	2.6
home power washing companies	50	High	0	0
gutter cleaning logan	0	Unknown	0	0
professional window cleaning services	50	Low	0	0
brick paver restoration	50	Low	0	0
torch window cleaning	50	Unknown	0	0
ipe wood cleaner	50	Low	0	0
trident paver sealer	50	High	2.24	9.1
home power washing service	50	High	0	0
hard water glass cleaner	50	High	0	0
shiny windows	50	Low	3.98	22.83
best block paving cleaner	0	Unknown	0	0
building pressure washing	50	Medium	0	0
sand and seal pavers	50	High	4.35	17.13
glass cleaning services near me	50	Unknown	0	0
brick driveway sealer	50	High	0.68	11.77
sandstone paving sealer	50	Unknown	0	0
parking lot sweeper companies	50	Unknown	0	0
professional paver sealer	50	High	0	0
power wash and seal deck	50	Low	0	0
best sealer for travertine pavers	50	Unknown	0	0
deck pressure washing and staining near me	0	Unknown	0	0
one off window cleaning	0	Unknown	0	0
paving stone sealer	50	Medium	1.2	22.11
patio paver restoration	50	Unknown	0	0
paver resanding near me	0	Unknown	0	0
paver restoration cost	50	Low	0	0
gutter and soffit cleaning near me	50	High	0	0
washing windows with dawn	50	Medium	0	0
gutter cleaning west island	0	Unknown	0	0
crc glass cleaner	50	High	0	0
pressure washer window cleaner	50	High	0	0
bright window cleaning	50	Unknown	0	0
pool paver sealing	50	High	3.25	18.5
norwex window cleaning	50	High	0	0
gutter cleaning people	50	Low	0	0
ayers gutter cleaning	0	Unknown	0	0
long reach gutter cleaner	0	Unknown	0	0
ipe cleaner	50	High	0	0
gutter cleaning 2 story house cost	50	Unknown	0	0
vinyl fence cleaning	500	High	0.2	0.82
wood deck maintenance	50	Unknown	0	0
best glass cleaner for windows	50	High	0.07	1.23
superseal30 gloss sealer	0	Unknown	0	0
paver patio cleaning and sealing near me	50	Unknown	0	0
a clean gutter	50	Unknown	0	0
window blind cleaner	50	High	0	0
window mold cleaner	50	High	0	0
dan's gutter service	50	Unknown	0	0
bob's gutters	50	Unknown	0	0
gutter washing	50	Unknown	0	0
pool pressure washing	50	Medium	0	0
parking garage cleaning	50	High	0	0
external building cleaning	0	Unknown	0	0
gutter unblocking near me	0	Unknown	0	0
average price for power washing	50	Medium	2.2	6.24
wd40 for hard water stains on windows	50	High	0	0
porcelain paving cleaner	50	High	0	0
ure seal h20	50	High	0.38	6.56
deck stripping companies near me	0	Unknown	0	0
gutter drain cleanout	50	Unknown	0	0
water gutter cleaner	50	Unknown	0	0
fascia and soffit cleaning near me	50	Unknown	0	0
best brick paver sealer	50	Unknown	0	0
window cleaning wipes	50	High	0.18	4.65
best deck wash	50	Unknown	0	0
sprayer for deck stain	50	High	0.3	1.96
parking lot sweeper services near me	50	Medium	0	0
paver cleaning companies near me	50	Medium	0	0
deckwise cleaner	50	High	0	0
resanding pavers	50	Medium	5.38	12.85
pool deck cleaning services near me	50	High	0	0
two story gutter cleaner	50	Unknown	0	0
olympic premium deck cleaner	50	Medium	0	0
best fireplace glass cleaner	50	Unknown	0	0
ipe deck cleaner	50	High	0	0
window glass cleaning services	50	Unknown	0	0
eco friendly glass cleaner	50	Medium	0	0
high rise window washing	50	High	0	0
cabots deck clean	0	Unknown	0	0
professional jet washer	50	Unknown	0	0
pressure washer for commercial use	50	Low	0	0
window cleaning price per square foot	50	Unknown	0	0
telescopic window washer	50	High	0.31	2.61
power wash patio pavers	50	Low	0	0
brick patio sealer	50	High	0	0
downspout clean out	50	High	3.35	10.04
best way to clean your gutters	50	Low	0	0
deck restoration companies	50	Low	0	0
krud kutter gutter cleaner	50	High	0	0
best way to clean outdoor windows	50	High	0.02	4.41
gutter guard maintenance	50	Unknown	0	0
paver patio cleaning and sealing	50	Unknown	0	0
commercial building wash	50	Low	0	0
best sealer for travertine pool deck	50	High	0.51	9.1
commercial power washing prices	50	Low	0	0
pool deck cleaning near me	50	Medium	0	0
glance glass cleaner	50	High	0	0
the window cleaner	50	Medium	0	0
best heavy duty pressure washer	50	Unknown	0	0
perfect window cleaning	50	Unknown	0	0
best way to clean rain gutters	50	High	3.48	16
grayson's gutter cleaning	50	Low	0	0
best concrete paver sealer	50	High	0	0
pool deck pressure washing	50	Medium	7.32	16.91
the gutter cleaners	50	Unknown	0	0
best paver sealer natural look	50	High	0	0
professional deck cleaners	50	Unknown	0	0
northside gutters	50	Unknown	0	0
patio stone cleaning and sealing	0	Unknown	0	0
companies that clean and seal pavers	50	High	0	0
gutter cleaning guys	0	Unknown	0	0
best glass cleaner no streaks	50	Medium	0	0
local house pressure washing	50	Unknown	0	0
carpark sweeper	50	Low	0	0
pressure washing house siding	50	Low	0	0
best way to clean windows inside	50	High	0	0
seal and lock paver sealer	50	High	2.89	5.56
good window cleaner	50	High	0.24	2.24
gutter by the foot	50	Medium	0	0
cleaning sandstone pavers	50	High	0	0
safeway glass cleaner	50	High	0	0
seal n lock paver sealer	50	High	2.89	5.56
glass cleaner near me	50	Medium	0	0
best exterior window cleaner	50	High	0.21	2.43
windex window pads	50	High	0	0
someone to stain my deck	0	Unknown	0	0
safely glass cleaner	50	Low	0	0
driveway paving and sealing near me	50	Unknown	0	0
commercial parking lot cleaning	50	High	0	0
power wash my deck	0	Unknown	0	0
gutter soffit and fascia cleaning prices	0	Unknown	0	0
cleanmade gutter	0	Unknown	0	0
gutter and soffit cleaning	50	High	0	0
window cleaning pads	50	High	0	0
sparkle windows	50	Medium	0	0
30 second deck cleaner	50	High	0	0
behr deck cleaner	50	High	0	0
clearwater window cleaning	50	High	2.72	10.5
window frame cleaner	50	High	0	0
parking lot cleaning prices	50	Unknown	0	0
pure clean window cleaning	0	Unknown	0	0
gutter unclogger	50	Unknown	0	0
the window cleaning company	50	Unknown	0	0
superseal25 semi gloss sealer	50	Unknown	0	0
window tracks	50	Medium	0	0
mrs meyer's glass cleaner	50	High	0	0
long window cleaner	50	Unknown	0	0
need someone to pressure wash my house	50	Unknown	0	0
parking lot cleaning service near me	0	Unknown	0	0
power washer deck cleaner	50	Low	0	0
deck sealing companies	50	Unknown	0	0
fence cleaning and staining near me	50	High	0	0
simpson commercial pressure washer	50	High	0	0
best gutter cleaner near me	50	Unknown	0	0
power wash pool deck	50	Medium	7.32	16.91
power wash cleaning services	50	Low	0	0
dave's window cleaning	50	Low	0	0
affordable gutter service	50	Unknown	0	0
streakless window cleaner	50	High	0	0
deck cleaning and painting	0	Unknown	0	0
steve's gutter cleaning	50	Unknown	0	0
$99 gutter cleaning	50	High	0	0
water based sealer for pavers	500	High	0.41	3.95
best oven glass cleaner	50	Low	0	0
pressure washing and sealing	50	Medium	4.21	27.86
amazon gutter cleaner	50	Low	0	0
unger glass cleaner	50	High	0	0
windex pads	50	High	0	0
reach and wash window cleaning	0	Unknown	0	0
flowing gutters	50	Unknown	0	0
alain's gutter cleaning	50	Unknown	0	0
commercial pressure washing service	50	Low	0	0
lot sweeper	50	Unknown	0	0
best way to clean exterior windows	50	High	0.02	4.41
karachi window cleaner	50	High	0	0
seal my pavers	50	Low	0	0
igadpole	50	High	0	0
paving and sealing near me	50	Unknown	0	0
commercial heated pressure washer	50	Unknown	0	0
gutter cleaning hook	50	Unknown	0	0
sealing bluestone pavers	50	Unknown	0	0
arc gutter cleaning	50	Unknown	0	0
fascia and soffit cleaning prices	0	Unknown	0	0
best way to clean composite decking	50	High	0	0
ultimate gutter cleaner	50	Medium	0	0
gator efflorescence cleaner	50	Low	0	0
wfp window cleaning	50	Unknown	0	0
best power washer for business	50	Unknown	0	0
aerosol window cleaner	50	High	0	0
removing water spots from glass	50	Medium	0.15	1.25
windex outdoor all in one	50	High	0	0
clear deck railings	50	High	0	0
hard water window cleaner	50	High	0	0
wet look brick sealer	50	High	0	0
windex outdoor glass & patio concentrated cleaner	50	High	0	0
deck cleaning and sealing services near me	50	Low	0	0
best thing to clean windows	50	Unknown	0	0
best cleaner for trex decking	50	Unknown	0	0
amazon glass cleaner	50	High	0	0
skyvac 85	50	Unknown	0	0
skyvac industrial	50	Low	0	0
gutter pressure washer	50	High	5.4	16
best way to clean patio slabs	0	Unknown	0	0
safest way to clean gutters	50	Unknown	0	0
clearview window cleaning near me	50	Unknown	0	0
deck power washing and sealing near me	0	Unknown	0	0
pressure washing and staining near me	0	Unknown	0	0
30 foot gutter cleaner	50	Unknown	0	0
patio surface cleaner	50	Unknown	0	0
down spout cleaner	50	High	0	0
power wash sand and seal pavers	50	High	0	0
brick patio cleaning and sealing	50	Unknown	0	0
gutter cleaning 2 story house	50	Unknown	0	0
german fuentes gutter cleaning	0	Unknown	0	0
gutter cleaning commercial	50	Unknown	0	0
snow guards for gutters	50	Unknown	0	0
remove moss from pavers	50	Unknown	0	0
patio block sealer	50	High	0.2	7.53
window shine	50	Low	0	0
skyvac industrial 85	50	Low	0	0
green care glass cleaner	50	Unknown	0	0
gutter cleaning two story house	50	Unknown	0	0
deck wash lowes	50	High	0	0
building window cleaner	50	Low	0	0
company to power wash house	50	Unknown	0	0
parking lot clean up	50	Low	0	0
parking lot sweeping prices	50	Low	0	0
brick paver maintenance	50	Unknown	0	0
cleaning eaves and gutters	0	Unknown	0	0
seal king paving stone sealer	50	Unknown	0	0
local house power washing	50	High	0	0
meguiars window cleaner	50	High	0	0
best telescopic window cleaner	50	Unknown	0	0
sealant for patio slabs	50	Unknown	0	0
best deck cleaner for pressure washer	50	Unknown	0	0
starbrite non skid deck cleaner	50	High	0	0
sprayway foaming glass cleaner	50	Low	0	0
decking stain remover	50	High	0	0
clogged rain gutter	50	Medium	0	0
aggro carpet cleaning	50	Unknown	0	0
pressure cleaning and sealing pavers	50	Unknown	0	0
cleaning composite decking with vinegar	50	Unknown	0	0
gutters brighton	50	Unknown	0	0
best way to clean window tracks	50	Medium	0	0
extendable window washer	50	High	0.31	2.61
power wash cost house	50	Medium	2.6	10.01
pressure washing fence cost	50	Medium	0	0
inside window cleaner	50	High	0	0
marks window cleaning	50	Low	0	0
parking cleaning services	50	Unknown	0	0
window screen washer	50	High	0	0
good pressure washer for business	50	Unknown	0	0
automatic gutter cleaner	50	Medium	0	0
fascia and gutter cleaning near me	0	Unknown	0	0
stoner invisible glass cleaner	50	High	0.2	0.75
no wipe outdoor window cleaner	50	High	0	0
cleaning brick house	50	Low	0	0
unclogging gutter drain pipe	50	Unknown	0	0
power wash fence cost	50	High	0	0
high rise cleaning	50	Unknown	0	0
gutter brightening cost	50	Unknown	0	0
gutter cleaning pros	50	Unknown	0	0
tennant parking lot sweeper	0	Unknown	0	0
krud kutter window wash	50	High	0	0
keep gutters clean	50	High	0	0
deck powerwashing	50	Unknown	0	0
blocked gutter cleaning	0	Unknown	0	0
gunk glass cleaner	50	High	0	0
best deck cleaner for mold and mildew	50	Unknown	0	0
windex outdoor cleaner	50	High	0	0
microfiber window cleaner	50	High	0	0
best way to clean a deck	50	High	0	0
double sided glass cleaner	50	Unknown	0	0
cost to clean and seal pavers	50	Unknown	0	0
deck prep for staining	50	Low	0	0
concrete paver restorations	50	Low	0	0
absolute gutter cleaning	0	Unknown	0	0
meguiar's vinyl cleaner	50	High	0	0
block paving driveway cleaning near me	0	Unknown	0	0
best way to clean block paving	50	Unknown	0	0
parking lot pressure washing prices	50	Unknown	0	0
unblock gutter drain	0	Unknown	0	0
cleaning double pane windows	50	Medium	0	0
behr wood cleaner	50	Low	0	0
anti static glass cleaner	50	Low	0	0
unilock paver sealer	50	High	0	0
cleaning limestone pavers	50	Unknown	0	0
deck cleaners and stainers near me	0	Unknown	0	0
exterior power washing cost	0	Unknown	0	0
travertine sealer for pools	0	Unknown	0	0
cleaning pavers with pressure washer	50	High	0	0
best way to keep gutters clean	50	Unknown	0	0
best sealer for outdoor travertine pavers	50	Unknown	0	0
reach and wash	0	Unknown	0	0
hotsy commercial pressure washer	50	Unknown	0	0
the best paver sealer	50	High	0	0
pressure cleaning and sealing	50	Medium	4.21	27.86
water spots on windows won t come off	50	High	0	0
2020 window cleaning	50	Unknown	0	0
deck maintenance cost	50	Unknown	0	0
fence power washing and staining near me	0	Unknown	0	0
block paving cleaning companies near me	0	Unknown	0	0
paver sanding and sealing	50	High	5.56	41.38
organic glass cleaner	50	High	0	0
keep gutters from clogging	50	Unknown	0	0
reliable window cleaning	50	Unknown	0	0
companies that power wash driveways	50	Unknown	0	0
world's best glass cleaner	50	High	0	0
deck cleaning companies	50	Unknown	0	0
deck pressure washing services	50	Unknown	0	0
wash siding on house	50	High	0	0
glaze n seal paver sealer	50	High	0.49	8.15
deck washing and sealing near me	0	Unknown	0	0
pool deck paver sealer	50	Low	0	0
commercial concrete cleaning services	0	Unknown	0	0
automatic glass cleaner	500	High	0.12	1.03
best deck stain remover	50	Unknown	0	0
brick patio cleaner	50	Unknown	0	0
unblock gutter	0	Unknown	0	0
best natural glass cleaner	50	High	0	0
best patio paver sealer	50	High	0.15	1.24
extension gutter cleaner	50	High	0	0
high pressure gutter cleaner	50	Unknown	0	0
paver patio cleaning near me	0	Unknown	0	0
best mirror cleaner no streaks	50	Unknown	0	0
deck mold cleaner	50	Unknown	0	0
parking garage sweeper	50	High	2	6.33
cleaning bluestone pavers	0	Unknown	0	0
best glass cleaner for tinted windows	50	High	0	0
no rinse window cleaner	50	High	0	0
meyers glass cleaner	50	High	0	0
vinyl fence cleaning service	50	Unknown	0	0
coast gutters	50	Unknown	0	0
best way to clean trex decking	50	Unknown	0	0
second story gutter cleaning	50	Unknown	0	0
star brite non skid deck cleaner	50	Low	0	0
pvc gutter cleaner	50	Unknown	0	0
glass cleaner for tinted windows	50	Medium	0	0
non streak window cleaner	50	High	0	0
best power washer for decks	50	Unknown	0	0
gutter vac cleaning	50	Unknown	0	0
heavy duty window cleaner	50	Unknown	0	0
worx gutter pro	50	Unknown	0	0
defy wood cleaner	50	High	0	0
building exterior washing	0	Unknown	0	0
whole house pressure washing cost	50	High	0	0
home depot window cleaner	50	High	0	0
cleaning travertine pool deck	50	Low	0	0
plexi glass cleaner	50	High	0.12	0.57
outside building cleaning	50	Unknown	0	0
high rise windows	50	Low	0	0
best way to clean glass windows	50	High	0	0
vinyl deck cleaner	50	Unknown	0	0
commercial building exterior cleaning	0	Unknown	0	0
best pressure washer for wood deck	0	Unknown	0	0
downspout cleaning cost	0	Unknown	0	0
limestone paving sealer	50	Unknown	0	0
patio clean and seal	50	Medium	0	0
kärcher professional pressure washer	50	Low	0	0
patio paver cleaning and sealing	50	Medium	0	0
gutters cleared	50	Unknown	0	0
unilock sealer	50	Unknown	0	0
windex outdoor cleaning pads	50	High	0	0
2nd story gutter cleaning	50	Unknown	0	0
cobble loc sealer near me	50	Unknown	0	0
windex outdoor pads	50	High	0	0
docapole gutter cleaner	0	Unknown	0	0
power wash wood deck	50	High	0	0
clean and seal patio pavers	50	Unknown	0	0
paver driveway maintenance	50	Medium	1.83	7.52
commercial power washing companies	50	Medium	0	0
bark gutter cleaning	0	Unknown	0	0
paver sealant home depot	50	High	0.24	1.87
4000 psi commercial pressure washer	50	High	0	0
cleaning window sills	50	High	0	0
gleaming gutters	50	Unknown	0	0
marble paver sealer	50	High	1.15	8.34
we clean gutters	50	Unknown	0	0
easyglide glass cleaner	50	High	0	0
guttercleaner	50	Unknown	0	0
tony's window cleaning	50	Unknown	0	0
h20 window cleaning	50	Unknown	0	0
simple green deck cleaner	50	High	0	0
gator paver sealer	50	Unknown	0	0
gutter cleaning cost per metre	0	Unknown	0	0
best boat deck cleaner	50	High	0	0
sanding and sealing pavers	50	High	4.35	17.13
best way to clean outdoor furniture	50	High	0	0
all clean window cleaning	50	Unknown	0	0
to clean gutters	50	Unknown	0	0
patio pavers restoration	50	Unknown	0	0
window seal cleaner	50	Low	0	0
removing gutter guards	50	Unknown	0	0
clr glass cleaner	50	Medium	0	0
power wash brick patio	50	Low	0	0
high rise window washing companies near me	0	Unknown	0	0
remove mold from deck	50	Low	0	0
pro clean window cleaning	0	Unknown	0	0
windex cleaning pads	50	High	0	0
best way to seal pavers	50	High	0	0
fence power washing and staining	0	Unknown	0	0
easiest way to clean windows	50	Medium	0	0
messmers deck cleaner	50	High	0	0
two sided window cleaner	50	Low	0	0
window groove cleaner	50	Unknown	0	0
concrete paver restoration	50	Unknown	0	0
progutter	50	Low	0	0
hopes glass cleaner	50	High	0	0
plexus window cleaner	50	Low	0	0
tinted paver sealer	50	High	0.7	6.82
extended gutter cleaner	50	High	0	0
clean pro gutter	50	High	5.62	25.54
non skid deck cleaner	50	High	0	0
paver patio maintenance near me	50	Unknown	0	0
professional power washer near me	50	High	0	0
filter for gutters	50	High	19.15	57
reseal patio pavers	50	Unknown	0	0
windex for outside windows	50	High	0	0
aluminum gutter cleaner	50	High	0	0
find a gutter cleaner	50	Unknown	0	0
outdoor deck cleaner	50	Unknown	0	0
professional electric power washer	50	Low	0	0
best thing to clean windows with	50	Unknown	0	0
invisible glass glass cleaner	500	High	0.18	0.37
skyvac interceptor	50	Low	0	0
professional jet washing service	0	Unknown	0	0
paver wash	50	Low	0	0
best way to clean window sills	50	Medium	0	0
commercial power washer electric	50	High	0.61	2.01
powerwash gutters	50	High	5.4	16
windex original glass cleaner	50	Low	0	0
homewyse gutter cleaning	50	Unknown	0	0
window and glass cleaner	50	High	0.03	6.27
parking garage cleaning near me	50	Unknown	0	0
sealing and paving near me	0	Unknown	0	0
gutter cleaning north east	50	Unknown	0	0
wood burning stove glass cleaner	50	Low	0	0
washing outdoor windows	50	High	1.66	15
gutter pipe cleaner	50	Low	0	0
best professional power washer	50	High	0	0
best commercial electric power washer	0	Unknown	0	0
wash my windows	50	Unknown	0	0
timbertech cleaner	50	Unknown	0	0
diversey glass cleaner	50	Unknown	0	0
invisible window cleaner	50	High	0	0
crystal glass cleaner	50	High	0	0
cabot wood cleaner	50	High	0	0
deck mildew remover	50	High	0	0
whole house power washing cost	0	Unknown	0	0
thompson deck cleaner	50	Unknown	0	0
clear clogged gutter drain pipe	0	Unknown	0	0
cleaning outdoor pavers	50	High	0	0
2 story gutter cleaner	50	Unknown	0	0
business pressure washer	500	Medium	2.45	10.8
paver cleaner near me	50	Unknown	0	0
professional power washing company	50	Unknown	0	0
commercial driveway pressure washer	50	Unknown	0	0
best fence algae remover	50	Unknown	0	0
pressure washing apartment buildings	0	Unknown	0	0
gutter vac near me	0	Unknown	0	0
pressure wash and seal deck	50	Low	0	0
gutter cleaning long eaton	0	Unknown	0	0
best power washing companies	50	Unknown	0	0
trailer mounted hot water commercial pressure washer	50	Unknown	0	0
parking lot street sweeper	50	High	1.82	5.33
pool coping sealer	50	High	0	0
brick paver power wash	50	Unknown	0	0
cleaner for gutters	50	Low	0	0
garden furniture cleaner	50	Unknown	0	0
best pressure washer for pavers	50	Unknown	0	0
power washing pavers with polymeric sand	50	Unknown	0	0
non toxic deck cleaner	50	High	0	0
nilglass glass cleaner	0	Unknown	0	0
small parking lot sweeper	50	Unknown	0	0
best way to remove weeds from pavers	50	Unknown	0	0
best power washers for commercial use	50	Unknown	0	0
kc gutter cleaning	0	Unknown	0	0
john's gutter cleaning service	0	Unknown	0	0
synthetic teak boat decking	50	High	0	0
paver protection	50	High	0	0
glass steam cleaner	50	High	0.21	0.55
parkade cleaning	0	Unknown	0	0
best power washer for commercial use	50	Unknown	0	0
commercial paver sealer	50	High	0	0
drain gutter cleaner	50	Unknown	0	0
electric power washer commercial	50	High	0.61	2.01
bluesky window cleaning	50	Unknown	0	0
6m telescopic gutter cleaner	0	Unknown	0	0
chovery window cleaner	50	High	0	0
best way to clean large windows	50	High	0	0
sealing travertine pavers around pool	50	Unknown	0	0
azek deck cleaner	50	High	0	0
companies that power wash decks	0	Unknown	0	0
ipe wood maintenance	50	Unknown	0	0
norwex window	50	High	0	0
pavers sealer home depot	50	High	0.24	1.87
deck brightener for trex	50	Medium	0	0
professional block paving cleaner	0	Unknown	0	0
quality window cleaning	50	High	0	0
mobile home power washing services	50	Unknown	0	0
cabot deck cleaner	50	Unknown	0	0
all clean gutters	50	Unknown	0	0
pgt vinyl cleaner	50	Low	0	0
pressure washing buildings pricing	50	Unknown	0	0
clean outside windows from inside	50	Unknown	0	0
softwash business	50	Low	0	0
clean gutter downspout from ground	50	Unknown	0	0
remove mold from pavers	50	Medium	0	0
windex exterior window cleaner	50	High	0.13	0.83
fence algae remover	50	High	0	0
good glass cleaner	50	High	0	0
industrial pressure washing services	50	Unknown	0	0
best way to clean house windows	50	High	0	0
mario's gutter cleaning	0	Unknown	0	0
wood cleaner and brightener	50	Medium	0	0
u shaped window cleaner	50	Unknown	0	0
in and out gutter cleaning	0	Unknown	0	0
glass and mirror cleaner	50	Low	0	0
vision window cleaning	50	Low	0	0
armor all window cleaner	50	Medium	0	0
deck power washing and staining cost	50	Unknown	0	0
composite deck wash	50	High	0	0
power washing average cost	50	Medium	2.2	6.24
high level gutter cleaning	0	Unknown	0	0
top rated commercial pressure washers	50	High	0.57	3.79
cleaning pool pavers	50	High	0	0
paver cleaner home depot	50	High	0.36	4.9
pool deck pressure washing price	50	Unknown	0	0
easy clean outdoor furniture	50	High	0	0
clean sweep parking lot services	50	Low	0	0
gutters full of leaves	50	Unknown	0	0
parking lot cleaning business near me	0	Unknown	0	0
power wash driveway company	50	Low	0	0
teak cleaner and restorer	0	Unknown	0	0
rva gutter cleaning	50	Unknown	0	0
resanding patio pavers	50	Unknown	0	0
30 seconds window cleaner	50	High	0	0
seal lock paver sealer	50	Medium	0	0
best window washer	50	High	0.24	2.24
skyvac gutter cleaning near me	0	Unknown	0	0
high rise building window cleaning	50	Medium	1.29	9.4
parking garage pressure washing	50	High	5.44	10.91
bluestone sealing	50	Unknown	0	0
clean out gutters from ground	50	Unknown	0	0
power washing company prices	50	Unknown	0	0
sealing outdoor pavers	50	High	0	0
pavers coating	50	High	0	0
tower window cleaning	50	Low	0	0
best thing to wash windows with	50	Medium	0	0
timber deck maintenance	0	Unknown	0	0
plastic decking cleaner	50	Unknown	0	0
ure seal h2o paver sealer	50	High	0.78	3.81
pressure washing prices per square foot commercial 2022	0	Unknown	0	0
lot sweeping services	50	Unknown	0	0
condensation cleaner	50	Unknown	0	0
average cost to clean gutters per foot	50	Unknown	0	0
owatrol composite decking cleaner	0	Unknown	0	0
best window cleaner for tinted windows	50	High	0	0
parking lot clean up service	50	Medium	0	0
top rated paver sealer	500	High	0.4	2.64
deck cleaning and staining services	50	Unknown	0	0
best way to remove deck boards	50	Medium	0	0
hard water stains on windows	50	High	0	0
paver maintenance companies	50	High	0	0
cleaning trex decking with vinegar	50	Low	0	0
rainx for house windows	50	High	0	0
sodium percarbonate deck cleaner	50	Unknown	0	0
deck and fence cleaner	50	High	0	0
commercial pressure washer sales near me	50	Unknown	0	0
gutter sweeps	50	Medium	0	0
cost to clean gutters homewyse	0	Unknown	0	0
paver sealer natural look	50	High	0.2	5.42
acid wash pavers	50	Low	0	0
pressure wash building	50	Low	0	0
deck cleaning service cost	50	Unknown	0	0
best window cleaner for hard to reach windows	50	Unknown	0	0
tall building window cleaning	50	Medium	0	0
squidgy window cleaner	50	High	0	0
trex deck cleaner home depot	50	Unknown	0	0
best way to clean vinyl fence	50	High	0.22	0.55
gator seal wet look	50	Unknown	0	0
best way to clean gutter downspouts	50	Unknown	0	0
fastest way to clean gutters	50	Unknown	0	0
leaves in gutter	50	High	0	0
best cleaner for tinted windows	50	High	0	0
commercial cold water pressure washer	50	Unknown	0	0
dominator paver sealer	50	High	0.36	10.08
simoniz glass cleaner	50	Unknown	0	0
ure seal paver sealer	50	High	0.5	4.84
valspar deck cleaner	50	High	0	0
brick patio maintenance	0	Unknown	0	0
hot water pressure washer commercial	50	Low	0	0
spit shine gutter cleaning	0	Unknown	0	0
pressure washing wood deck	50	High	0	0
best pressure washer window cleaner	50	Low	0	0
best stain sprayer for deck	50	Unknown	0	0
best way to clean high gutters	50	Unknown	0	0
flipclean gutters	50	Unknown	0	0
best way to clean a wood deck	50	High	0	0
best paver sealer for pool deck	50	Unknown	0	0
armour all glass cleaner	50	High	0	0
best wet look patio sealer	50	Unknown	0	0
cost to seal driveway pavers	50	Medium	0	0
east gutter cleaning	0	Unknown	0	0
best way to remove paint from deck	50	High	0	0
best pool paver sealer	50	High	0	0
mamibot window cleaner	50	Unknown	0	0
commercial pressure washing cost	50	Low	0	0
power wash house cleaning exterior	50	Unknown	0	0
cleaning outdoor travertine pavers	50	Unknown	0	0
professional pressure washer company	50	Medium	0	0
block paving driveway cleaning and sealing near me	50	Unknown	0	0
best power washer for pavers	50	Unknown	0	0
best way to clean travertine pavers	50	Unknown	0	0
clear paver sealer	50	Medium	0	0
deck and fence restoration	0	Unknown	0	0
water based paver sealer wet look	50	High	0.4	1.22
cost to seal travertine pavers	50	Unknown	0	0
never pressure wash windows	50	High	0	0
pressure washing houses business	50	Unknown	0	0
paver cleaner lowes	50	High	0	0
professional pressure washer trailer	50	Unknown	0	0
hope's perfect glass cleaner	50	High	0	0
brick sealing companies	50	Unknown	0	0
black mold on pavers around pool	50	Medium	0	0
microfiber blind cleaner	50	Unknown	0	0
pressure washer commercial use	50	Low	0	0
paver degreaser	50	High	0.41	4.5
copper painted gutters	50	Medium	0	0
best cleaner for ipe deck	50	Unknown	0	0
composite deck cleaner home depot	50	Unknown	0	0
brick driveway cleaning	50	Low	0	0
asphalt paving and sealing near me	50	High	0	0
parking lot cleaning companies	50	Low	0	0
easiest way to clean out gutters	50	Unknown	0	0
wash and seal pavers	50	Unknown	0	0
the best commercial pressure washer	0	Unknown	0	0
gutter flusher	50	Unknown	0	0
composite decking maintenance	50	Low	0	0
best rated paver sealer	500	High	0.4	2.64
commercial power washing business	50	Low	0	0
gutter cleaning northern suburbs	0	Unknown	0	0
commercial duty pressure washer	50	Low	0	0
gutter cluster buster	0	Unknown	0	0
best sealer for brick patio	50	Unknown	0	0
oxiclean deck cleaner	50	Unknown	0	0
power washer for business	500	Medium	2.45	10.8
cedar deck cleaner	50	Unknown	0	0
jay's gutter cleaning	0	Unknown	0	0
power wash and re sand pavers	0	Unknown	0	0
boomjoy window cleaner	50	Unknown	0	0
best way to clean patio pavers	50	High	0	0
ace gutter guard	50	Unknown	0	0
paver sealing plus	50	Unknown	0	0
power washer window cleaner	50	High	0	0
eco friendly deck cleaner	50	Unknown	0	0
h&c paver sealer	50	High	0	0
removing water stains from glass	50	Medium	0.15	1.25
defy deck cleaner	50	High	0	0
solvent based paver sealer	50	High	0	0
mirror wipes	50	Unknown	0	0
paver stains	50	High	1.03	6.46
block paving cleaning and sealing	0	Unknown	0	0
paver sealer price per square foot	50	Low	0	0
pro clean gutters	0	Unknown	0	0
pool concrete cleaner	50	High	0	0
best driveway paver sealer	50	High	0	0
industrial pressure cleaning	50	Unknown	0	0
power wash building cost	50	High	0	0
stoner window cleaner	50	High	0	0
power washing pavers around pool	50	High	0	0
trex deck cleaning near me	0	Unknown	0	0
sealing brick	50	High	0.95	3.32
paver washer	50	High	0	0
best cleaner for patio slabs	50	Unknown	0	0
pressure wash my house cost	50	Unknown	0	0
sealright paving	0	Unknown	0	0
alfabot window cleaner	50	Unknown	0	0
clean and shine window cleaning	50	Medium	2.17	12.43
simple green glass cleaner	50	Low	0	0
builders window cleaning	0	Unknown	0	0
black mold on deck wood	50	Unknown	0	0
fraser gutter cleaning	0	Unknown	0	0
best stove glass cleaner	50	High	0	0
zep deck cleaner	50	Unknown	0	0
j&d paving and sealing	50	High	0	0
cloudy window glass	50	Low	0	0
ipe deck cleaner and brightener	50	Unknown	0	0
remove rust from pavers	50	High	0.21	4.5
driveway power washing companies	50	Low	0	0
commercial pressure washing price per square foot	50	Unknown	0	0
lowes window cleaner	50	High	0	0
seal n lock paver sealer near me	50	Unknown	0	0
ova8	50	Unknown	0	0
clean water spots off glass	50	High	0	0
deck cleaning and oiling	0	Unknown	0	0
clean deck without pressure washer	50	Unknown	0	0
jet washing block paving	0	Unknown	0	0
brick paver sealer near me	50	Unknown	0	0
best ipe deck cleaner	50	Unknown	0	0
natural deck cleaner	50	Unknown	0	0
patiocleaner	0	Unknown	0	0
best home window cleaner	50	Medium	0	0
deck sealing company near me	50	Unknown	0	0
commercial pressure washing business	50	Low	0	0
top power washing companies	50	Unknown	0	0
best way to clean a gutter	50	High	3.48	16
timber deck cleaner	0	Unknown	0	0
paintmaster block paving sealer	0	Unknown	0	0
proclean gutter cleaning	0	Unknown	0	0
deck and siding cleaner	50	Unknown	0	0
efflorescence cleaner for pavers	50	High	0	0
gutter and fascia cleaning prices	50	Unknown	0	0
commercial hot water power washer	0	Unknown	0	0
best cleaner for gutters	50	High	0	0
matte paver sealer	50	Low	0	0
best sealer for outdoor pavers	50	Unknown	0	0
commercial window cleaning company	50	Low	0	0
skyvac commercial	50	Unknown	0	0
spring gutter cleaning	0	Unknown	0	0
block paving scrubber	0	Unknown	0	0
power washing cost near me	50	Unknown	0	0
remove algae from deck	50	High	0	0
deck algae cleaner	50	Unknown	0	0
paver driveway restoration	50	Unknown	0	0
composite decking cleaner and restorer	50	Unknown	0	0
power wash wood fence	50	Low	0	0
best sealant for pool coping	50	Unknown	0	0
patio and decking cleaner	50	Unknown	0	0
professional house power washing	50	Unknown	0	0
wet paver sealer	50	High	0	0
easiest way to clean gutters from the ground	50	High	0	0
brick driveway maintenance	50	Unknown	0	0
east coast gutter cleaning	0	Unknown	0	0
power wash vinyl fence	50	Low	0	0
ureseal	50	High	0.25	3.6
best way to wash exterior windows	50	High	0.02	4.41
cleaning soffits	50	High	2.12	10.31
best indoor window cleaner	50	Medium	0	0
glaze and seal paver sealer	50	High	0.49	8.15
home depot glass cleaner	50	High	0	0
best way to clean pavers without pressure washer	50	High	0	0
matte finish paver sealer	50	Low	0	0
concord gutter cleaning	50	Unknown	0	0
powerwashing house cost	0	Unknown	0	0
power washing brick pavers	50	Low	0	0
clean windows from inside	50	Unknown	0	0
estimate for pressure washing a house	50	Unknown	0	0
top paver sealers	50	Unknown	0	0
degreaser for pavers	50	High	0	0
pressure wash vinyl fence	50	Low	0	0
top commercial pressure washers	50	Unknown	0	0
deck cleaning and staining cost	50	Unknown	0	0
sherwin williams deck cleaner	50	Medium	0	0
paver seal coating	50	High	0	0
professional petrol pressure washer	0	Unknown	0	0
cost of powerwashing a house	50	Unknown	0	0
pet safe deck cleaner	50	Unknown	0	0
windex outdoor glass cleaner	50	High	0.13	0.83
fence power washing cost	50	High	0	0
need house pressure washed	0	Unknown	0	0
teak deck cleaner	50	Unknown	0	0
best way to clean concrete pavers	50	High	0	0
ultra gleam gutter cleaning	0	Unknown	0	0
patio block cleaner	50	High	0	0
price on pressure washing a house	50	Unknown	0	0
harris paving and seal	0	Unknown	0	0
cleaning stains off travertine pavers	50	Unknown	0	0
pool deck maintenance	50	Medium	0	0
remove mold from brick pavers	50	Unknown	0	0
high building window cleaner	50	Unknown	0	0
glass and surface cleaner	50	High	0	0
average cost for commercial pressure washing	50	Unknown	0	0
water based wet look paver sealer	50	High	0.4	1.22
guttersucker pro	0	Unknown	0	0
block paving maintenance	0	Unknown	0	0
soft wash pavers	50	Unknown	0	0
patio deck cleaning	50	Unknown	0	0
painted deck cleaner	50	High	0	0
professional paver cleaning	50	Unknown	0	0
best electric pressure washer for commercial use	50	Unknown	0	0
patio care	50	Low	0	0
the best deck cleaner	0	Unknown	0	0
sealing your patio pavers	50	Unknown	0	0
brick paver patio maintenance	50	Unknown	0	0
professional pressure washer service	50	Low	0	0
ure seal h20 paver sealer	50	High	0	0
deco paver sealer	50	High	0	0
eagle clear wet look solvent based acrylic concrete paver sealer	50	Unknown	0	0
remove grease from pavers	50	High	0	0
cost of paver sealing	50	Low	0	0
building window washing	50	Low	0	0
best block paving drive cleaner	0	Unknown	0	0
moss cleaner for patio	50	Unknown	0	0
commercial hot water pressure washer trailer	50	Unknown	0	0
estimate to power wash a house	0	Unknown	0	0
sealer for pavers lowes	50	High	0.47	1.92
professional hot water pressure washer	50	High	0	0
penetrating paver sealer	50	Medium	0	0
trex deck wash	50	Medium	0	0
all clean rain gutters	50	Unknown	0	0
patio power wash and seal	50	Unknown	0	0
sealant for block paving driveways	0	Unknown	0	0
deck mold and mildew remover	50	Low	0	0
simple green deck and fence cleaner	50	High	0	0
industrial pressure washing company	0	Unknown	0	0
cleaning wood deck with vinegar	50	Unknown	0	0
remove mold from fence	50	High	0	0
scotts deck cleaner	50	Unknown	0	0
cif glass cleaner	50	Unknown	0	0
removing stains from pavers	50	High	0.28	4.81
power wash graffiti removal	50	Unknown	0	0
top gutter cleaning	0	Unknown	0	0
best brick paver cleaner	50	High	0	0
clean your gutters from the ground	50	Unknown	0	0
the window washer	50	Unknown	0	0
cleaning porcelain slabs	0	Unknown	0	0
paver stone restoration	50	Unknown	0	0
wood deck wash	50	Low	0	0
a better gutter cleaner	50	Low	0	0
biodegradable deck cleaner	50	Low	0	0
best way to clean eavestroughs	50	Unknown	0	0
commercial pressure cleaning services	50	Low	0	0
auto gutter cleaner	50	Medium	0	0
clean my deck	50	Unknown	0	0
brick cleaning and sealing	0	Unknown	0	0
pressure wash outside house	50	Unknown	0	0
best way to clean gutters out	50	High	0	0
parking sweeper	50	Unknown	0	0
garage sweepers	50	Unknown	0	0
composite deck brightener	50	High	0	0
cost of cleaning and sealing pavers	50	Unknown	0	0
deck stain remover home depot	50	High	0	0
driveway pavers cleaning	50	High	0.29	4.5
gutter and siding cleaner	50	Unknown	0	0
power washer for pavers	50	High	0	0
the house & building wash company	0	Unknown	0	0
granite paving sealer	50	Unknown	0	0
soft wash deck cleaning	50	Unknown	0	0
best wood burning stove glass cleaner	0	Unknown	0	0
timbertech deckcleaner	50	Low	0	0
clean 2nd story gutters from ground	50	High	0	0
gutter spoon	50	Low	0	0
pressure washing patio pavers	50	High	0	0
best stain sealer for pressure treated wood	50	Unknown	0	0
cleaning the siding on house	50	High	0.22	13.91
ez smart gutter cleaner	50	Unknown	0	0
fence mould remover	50	High	0	0
spitshine gutters	0	Unknown	0	0
getting hard water stains off glass	50	High	0	0
power washing and staining fence	50	Unknown	0	0
driveway paving and sealing	0	Unknown	0	0
full crystal window cleaner home depot	0	Unknown	0	0
sealant for travertine pavers	50	Unknown	0	0
pavestone patio cleaner	0	Unknown	0	0
teak deck maintenance	50	Low	0	0
gutter cleaning new milton	0	Unknown	0	0
cleaning patio pavers with dawn	50	Unknown	0	0
paving stone sealer wet look	50	Unknown	0	0
cost to reseal pavers	50	Unknown	0	0
best heavy duty power washer	50	Unknown	0	0
commercial jet washing services	0	Unknown	0	0
lot cleaning	50	Low	0	0
remove moss from patio	50	Unknown	0	0
parking lot sweeping business	50	Unknown	0	0
good commercial pressure washer	50	High	0.57	3.79
oven window cleaner	50	Low	0	0
wet look for pavers	50	High	0	0
sealing paving slabs	50	Unknown	0	0
deck surface cleaner	0	Unknown	0	0
jr gutter cleaning	0	Unknown	0	0
composite deck stain remover	50	Unknown	0	0
applying sealer to pavers	50	Medium	0	0
window dust cleaner	50	Unknown	0	0
window cleaner for high rise apartments	50	Unknown	0	0
best way to clean gutters on two story house	50	Unknown	0	0
re sanding and sealing pavers	50	Unknown	0	0
extension to clean gutters	50	Unknown	0	0
power washing apartment buildings	50	Medium	0	0
power wash and seal patio	0	Unknown	0	0
pressure washing paver driveway	50	Medium	5.31	23.4
building pressure cleaning	50	Low	0	0
pressure wash wood fence	50	Low	0	0
gorilla paver sealing	50	High	0	0
parkade sweeper	50	Unknown	0	0
paver mold cleaner	50	Medium	0	0
best sealer for pavers around pool	50	High	0	0
best cleaner for patio pavers	50	Unknown	0	0
best professional electric pressure washer	50	Unknown	0	0
commercial diesel pressure washer	0	Unknown	0	0
pool coping cleaner	50	High	0	0
cleaning aluminium window frames	50	High	0	0
wood fence cleaning	50	High	0.33	4.5
bob vila window cleaner	50	Unknown	0	0
best way to clean brick pavers	50	High	0	0
pressure wash brick patio	50	Low	0	0
deck soft wash	0	Unknown	0	0
small commercial pressure washer	50	Unknown	0	0
driveway paver cleaner	50	High	0.29	4.5
paving stone maintenance	50	Unknown	0	0
best way to wash windows inside	50	High	0	0
atom gutter vac	50	High	0	0
high rise pressure washing	50	High	0	0
average price of pressure washing house	50	High	0	0
west coast gutter clean	0	Unknown	0	0
jet wash gutter cleaner	0	Unknown	0	0
reseal paver patio	50	Unknown	0	0
best deck cleaner and brightener	50	Unknown	0	0
best block paving sealer to stop weeds	50	Unknown	0	0
fascia cleaner	50	Medium	0	0
gutter smop	50	Unknown	0	0
best paver sealers wet look	50	Unknown	0	0
cost of powerwashing house	50	High	2.76	8.56
3m window cleaner	50	Unknown	0	0
patio sealer home depot	50	Unknown	0	0
deck wash for power washer	50	Unknown	0	0
deck cleaning contractors	50	Unknown	0	0
paver cleaner for pressure washer	50	Low	0	0
mobile power washing company	50	Unknown	0	0
power house pressure washing	50	High	0	0
best cedar deck cleaner	50	Unknown	0	0
block paving driveway sealer	50	Unknown	0	0
paver sealant lowes	50	High	0.47	1.92
power washing trex deck	50	Unknown	0	0
best travertine sealer for pools	0	Unknown	0	0
vinyl fence wash	500	High	0.2	0.82
porcelain slabs cleaner	0	Unknown	0	0
cleaning white gutters	50	Unknown	0	0
power wash outside house	50	Unknown	0	0
summit seal block paving sealer	0	Unknown	0	0
fabulosa glass cleaner	50	Low	0	0
deckwise cleaner and brightener	50	Unknown	0	0
skyvac gutter cleaner price	0	Unknown	0	0
wood deck cleaning service	0	Unknown	0	0
exterior power washing house	50	Unknown	0	0
wood deck cleaner and brightener	50	Unknown	0	0
sealing outdoor travertine	50	High	0.76	7.45
forever clean gutter	0	Unknown	0	0
upvc decking cleaner	0	Unknown	0	0
black and decker gutter cleaner	50	Unknown	0	0
window gutter	50	Low	0	0
timber tech cleaner	50	Unknown	0	0
remove green mold from deck	50	Unknown	0	0
home glass cleaner	50	Medium	0	0
best deck cleaner for pressure treated wood	50	High	0	0
action gutter cleaners	50	Low	0	0
stripping paver sealer	50	Medium	0	0
cleaning concrete around pool	50	Unknown	0	0
best way to clean white vinyl fence	50	High	0.27	0.52
seal n lock super wet	50	Medium	0	0
5 gallon paver sealer	50	High	0	0
krud kutter gutter wash	50	High	0	0
best pressure washer for professional use	50	Unknown	0	0
parking lot trash clean up	0	Unknown	0	0
water spots on windows	50	High	0	0
cc window cleaning	0	Unknown	0	0
sealer for travertine pool deck	50	High	0	0
gutter fascia cleaning	50	High	0	0
cleaning granite pavers	0	Unknown	0	0
remove mold from wood deck	50	Low	0	0
steam cleaning pavers	50	Unknown	0	0
roomba gutter cleaner	50	Unknown	0	0
oxygenated deck cleaner	50	Low	0	0
washing pavers	50	Medium	0	0
cleaning cambridge pavers	50	Unknown	0	0
sealing block paving cost	0	Unknown	0	0
paver repair and restoration	50	Unknown	0	0
clearview cleaners	50	Unknown	0	0
dawn window cleaner	50	Medium	0	0
duraguard pavers	50	Medium	0	0
clean my pavers	50	Unknown	0	0
national sealing pavers	50	Unknown	0	0
best driveway sealer for pavers	50	Low	0	0
power washing composite deck	50	Low	0	0
silacast sealer	50	High	0	0
pressure washing a building	50	Low	0	0
timbertech composite deck cleaner	50	Unknown	0	0
ryobi window washer	50	High	0	0
best rated commercial pressure washer	50	High	0.57	3.79
best cleaner for algae on deck	50	Unknown	0	0
composite cleaner	50	Low	0	0
srw high gloss paver sealer	0	Unknown	0	0
best sealer for limestone pavers	50	Unknown	0	0
best patio paver cleaner	50	Unknown	0	0
lowes paver sealer wet look	50	Unknown	0	0
concrete paver sealer wet look	50	High	0	0
paul's gutter cleaning	0	Unknown	0	0
paver sealing prices	50	Medium	0	0
redwood deck cleaner	0	Unknown	0	0
acid wash for pavers	50	Low	0	0
everclear paver sealer	50	Unknown	0	0
stihl gutter cleaner	50	High	0	0
sealing cambridge pavers	50	Unknown	0	0
industrial power washing services	50	Unknown	0	0
ph gutter cleaning	0	Unknown	0	0
best way to clean paving slabs	50	Unknown	0	0
removing rust stains from pavers	50	High	0	0
best pressure washer for fence	50	Unknown	0	0
decking mould remover	50	Low	0	0
natural look paver sealer	50	High	0.2	5.42
wash safe deck cleaner	0	Unknown	0	0
deck and house power washing	0	Unknown	0	0
paver dust	50	High	0	0
deck moss cleaner	0	Unknown	0	0
paver brick super seal	50	Low	0	0
price per square foot power washing	50	Medium	0	0
pool patio sealer	50	Unknown	0	0
block paving cleaning company	0	Unknown	0	0
seal my patio	0	Unknown	0	0
deck cleaning prices	50	Unknown	0	0
organic deck cleaner	0	Unknown	0	0
remove deck stain from vinyl siding	50	Unknown	0	0
cleaning slabs	50	High	0	0
orbit gutter cleaner	50	Unknown	0	0
professional paving cleaners	50	Unknown	0	0
best cleaner for paver patio	50	High	0	0
stone and paving cleaner	50	High	0	0
patio paver sealer wet look	50	Unknown	0	0
high gloss sealer for pavers	50	High	0	0
pvc deck cleaner	50	Unknown	0	0
activox deck cleaner	0	Unknown	0	0
american gutter cleaners	50	Unknown	0	0
ipe wood cleaner brightener	0	Unknown	0	0
remove moss from brick	50	Unknown	0	0
cleaning white vinyl fence	50	High	0.2	0.53
best protection for wood deck	50	High	0	0
price to seal pavers	50	Medium	2.88	14.7
ndis gutter cleaning	0	Unknown	0	0
slate patio sealer wet look	0	Unknown	0	0
uraseal paver sealer	50	High	0	0
blocked gutters ltd	0	Unknown	0	0
heavy duty commercial pressure washer	50	Unknown	0	0
gvs gutter vac	0	Unknown	0	0
cleanline fencing	0	Unknown	0	0
pressure washer for patio slabs	0	Unknown	0	0
pressure washing wood	50	High	0	0
best efflorescence cleaner for pavers	50	Unknown	0	0
sealer for outdoor pavers	50	Unknown	0	0
best way to clean pavers around pool	50	Unknown	0	0
patio and block paving seal	0	Unknown	0	0
commercial use pressure washer	50	Unknown	0	0
ryobi glass cleaner	50	Unknown	0	0
clean algae off deck	50	High	0	0
compressed air gutter cleaner	50	Unknown	0	0
srw paver seal	50	Unknown	0	0
cost for house power washing	50	Unknown	0	0
4m telescopic gutter cleaner	0	Unknown	0	0
best cleaner for siding and gutters	50	Unknown	0	0
block paving joint cleaner	0	Unknown	0	0
best pressure cleaner for pavers	50	Unknown	0	0
industrial pressure cleaning services	0	Unknown	0	0
best cleaner for aluminium window frames	50	High	0	0
best way to clean outside of gutters	50	High	0	0
low gloss paver sealer	50	High	0	0
paver protector and sealer	0	Unknown	0	0
cleaning double hung windows	50	Low	0	0
power wash pavers sand	50	Unknown	0	0
best patio sealer for pavers	50	Unknown	0	0
hardwood deck cleaner	50	High	0	0
get weeds out of pavers	50	Unknown	0	0
cement paver sealer	50	High	0	0
shiny paver sealer	50	Unknown	0	0
concrete and paver sealer	50	Unknown	0	0
wood deck cleaner home depot	50	High	0	0
best way to pressure wash a deck	50	Unknown	0	0
best way to remove snow from a wooden deck	0	Unknown	0	0
best pool deck cleaner	50	Medium	0	0
duradek cleaner	50	Low	0	0
nicolock paver sealer	50	Unknown	0	0
wet look paver sealer home depot	50	Unknown	0	0
pressure wash paver patio	50	Unknown	0	0
sealing bluestone patio	50	Unknown	0	0
cleaning composite decking with simple green	50	Unknown	0	0
commercial building pressure washing prices	50	Unknown	0	0
remove moss from deck	0	Unknown	0	0
best power washer for wood deck	0	Unknown	0	0
clean mold off deck	0	Unknown	0	0
sealing driveway pavers cost	50	Unknown	0	0
gutter hook cleaner	50	Unknown	0	0
clean your own gutters	0	Unknown	0	0
epoxy paver sealer	50	High	0	0
pressure washing pavers around pool	50	Unknown	0	0
pet friendly deck cleaner	0	Unknown	0	0
deck furniture cleaner	50	Unknown	0	0
seal and lock super wet look	50	Unknown	0	0
deck mildew cleaner	50	Unknown	0	0
cost to power wash commercial building	50	Unknown	0	0
patio paver cleaning companies	0	Unknown	0	0
portable parking lot sweeper	50	Unknown	0	0
unilock paver cleaner	50	Unknown	0	0
outdoor furniture mildew cleaner	50	High	0	0
clean wood deck without pressure washer	50	Unknown	0	0
commercial high pressure cleaning	50	Unknown	0	0
gutter vac home services	50	Unknown	0	0
best paver cleaner and sealer	0	Unknown	0	0
commercial sidewalk cleaning	50	Low	0	0
driveway sanding and sealing	50	Unknown	0	0
pressure treated wood cleaner	50	High	0	0
cost to pressure wash commercial building	50	Medium	0	0
garden slabs cleaner	0	Unknown	0	0
sealant on pavers	500	Medium	4.83	18.5
best sealant for patio pavers	50	Unknown	0	0
gutter cleaner amazon	50	Unknown	0	0
best paver stone sealer	50	Unknown	0	0
clean cloudy glass	50	Medium	0.03	1.33
the gutter cleaning people	50	Low	0	0
block paved driveway cleaning	0	Unknown	0	0
pressure washing brick pavers	50	Low	0	0
environmentally friendly deck cleaner	50	Unknown	0	0
glass surface cleaner	50	High	0	0
best natural window cleaner	50	High	0	0
remove sealer from pavers	500	High	0.35	9.1
high pressure paver cleaner	50	Unknown	0	0
sand to seal pavers	50	High	4.35	17.13
clean between deck boards	50	Low	0	0
best outdoor paver sealer	50	Unknown	0	0
worx wa4092	50	Unknown	0	0
house pressure washing business	50	Unknown	0	0
porcelain paver sealer	50	Unknown	0	0
wood deck cleaner for pressure washer	50	Unknown	0	0
average house power washing price	0	Unknown	0	0
deck cleaner safe for plants	50	Unknown	0	0
brick cleaning and sealing near me	0	Unknown	0	0
best way to clean driveway pavers	50	High	0	0
best wet look concrete paver sealer	50	Unknown	0	0
srw penetrating sealer	0	Unknown	0	0
ipe cleaner and brightener	50	High	0	0
best paver cleaner for pressure washer	50	High	0	0
simple green oxy solve deck and fence cleaner	50	Medium	0	0
pressure washing tall buildings	50	Low	0	0
best pressure washer for siding and deck	0	Unknown	0	0
pressure washer for pool deck	50	High	0	0
concrete paver cleaners and sealers	50	Unknown	0	0
best way to power wash a deck	50	Unknown	0	0
paver repair and cleaning near me	50	Unknown	0	0
commercial powerwashers	0	Unknown	0	0
best sealer for paver bricks	50	Unknown	0	0
mobile commercial pressure washer	0	Unknown	0	0
pressure wash travertine	50	Unknown	0	0
insette window and glass cleaner	0	Unknown	0	0
house pressure washing service near me	50	High	0	0
wood deck brightener	50	High	0	0
paver gloss sealer	50	High	0	0
timbertech deck cleaner lowe's	0	Unknown	0	0
best water based paver sealer wet look	50	Unknown	0	0
best sealer for unilock pavers	50	Unknown	0	0
cleaning ipe deck with oxiclean	50	Unknown	0	0
best wet dry vac for gutter cleaning	0	Unknown	0	0
sealing your pavers	50	Unknown	0	0
ure seal h2o near me	50	High	0	0
wood deck stain remover	50	Unknown	0	0
paradise pavers and sealing	50	Unknown	0	0
professional water pressure washer	50	Unknown	0	0
vinyl railing cleaner	0	Unknown	0	0
best degreaser for pavers	50	High	0	0
pressure clean house cost	50	Unknown	0	0
sealer for porcelain slabs	0	Unknown	0	0
best way to clean concrete pool deck	50	Unknown	0	0
gator seal natural look	50	Unknown	0	0
cost to pressure wash and seal pavers	50	Unknown	0	0
average price power wash house	50	High	0	0
zep wood deck and fence pressure wash	50	Unknown	0	0
wet & forget deck cleaner	50	Unknown	0	0
best power washer for decks and siding	0	Unknown	0	0
sandstone patio sealer wet look	0	Unknown	0	0
big building window cleaners	50	Unknown	0	0
average price for house power washing	0	Unknown	0	0
pressure washing block paving	50	Unknown	0	0
deck and fence wash	50	High	0	0
cleanline composite fencing	0	Unknown	0	0
sealthane paver sealer	50	High	1.46	6.19
soft wash deck	50	Unknown	0	0
water based travertine sealer	50	Medium	0	0
deckwise deck cleaner	50	High	0	0
techniseal natural look sealer	50	Unknown	0	0
block paving driveway cleaner	0	Unknown	0	0
best thing to clean patio slabs	0	Unknown	0	0
wood fence cleaning and staining	50	Unknown	0	0
cleaning mould off windows	50	High	0	0
deer creek paving and sealing	0	Unknown	0	0
chapin deck sprayer	50	High	0	0
reliable window washers	50	Unknown	0	0
travertine paver maintenance	50	Medium	0	0
belgard paver cleaner	50	Unknown	0	0
pressure washing sealed pavers	50	Unknown	0	0
cleaning pavers around pool	50	High	0	0
average cost to have house power washed	50	Medium	0	0
good deck cleaner	50	Unknown	0	0
remove stain from deck with pressure washer	0	Unknown	0	0
best power washing services	50	Unknown	0	0
behr 63 wood cleaner	50	High	0	0
portable commercial pressure washer	50	Unknown	0	0
wood deck care	50	Unknown	0	0
deck washer for pressure washer	50	Medium	0.44	15.29
cleaning pvc fence	500	High	0.2	0.82
pressure washing deck prices	50	Low	0	0
messmer's wood and deck cleaner	50	Unknown	0	0
best way to clean pvc fence	50	High	0.22	0.55
water based patio sealer	50	Low	0	0
composite decking care	50	Unknown	0	0
clean oven glass window	50	Low	0	0
best way to clean brick patio	50	Unknown	0	0
fence cleaning prices	50	Unknown	0	0
commercial pressure washer psi	50	Unknown	0	0
safe deck cleaner	50	Unknown	0	0
sealant for porcelain slabs	0	Unknown	0	0
pressure washer gutter cleaner lowe's	0	Unknown	0	0
cleaning moss off pavers	50	High	0	0
sealing limestone pavers around pool	0	Unknown	0	0
re sanding block paving	50	Unknown	0	0
clean pavers around pool	50	High	0	0
best way to clean outdoor travertine pavers	50	Unknown	0	0
superseal30	50	High	0	0
azek cleaner	50	Unknown	0	0
painted deck maintenance	0	Unknown	0	0
glossy paver sealer	50	High	0	0
best way to clean ipe deck	0	Unknown	0	0
pressure washing my deck	0	Unknown	0	0
best deck brightener	50	Unknown	0	0
scotts patio and deck cleaner	50	Unknown	0	0
best way to clean outdoor pavers	50	Unknown	0	0
deck cleaning cost	50	Unknown	0	0
clean mold off pavers	50	Unknown	0	0
cleaning garden slabs	50	Unknown	0	0
natural paver sealer	50	High	0	0
professional gutter & drain	50	Unknown	0	0
seal n lock super wet look	50	High	0	0
block paving sealing near me	0	Unknown	0	0
cost to power wash house and deck	0	Unknown	0	0
average price for power washing a home	0	Unknown	0	0
power washing brick driveway	50	Unknown	0	0
paver stain sealer	50	Unknown	0	0
porcelain slabs sealer	0	Unknown	0	0
best pressure washer professional	50	Unknown	0	0
wet look water based paver sealer	50	High	0	0
best wood brightener	50	High	0	0
cleaning weeds from pavers	50	Unknown	0	0
sanding paint off deck	50	Unknown	0	0
benjamin moore paver sealer	50	Unknown	0	0
cost to seal paver patio	50	Medium	0	0
rain gutter guys	50	High	0	0
chapin clean and seal deck sprayer	50	Unknown	0	0
surebond paver sealer	50	Unknown	0	0
paver patio power washer	0	Unknown	0	0
kill mold on deck	0	Unknown	0	0
cleaning cement pavers	50	Low	0	0
sun joe deck cleaner	50	Unknown	0	0
clean and restain deck	50	Unknown	0	0
brick walkway sealer	50	Unknown	0	0
timbertech deck wash	50	Low	0	0
clean vinyl fence without pressure washer	50	Unknown	0	0
acid wash brick pavers	50	Unknown	0	0
pressure wash travertine pavers	0	Unknown	0	0
sealing travertine pool coping	50	Unknown	0	0
gator sealer wet look	50	Unknown	0	0
best paving stone cleaner	0	Unknown	0	0
seal king paving stone sealer price	0	Unknown	0	0
wet look paver sealer water based	50	High	0	0
water based block paving sealer	0	Unknown	0	0
deck protect composite clean	0	Unknown	0	0
typical cost to pressure wash a house	50	Unknown	0	0
thompson's 3 in 1 wood cleaner	0	Unknown	0	0
block paving driveway maintenance	0	Unknown	0	0
masonry saver paver sealer	50	Medium	0	0
pro paver clean and seal	50	Medium	1.94	9.1
defy composite deck cleaner	50	Unknown	0	0
outdoor wood deck cleaner	50	Unknown	0	0
water based paver sealant	500	High	0.41	3.95
masonrysaver paver sealer	50	Unknown	0	0
seal pros & paving	0	Unknown	0	0
brick paver driveway sealer	50	Unknown	0	0
fence mold remover	50	High	0	0
power washing deck to remove paint	50	Unknown	0	0
sealing outdoor patio pavers	50	Unknown	0	0
low gloss patio paver sealer	0	Unknown	0	0
sealer for patio bricks	50	Unknown	0	0
fence cleaning company	50	Low	0	0
leaf stains on pavers	50	Medium	0	0
block paving sealant wet look	50	Unknown	0	0
no scrub deck cleaner	50	Unknown	0	0
deck wash for composite decking	0	Unknown	0	0
cleaner for patio pavers	50	Unknown	0	0
pressure washer extension for gutters	50	High	0	0
moss in gutters	50	Unknown	0	0
cost to pressure wash a fence	50	High	0	0
power washing your deck	0	Unknown	0	0
windowline cleaner	0	Unknown	0	0
power washer extension for gutters	50	Unknown	0	0
commercial gutter cleaning services	0	Unknown	0	0
paver kote crystal clear sealer	50	Unknown	0	0
average cost to have your house power washed	50	Unknown	0	0
clean grease off pavers	50	Unknown	0	0
prep for staining deck	50	Low	0	0
best way to clean decking without a pressure washer	50	Unknown	0	0
duradek vinyl cleaner	50	Unknown	0	0
deck brite cleaner	0	Unknown	0	0
deck power wash cleaner	0	Unknown	0	0
gutter clutter buster home depot	0	Unknown	0	0
garden paving cleaner	0	Unknown	0	0
techniseal efflorescence cleaner	50	High	0	0
bluestone paver sealer	50	Unknown	0	0
seal this paving	0	Unknown	0	0
block pave sealant	50	High	0	0
seal pavers to prevent weeds	50	Unknown	0	0
remove moss from block paving	0	Unknown	0	0
natural mirror cleaner	50	Medium	0	0
deck cleaner for painted deck	0	Unknown	0	0
nicolock pavers cleaning	0	Unknown	0	0
best sealer for sandstone pavers	0	Unknown	0	0
cost to pressure wash pool deck	50	Low	0	0
deck board cleaner	50	Unknown	0	0
deck wash cleaner	50	Unknown	0	0
decking moss remover	0	Unknown	0	0
cost to pressure wash pavers	50	Unknown	0	0
resanding and sealing pavers	50	Unknown	0	0
remove green from decking	50	Unknown	0	0
sealing brick pavers patio	50	Unknown	0	0
ure seal h2o gloss	50	High	0	0
rustoleum paver sealer	0	Unknown	0	0
techo bloc sealer	0	Unknown	0	0
stihl rain gutter cleaner	50	High	0	0
krud kutter for gutters	50	Low	0	0
gutter line cleaner	0	Unknown	0	0
best cleaner for pressure treated wood	50	Unknown	0	0
streaky windows	50	Low	0	0
brick paver sealer wet look	50	High	0	0
house and deck cleaner	50	Unknown	0	0
paving sealer clear	50	Unknown	0	0
best way to clean oven glass window	50	Medium	0	0
cost to pressure wash and stain deck	50	Unknown	0	0
best sealant for sandstone paving	0	Unknown	0	0
best way to remove mold from wooden fence	50	Unknown	0	0
best brick driveway sealer	50	Unknown	0	0
best way to clean slabs	50	Unknown	0	0
deckwise deck and wood cleaner	50	Unknown	0	0
sealed patio pavers	50	Unknown	0	0
vinyl fence pressure washing	50	Unknown	0	0
deck wash for pressure washer	50	Unknown	0	0
deck cleaner for composite decking	50	High	0	0
best way to clean a white vinyl fence	50	High	0.27	0.52
gator clean efflorescence cleaner	50	High	0	0
pressure treated deck cleaner	50	Medium	0	0
cedar cleaner and brightener	50	Unknown	0	0
brick paver driveway maintenance	50	Unknown	0	0
balcony decking cleaning	0	Unknown	0	0
best way to clean porcelain slabs	0	Unknown	0	0
environmentally safe deck cleaner	50	Unknown	0	0
wood cleaner for pressure washer	50	Unknown	0	0
storefront pressure washing	50	High	0.77	5.19
unilock semi gloss protective sealer	0	Unknown	0	0
jet wash paving slabs	0	Unknown	0	0
sealing porcelain paving	0	Unknown	0	0
best way to remove moss from pavers	50	Unknown	0	0
best paver sealer for driveway	50	Medium	0	0
cleaning sealing pavers	50	Unknown	0	0
hoft solutions gate	50	Unknown	0	0
composite wood cleaner	50	Unknown	0	0
amazon krud kutter	50	Low	0	0
best way to seal brick pavers	50	High	0	0
high pressure deck cleaner	50	Unknown	0	0
palm beach paver restoration	50	Unknown	0	0
high tower window cleaning	0	Unknown	0	0
wood porch cleaner	50	Unknown	0	0
silacast paver sealer	50	High	0	0
clean between pavers	50	Unknown	0	0
remove deck stain from concrete	50	Medium	0	0
wet it and forget it deck cleaner	50	Unknown	0	0
cleaning your deck	0	Unknown	0	0
driveway block sealer	50	Unknown	0	0
high gloss water based paver sealer	50	Unknown	0	0
clean mold off wood fence	0	Unknown	0	0
alliance gator efflorescence cleaner	50	Unknown	0	0
paver shield clear sealer	50	High	0	0
best vinyl deck cleaner	50	Unknown	0	0
block paving sealer gloss finish	0	Unknown	0	0
jomax deck cleaner	50	Unknown	0	0
kris gutter cleaning	0	Unknown	0	0
natural stone paving sealer	50	Unknown	0	0
green deck cleaner	0	Unknown	0	0
remove rust from concrete pavers	50	Unknown	0	0
1 deck wood cleaner	0	Unknown	0	0
1 gal all in one wood and deck cleaner	50	Unknown	0	0
125 box gutter	0	Unknown	0	0
2 storey window cleaner	0	Unknown	0	0
30 minute deck cleaner	50	Unknown	0	0
30 second cleaner for decks	50	Unknown	0	0
30 second cleaner on pavers	50	High	0	0
30 second cleaner on wood deck	50	Unknown	0	0
30 second deck wash	50	Unknown	0	0
30 seconds deck and driveway cleaner	0	Unknown	0	0
ace deck cleaner	0	Unknown	0	0
acid cleaner for block paving	0	Unknown	0	0
acid cleaning pavers	50	Unknown	0	0
acid paving cleaner	0	Unknown	0	0
acid to clean pavers	50	High	0	0
acid to clean paving slabs	0	Unknown	0	0
acid wash concrete pavers	50	Unknown	0	0
acid wash patio pavers	50	Unknown	0	0
acid wash paving stones	50	Unknown	0	0
acid wash sandstone	0	Unknown	0	0
acorn stains on pavers	50	Unknown	0	0
acrylic illusions paver sealing	50	Low	0	0
acrylic paving sealer	0	Unknown	0	0
algae between pavers	50	Medium	0	0
algae on composite deck	50	Unknown	0	0
algae on deck	50	Low	0	0
algae on fence panels	0	Unknown	0	0
algae on fence removal	50	Unknown	0	0
algae on pavers	50	High	0	0
algae on paving slabs	0	Unknown	0	0
algae on travertine pavers	50	Unknown	0	0
algae on vinyl fence	50	High	0	0
algae on wood deck	50	Unknown	0	0
algae on wood fence	50	Unknown	0	0
algae remover fence	0	Unknown	0	0
algae remover wood	50	Unknown	0	0
algae wood cleaner	50	Unknown	0	0
all in one deck cleaner	50	Unknown	0	0
all in one wood cleaner behr	50	High	0	0
all natural deck cleaner	0	Unknown	0	0
all pro paver sealers	0	Unknown	0	0
all purpose deck cleaner	0	Unknown	0	0
all star paving and sealing	50	Low	0	0
alliance efflorescence cleaner	0	Unknown	0	0
alliance gator clean efflorescence cleaner	50	High	0	0
alliance gator cleaner	50	Unknown	0	0
alliance paver cleaner	0	Unknown	0	0
aluminum railing cleaner	50	Unknown	0	0
amazon deck cleaner	0	Unknown	0	0
applying block paving sealer	0	Unknown	0	0
applying deck cleaner	0	Unknown	0	0
applying patio sealer	50	Unknown	0	0
applying paving sealer	0	Unknown	0	0
applying sealant to pavers	50	Unknown	0	0
ar350 wet look sealer	50	Unknown	0	0
armor all deck wash	50	Unknown	0	0
armor deck cleaner	50	Unknown	0	0
artisan paver cleaner	50	High	0	0
at home deck cleaner	0	Unknown	0	0
australian deck cleaner	0	Unknown	0	0
average cost of house pressure washed	50	High	0	0
average cost to have a house pressure washed	50	Unknown	0	0
average cost to have your house pressure washed	50	Unknown	0	0
average cost to pressure wash a fence	50	Medium	0	0
azek deck cleaner home depot	0	Unknown	0	0
azek deck wash	0	Unknown	0	0
barrettine decking cleaner	0	Unknown	0	0
behr all in one deck cleaner	50	Unknown	0	0
behr deck cleaner home depot	50	Unknown	0	0
behr deckover cleaner	0	Unknown	0	0
behr sealer for pavers	50	High	0	0
behr waterproofing stain and sealer clean up	0	Unknown	0	0
belgard paver sealant	50	Medium	0	0
benjamin moore composite deck cleaner	0	Unknown	0	0
benjamin moore deck cleaner	50	Unknown	0	0
benjamin moore stain remover	50	Unknown	0	0
benjamin moore wood cleaner	50	Unknown	0	0
best algae remover for fences	50	Unknown	0	0
best block paving driveway sealer	0	Unknown	0	0
best boat non skid cleaner	50	Unknown	0	0
best brick patio cleaner	50	Unknown	0	0
best brick paver wet look sealer	50	Unknown	0	0
best cleaner for concrete pool deck	50	Unknown	0	0
best cleaner for driveway pavers	50	Unknown	0	0
best cleaner for non skid boat deck	0	Unknown	0	0
best cleaner for outdoor pavers	50	Unknown	0	0
best cleaner for paving slabs	0	Unknown	0	0
best cleaner for pool coping	50	Unknown	0	0
best cleaner for travertine pavers	50	Unknown	0	0
best cleaner for trex	50	Unknown	0	0
best cleaner for vinyl outdoor furniture	0	Unknown	0	0
best cleaners for pavers	50	High	0.18	3.49
best commercial jet washer	0	Unknown	0	0
best commercial power washer 2021	0	Unknown	0	0
best commercial pressure washer 2020	0	Unknown	0	0
best composite deck wash	50	High	0	0
best concrete paver sealant	50	Unknown	0	0
best concrete sealer for pavers	0	Unknown	0	0
best deck and fence cleaner	0	Unknown	0	0
best deck and siding cleaner	50	Unknown	0	0
best deck cleaner brightener	50	Unknown	0	0
best deck cleaner for algae	0	Unknown	0	0
best deck cleaner for composite	0	Unknown	0	0
best deck cleaner for mold and algae	0	Unknown	0	0
best deck cleaner for painted wood	0	Unknown	0	0
best deck cleaner for power washer	50	Unknown	0	0
best deck cleaner for stained decks	50	Unknown	0	0
best deck cleaner for stained wood	0	Unknown	0	0
best deck cleaner home depot	0	Unknown	0	0
best deck cleaner reddit	50	Unknown	0	0
best deck cleaner to use with pressure washer	50	Unknown	0	0
best deck mildew remover	0	Unknown	0	0
best deck mold remover	50	Unknown	0	0
best deck prep cleaner	0	Unknown	0	0
best deck wash for composite decking	0	Unknown	0	0
best deck wash for mold	0	Unknown	0	0
best deck wash for stained decks	0	Unknown	0	0
best fence wash	50	High	0	0
best for cleaning slabs	0	Unknown	0	0
best garden slab cleaner	0	Unknown	0	0
best natural deck cleaner	50	Unknown	0	0
best no scrub deck cleaner	0	Unknown	0	0
best non skid deck cleaner	50	High	0	0
best non toxic deck cleaner	0	Unknown	0	0
best outdoor deck cleaner	50	Unknown	0	0
best outdoor paver cleaner	50	Unknown	0	0
best outdoor wood cleaner	50	Unknown	0	0
best painted deck cleaner	50	Unknown	0	0
best parking lot sweepers	0	Unknown	0	0
best patio block cleaner	0	Unknown	0	0
best patio block sealer	50	Unknown	0	0
best patio paver sealant	50	Unknown	0	0
best paver filler	50	Unknown	0	0
best paver sealer on the market	50	High	0	0
best paving slab cleaner	0	Unknown	0	0
best power washer for brick patio	0	Unknown	0	0
best power washer for trex decking	0	Unknown	0	0
best power washer for vinyl fence	50	Unknown	0	0
best pre stain deck cleaner	50	Unknown	0	0
best pressure washer for brick pavers	50	Unknown	0	0
best pressure washer for business use	50	High	0	0
best pressure washer for cleaning wood fence	0	Unknown	0	0
best pressure washer for decks and fences	0	Unknown	0	0
best pressure washer for pool deck	50	Unknown	0	0
best pressure washer for vinyl fence	50	High	0	0
best pressure washer for wood fence	0	Unknown	0	0
best pressure washer gutter cleaner	0	Unknown	0	0
best professional jet washer	0	Unknown	0	0
best rated deck cleaner	0	Unknown	0	0
best rated wet look paver sealer	0	Unknown	0	0
best redwood deck cleaner	50	Unknown	0	0
best sealant for concrete pavers	50	High	0	0
best sealant for patio slabs	50	Unknown	0	0
best sealer for belgard pavers	50	Unknown	0	0
best sealer for bluestone pavers	0	Unknown	0	0
best sealer for cambridge pavers	0	Unknown	0	0
best sealer for clay pavers	50	Unknown	0	0
best sealer for paver patio	50	Unknown	0	0
best sealer for pool coping	50	Unknown	0	0
best sealer for sandstone around pool	0	Unknown	0	0
best sealer for sandstone paving	0	Unknown	0	0
best sodium percarbonate deck cleaner	50	Unknown	0	0
best teak deck cleaner	50	High	0	0
best thing for cleaning decking	0	Unknown	0	0
best thing for cleaning patio slabs	0	Unknown	0	0
best thing for cleaning slabs	0	Unknown	0	0
best thing to clean block paving	0	Unknown	0	0
best thing to clean composite decking	50	Unknown	0	0
best thing to clean decking	0	Unknown	0	0
best thing to clean garden slabs	0	Unknown	0	0
best thing to clean pavers	50	High	0	0
best thing to clean paving slabs	0	Unknown	0	0
best thing to clean slabs	0	Unknown	0	0
best thing to clean wooden decking	0	Unknown	0	0
best thing to use to clean patio slabs	50	Unknown	0	0
best to clean patio slabs	50	High	0	0
best trex cleaner	50	Unknown	0	0
best way clean block paving	50	Unknown	0	0
best way of cleaning patio slabs	0	Unknown	0	0
best way to clean a block paved drive	0	Unknown	0	0
best way to clean a boat deck	50	Unknown	0	0
best way to clean a brick driveway	50	Unknown	0	0
best way to clean a brick patio	50	Unknown	0	0
best way to clean a cedar deck	0	Unknown	0	0
best way to clean a cedar fence	50	Unknown	0	0
best way to clean a deck with a pressure washer	0	Unknown	0	0
best way to clean a deck without a pressure washer	50	Unknown	0	0
best way to clean a fence	50	Unknown	0	0
best way to clean a mower deck	50	Unknown	0	0
best way to clean a painted deck	50	Unknown	0	0
best way to clean a painted pool deck	50	Unknown	0	0
best way to clean a paver patio	50	Unknown	0	0
best way to clean a pvc fence	50	Unknown	0	0
best way to clean a stained deck	50	Unknown	0	0
best way to clean a wood fence	50	Unknown	0	0
best way to clean algae from decking	50	Unknown	0	0
best way to clean aluminum fence	50	Unknown	0	0
best way to clean azek decking	50	Unknown	0	0
best way to clean between deck boards	0	Unknown	0	0
best way to clean between pavers	50	Unknown	0	0
best way to clean bird poop off fence	0	Unknown	0	0
best way to clean block paved driveway	0	Unknown	0	0
best way to clean block paving driveway	0	Unknown	0	0
best way to clean block paving without a pressure washer	0	Unknown	0	0
best way to clean bluestone pavers	0	Unknown	0	0
best way to clean boat deck	50	Unknown	0	0
best way to clean brick patio pavers	50	High	0	0
best way to clean brick paver patio	50	Unknown	0	0
best way to clean brick walkway	0	Unknown	0	0
best way to clean cambridge pavers	0	Unknown	0	0
best way to clean cedar fence	50	Unknown	0	0
best way to clean cement off patio slabs	0	Unknown	0	0
best way to clean concrete around pool	50	Unknown	0	0
best way to clean concrete fence posts	0	Unknown	0	0
best way to clean concrete patio pavers	0	Unknown	0	0
best way to clean concrete paving slabs	50	Unknown	0	0
best way to clean cool deck	0	Unknown	0	0
best way to clean deck railings	0	Unknown	0	0
best way to clean deck without pressure washer	50	Unknown	0	0
best way to clean decking boards	0	Unknown	0	0
best way to clean decking with a pressure washer	0	Unknown	0	0
best way to clean duradek	0	Unknown	0	0
best way to clean eaves	50	Unknown	0	0
best way to clean eco decking	0	Unknown	0	0
best way to clean fence panels	50	Unknown	0	0
best way to clean garden slabs	0	Unknown	0	0
best way to clean granite patio slabs	50	Unknown	0	0
best way to clean green off decking	0	Unknown	0	0
best way to clean green off fence	50	High	0	0
best way to clean indian sandstone paving	0	Unknown	0	0
best way to clean landscape bricks	50	High	0	0
best way to clean lawn mower deck	50	Unknown	0	0
best way to clean limestone pavers	50	High	0	0
best way to clean mold off deck	0	Unknown	0	0
best way to clean mold off vinyl fence	50	High	0	0
best way to clean moss from block paving	0	Unknown	0	0
best way to clean moss from pavers	50	Unknown	0	0
best way to clean moss off block paving	0	Unknown	0	0
best way to clean moss off pavers	50	Unknown	0	0
best way to clean mower deck	50	Unknown	0	0
best way to clean non skid boat deck	50	High	0	0
best way to clean old patio slabs	0	Unknown	0	0
best way to clean old wood fence	0	Unknown	0	0
best way to clean outdoor chairs	50	Unknown	0	0
best way to clean outdoor deck	0	Unknown	0	0
best way to clean outdoor slabs	0	Unknown	0	0
best way to clean outdoor vinyl fencing	50	Unknown	0	0
best way to clean oven window	50	Medium	0	0
best way to clean painted deck	50	Unknown	0	0
best way to clean patio bricks	50	Unknown	0	0
best way to clean paver stones	50	Unknown	0	0
best way to clean paving slabs without a pressure washer	50	Unknown	0	0
best way to clean paving stones	50	Unknown	0	0
best way to clean plastic decking	0	Unknown	0	0
best way to clean pollen off deck	0	Unknown	0	0
best way to clean pool deck	50	High	0	0
best way to clean porcelain patio slabs	0	Unknown	0	0
best way to clean pressure treated wood	50	Unknown	0	0
best way to clean pressure treated wood deck	0	Unknown	0	0
best way to clean pvc decking	50	Unknown	0	0
best way to clean red brick patio	50	Unknown	0	0
best way to clean sandstone pavers	0	Unknown	0	0
best way to clean sandstone paving	0	Unknown	0	0
best way to clean sandstone slabs	0	Unknown	0	0
best way to clean slippery decking	0	Unknown	0	0
best way to clean slippery paving slabs	0	Unknown	0	0
best way to clean soffit and fascia	50	High	0	0
best way to clean soffits	50	High	0	0
best way to clean steam deck screen	0	Unknown	0	0
best way to clean stone pavers	50	High	0	0
best way to clean timber deck	0	Unknown	0	0
best way to clean timbertech decking	50	Unknown	0	0
best way to clean trex	50	Unknown	0	0
best way to clean under mower deck	0	Unknown	0	0
best way to clean unilock pavers	0	Unknown	0	0
best way to clean up patio slabs	0	Unknown	0	0
best way to clean vinyl deck railing	0	Unknown	0	0
best way to clean vinyl decking	0	Unknown	0	0
best way to clean vinyl railings	0	Unknown	0	0
best way to clean weeds out of pavers	50	Unknown	0	0
best way to clean white fence	50	High	0	0
best way to clean white pvc fence	50	High	0	0
best way to clean wooden decking without a pressure washer	0	Unknown	0	0
best way to clean your deck	0	Unknown	0	0
best way to get green off decking	0	Unknown	0	0
best way to get green off fence	50	Unknown	0	0
best way to get moss off pavers	0	Unknown	0	0
best way to get moss out of block paving	0	Unknown	0	0
best way to get paint off a deck	0	Unknown	0	0
best way to get paint off deck	0	Unknown	0	0
best way to get paint off wood deck	0	Unknown	0	0
best way to get pollen off deck	0	Unknown	0	0
best way to jet wash block paving	0	Unknown	0	0
best way to power wash a fence	0	Unknown	0	0
best way to power wash a wood fence	0	Unknown	0	0
best way to power wash brick patio	0	Unknown	0	0
best way to power wash deck	50	Unknown	0	0
best way to power wash paver patio	0	Unknown	0	0
best way to power wash pavers	50	High	0	0
best way to prep a deck for painting	0	Unknown	0	0
best way to prep a deck for restaining	0	Unknown	0	0
best way to prep a deck for staining	50	Unknown	0	0
best way to pressure wash a fence	50	Unknown	0	0
best way to pressure wash a wood fence	0	Unknown	0	0
best way to pressure wash pavers	50	High	0	0
best way to pressure wash wood deck	50	Unknown	0	0
best way to pressure wash your house	0	Unknown	0	0
best way to remove algae from decking	0	Unknown	0	0
best way to remove algae from fence	50	Unknown	0	0
best way to remove algae from wood deck	0	Unknown	0	0
best way to remove cement from paving stones	50	Unknown	0	0
best way to remove concrete fence posts	50	High	0	0
best way to remove concrete posts	50	Unknown	0	0
best way to remove deck stain	50	Unknown	0	0
best way to remove decking	0	Unknown	0	0
best way to remove decking boards	50	Medium	0	0
best way to remove decking paint	50	High	0	0
best way to remove green algae from decking	0	Unknown	0	0
best way to remove green algae from fence	50	Unknown	0	0
best way to remove green from fence	50	Unknown	0	0
best way to remove moss between pavers	50	Unknown	0	0
best way to remove moss from between pavers	0	Unknown	0	0
best way to remove moss from block paving	0	Unknown	0	0
best way to remove moss from brick	0	Unknown	0	0
best way to remove moss from brick pavers	0	Unknown	0	0
best way to remove moss from patio	50	Unknown	0	0
best way to remove moss from patio pavers	50	Unknown	0	0
best way to remove moss from paving stones	0	Unknown	0	0
best way to remove old fence posts	50	Unknown	0	0
best way to remove paint from wood deck	50	Unknown	0	0
best way to remove pavers	50	Medium	0	0
best way to remove polymeric sand from pavers	50	Unknown	0	0
best way to remove rust from metal fence	50	Unknown	0	0
best way to remove snow from trex decking	0	Unknown	0	0
best way to remove solid stain from deck	0	Unknown	0	0
best way to remove stain from a deck	50	Unknown	0	0
best way to remove stain from wood deck	0	Unknown	0	0
best way to remove weeds from between paving slabs	50	Unknown	0	0
best way to remove weeds from patio	0	Unknown	0	0
best way to seal a patio	50	Unknown	0	0
best way to seal block paving	0	Unknown	0	0
best way to seal patio pavers	50	Unknown	0	0
best way to seal patio slabs	0	Unknown	0	0
best way to wash a deck	50	Unknown	0	0
best way to wash composite deck	0	Unknown	0	0
best way to wash pavers	50	High	0	0
best way to wash trex decking	0	Unknown	0	0
best way to wash vinyl fence	50	Unknown	0	0
best way to wash window screens	50	High	0.02	0.46
best wet look block paving sealer	0	Unknown	0	0
best wood deck cleaner and brightener	0	Unknown	0	0
best wood deck cleaner for mold and mildew	0	Unknown	0	0
best wood deck stain remover	0	Unknown	0	0
bird poop on pavers	50	Unknown	0	0
black limestone paving cleaner	0	Unknown	0	0
black mold between pavers	50	High	0	0
black mold on brick patio	50	Unknown	0	0
black mold on deck	50	Unknown	0	0
black mold on patio pavers	50	Unknown	0	0
black mold on pavers	50	High	0	0
black spots on trex decking	0	Unknown	0	0
bleach and water to clean fence	50	Low	0	0
bleach fence	50	Low	0	0
bleach fence cleaning	50	Unknown	0	0
bleach on fence	50	Unknown	0	0
bleach on vinyl fence	50	Unknown	0	0
bleach on wood fence	50	Unknown	0	0
bleach to clean fence	50	Unknown	0	0
bleach to clean wood fence	50	High	0	0
bleach wood fence	50	Low	0	0
bleaching a wood fence	50	Low	0	0
bleaching block paving	0	Unknown	0	0
bleaching patio pavers	50	Unknown	0	0
bleaching patio slabs	0	Unknown	0	0
bleaching pavers	50	Low	0	0
bleaching paving slabs	50	Unknown	0	0
block magic paving sealer	50	Unknown	0	0
block patio cleaner	50	Unknown	0	0
block patio sealer	50	High	0.2	7.53
block paving acid cleaner	0	Unknown	0	0
block paving care	50	Unknown	0	0
block paving cleaning and sealing prices	0	Unknown	0	0
block paving clear sealer	0	Unknown	0	0
block paving colour sealer	0	Unknown	0	0
block paving gap cleaner	0	Unknown	0	0
block paving maintenance driveway cleaning	0	Unknown	0	0
block paving moss	0	Unknown	0	0
block paving patio cleaner	0	Unknown	0	0
block paving power washer	50	Unknown	0	0
block paving protective coating	0	Unknown	0	0
block paving re sanding	0	Unknown	0	0
block paving restoration	50	Unknown	0	0
block paving rotary cleaner	0	Unknown	0	0
block paving sealant coverage	0	Unknown	0	0
block paving sealant to stop weeds	50	Unknown	0	0
block paving sealer near me	0	Unknown	0	0
block paving sealing company	0	Unknown	0	0
block paving steam cleaner	0	Unknown	0	0
block paving washer	0	Unknown	0	0
block paving weed sealer	0	Unknown	0	0
boat deck stain remover	50	Medium	0	0
boat non skid cleaner	50	Unknown	0	0
boat scuff erasers	50	Low	0	0
boat teak deck treatment	0	Unknown	0	0
bob vila deck cleaner	0	Unknown	0	0
bp paver sealer	50	Unknown	0	0
brick acid on block paving	0	Unknown	0	0
brick and patio sealer	50	High	0	0
brick patio cleaner home depot	0	Unknown	0	0
brick pavement sealer	50	High	0.6	10.17
brick paver cleaner home depot	50	Unknown	0	0
brick paver degreaser	50	Unknown	0	0
brick paver filler	50	Unknown	0	0
brick paver scrubber	0	Unknown	0	0
brick paver stain and sealer	50	Unknown	0	0
brick sidewalk sealer	0	Unknown	0	0
brick walkway cleaner	0	Unknown	0	0
brick weave cleaner	0	Unknown	0	0
brick weave sealant	0	Unknown	0	0
building exterior cleaning companies	0	Unknown	0	0
buildisa pressure washing	0	Unknown	0	0
business pressure washing service	0	Unknown	0	0
cabot deck wash	50	Unknown	0	0
cabot stain clean up	50	Unknown	0	0
cabot's everyday deck wash	0	Unknown	0	0
care for trex decking	0	Unknown	0	0
care of trex decking	0	Unknown	0	0
cassette deck cleaning	50	Medium	0	0
cassette deck maintenance	50	Unknown	0	0
cedar deck care	50	Unknown	0	0
cedar deck cleaner brightener	0	Unknown	0	0
cedar deck wash	50	Unknown	0	0
cedar fence cleaning	50	Low	0	0
cedar fence wash	50	Low	0	0
cedar wash home depot	50	Unknown	0	0
cedar wood brightener	50	High	0	0
cement stains on block paving	0	Unknown	0	0
cement stains on porcelain paving	0	Unknown	0	0
cementone brick cleaner	0	Unknown	0	0
chesapeake paving & sealing	0	Unknown	0	0
chlorine fence cleaning	50	Unknown	0	0
chlorine to clean fence	50	High	0	0
cil deck cleaner	0	Unknown	0	0
clay paver sealer	50	Unknown	0	0
clean a stained deck	50	Unknown	0	0
clean algae from fence	50	High	0	0
clean algae off fence	50	High	0	0
clean algae off vinyl fence	50	Unknown	0	0
clean algae off wood deck	50	Unknown	0	0
clean and re sand pavers	50	Unknown	0	0
clean and seal deck sprayer	50	Unknown	0	0
clean and seal paver	500	Medium	6.55	26.1
clean between paving slabs	0	Unknown	0	0
clean bird poop off fence	0	Unknown	0	0
clean bird poop off pavers	50	High	0	0
clean block paving without pressure washer	50	Unknown	0	0
clean brick patio mildew	0	Unknown	0	0
clean cement off pavers	0	Unknown	0	0
clean clay pavers	0	Unknown	0	0
clean composite deck with dawn	0	Unknown	0	0
clean composite deck with oxiclean	0	Unknown	0	0
clean concrete fence posts	0	Unknown	0	0
clean concrete off pavers	50	Unknown	0	0
clean concrete paving slabs	0	Unknown	0	0
clean cut fence company	50	Unknown	0	0
clean deck for staining	50	Unknown	0	0
clean deck stain off vinyl siding	0	Unknown	0	0
clean deck with dawn	0	Unknown	0	0
clean deck with vinegar	50	Unknown	0	0
clean deck without power washer	50	Unknown	0	0
clean deck without removing stain	0	Unknown	0	0
clean dirt off deck	0	Unknown	0	0
clean dirt off wood deck	0	Unknown	0	0
clean driveway block paving	0	Unknown	0	0
clean fence with pressure washer	50	Medium	2.13	10.27
clean fence without pressure washer	50	Unknown	0	0
clean garden fence	0	Unknown	0	0
clean garden paving slabs	0	Unknown	0	0
clean grease from pavers	50	Unknown	0	0
clean grease off brick patio	0	Unknown	0	0
clean grease off composite deck	0	Unknown	0	0
clean grease off deck	0	Unknown	0	0
clean grease off patio pavers	50	Unknown	0	0
clean grease off paver patio	0	Unknown	0	0
clean grease off trex deck	50	High	0	0
clean grease off wood deck	0	Unknown	0	0
clean green algae from wooden fence	50	Unknown	0	0
clean green algae off decking	50	Unknown	0	0
clean green algae off fence	0	Unknown	0	0
clean green decking	0	Unknown	0	0
clean green fence	50	Unknown	0	0
clean green from fence	50	Unknown	0	0
clean green mold off deck	50	Unknown	0	0
clean green moss off fence	50	Unknown	0	0
clean green mould off decking	50	Unknown	0	0
clean green off deck	0	Unknown	0	0
clean green off fence	0	Unknown	0	0
clean green off wooden fence	0	Unknown	0	0
clean leaf stains off pavers	50	Unknown	0	0
clean mahogany deck	0	Unknown	0	0
clean mildew off deck	50	Unknown	0	0
clean mildew off fence	0	Unknown	0	0
clean mildew off vinyl fence	50	High	0	0
clean mildew off wood fence	50	Unknown	0	0
clean mold off fence	50	Unknown	0	0
clean mold off trex decking	50	Unknown	0	0
clean mold off vinyl fence	50	High	0	0
clean mold off white vinyl fence	50	High	0	0
clean mold off wood deck	50	Low	0	0
clean mortar off patio	0	Unknown	0	0
clean mortar off pavers	50	Unknown	0	0
clean moss between pavers	50	Unknown	0	0
clean moss from block paving	0	Unknown	0	0
clean moss from brick	50	Unknown	0	0
clean moss from fence	50	Unknown	0	0
clean moss from pavers	50	Medium	0	0
clean moss off brick patio	0	Unknown	0	0
clean moss off brick pavers	50	Unknown	0	0
clean moss off deck	0	Unknown	0	0
clean moss off fence	0	Unknown	0	0
clean moss off patio pavers	0	Unknown	0	0
clean moss off wood fence	0	Unknown	0	0
clean mould off decking	0	Unknown	0	0
clean my patio slabs	0	Unknown	0	0
clean non skid boat deck	50	High	0	0
clean old fence	0	Unknown	0	0
clean old patio slabs	0	Unknown	0	0
clean old wood fence	50	Unknown	0	0
clean paint off trex decking	50	Unknown	0	0
clean painted wood deck	0	Unknown	0	0
clean patio slabs pressure washer	0	Unknown	0	0
clean pavers with muriatic acid	50	Medium	0	0
clean paving slabs naturally	0	Unknown	0	0
clean paving slabs pressure washer	0	Unknown	0	0
clean paving slabs without pressure washer	0	Unknown	0	0
clean pollen off deck	50	Unknown	0	0
clean polymeric sand haze	0	Unknown	0	0
clean polymeric sand off pavers	50	Unknown	0	0
clean porcelain paving	50	Unknown	0	0
clean pro gutter cleaning near me	50	Unknown	0	0
clean pro gutter cleaning services	0	Unknown	0	0
clean red brick patio	0	Unknown	0	0
clean rust off pavers	50	Unknown	0	0
clean rust off trex	0	Unknown	0	0
clean sap off deck	0	Unknown	0	0
clean skateboard deck	50	Unknown	0	0
clean slabs without pressure washer	0	Unknown	0	0
clean slippery deck	50	Unknown	0	0
clean slippery pavers	0	Unknown	0	0
clean stained pavers	50	High	0.28	4.81
clean stains off pavers	50	Unknown	0	0
clean steam deck	50	Unknown	0	0
clean steam deck screen	50	Unknown	0	0
clean the decks	50	Unknown	0	0
clean under deck	0	Unknown	0	0
clean under mower deck	50	Unknown	0	0
clean up patio slabs	0	Unknown	0	0
clean vinyl deck railing	0	Unknown	0	0
clean vinyl fence algae	50	Unknown	0	0
clean vinyl fence with bleach	50	Unknown	0	0
clean weeds from pavers	50	Unknown	0	0
clean white fence	50	Low	0	0
clean white pvc fence	50	High	0.2	0.53
clean wood fence with bleach	50	Unknown	0	0
clean wood fence without pressure washer	50	Unknown	0	0
clean wood outdoor furniture	50	Medium	0	0
clean wrought iron fence	50	Unknown	0	0
cleaner for brick house	50	Low	0	0
cleaner for concrete pavers	50	Low	0	0
cleaner for deck wood	0	Unknown	0	0
cleaner for garden slabs	0	Unknown	0	0
cleaner for painted deck	0	Unknown	0	0
cleaner for paver patio	50	Unknown	0	0
cleaners for siding on a house	0	Unknown	0	0
cleaning a brick driveway	50	Low	0	0
cleaning a deck without power washer	0	Unknown	0	0
cleaning a mahogany deck	0	Unknown	0	0
cleaning a paver patio	50	Unknown	0	0
cleaning a wood fence with bleach	0	Unknown	0	0
cleaning a wood fence with oxiclean	0	Unknown	0	0
cleaning algae from paving slabs	0	Unknown	0	0
cleaning algae off fence panels	50	Unknown	0	0
cleaning algae off pavers	50	Unknown	0	0
cleaning algae off wooden fence	0	Unknown	0	0
cleaning aluminum fence	50	Unknown	0	0
cleaning and re sanding block paving	0	Unknown	0	0
cleaning and staining wood fence	0	Unknown	0	0
cleaning azek trim	0	Unknown	0	0
cleaning bbq grease off pavers	50	Unknown	0	0
cleaning belgard pavers	0	Unknown	0	0
cleaning between block paving	0	Unknown	0	0
cleaning between patio slabs	0	Unknown	0	0
cleaning between pavers	50	Unknown	0	0
cleaning black limestone patio slabs	0	Unknown	0	0
cleaning black limestone paving	0	Unknown	0	0
cleaning block paving joints	0	Unknown	0	0
cleaning block paving with pressure washer	0	Unknown	0	0
cleaning block paving without a pressure washer	0	Unknown	0	0
cleaning brick driveway pavers	0	Unknown	0	0
cleaning brick patio moss	50	Unknown	0	0
cleaning brick patio with power washer	0	Unknown	0	0
cleaning brick paver patio	50	Unknown	0	0
cleaning brick pavers with muriatic acid	50	Unknown	0	0
cleaning brick pavers with pressure washer	50	Unknown	0	0
cleaning brick sidewalk	0	Unknown	0	0
cleaning cassette deck heads	50	Unknown	0	0
cleaning cedar fence with oxiclean	0	Unknown	0	0
cleaning cement dust off pavers	0	Unknown	0	0
cleaning cement off patio slabs	0	Unknown	0	0
cleaning cement off paving bricks	0	Unknown	0	0
cleaning cement patio slabs	0	Unknown	0	0
cleaning cement stains off pavers	0	Unknown	0	0
cleaning concrete pavers with hydrochloric acid	0	Unknown	0	0
cleaning concrete pavers with muriatic acid	50	Unknown	0	0
cleaning cool deck around pool	50	Unknown	0	0
cleaning deck railings	50	Unknown	0	0
cleaning decking board	0	Unknown	0	0
cleaning dried cement off patio slabs	0	Unknown	0	0
cleaning eco deck	0	Unknown	0	0
cleaning ekodeck	0	Unknown	0	0
cleaning ep henry pavers	0	Unknown	0	0
cleaning fence panels	50	Unknown	0	0
cleaning fence with chlorine	50	Unknown	0	0
cleaning fiberon decking	50	Unknown	0	0
cleaning flagstone pavers	0	Unknown	0	0
cleaning granite paving slabs	0	Unknown	0	0
cleaning grease stains off pavers	0	Unknown	0	0
cleaning green algae from fence	0	Unknown	0	0
cleaning green mold off vinyl fence	50	Unknown	0	0
cleaning green off fence panels	0	Unknown	0	0
cleaning green off wood deck	0	Unknown	0	0
cleaning gutters safely	50	Unknown	0	0
cleaning indian sandstone paving	0	Unknown	0	0
cleaning ipe wood deck	50	Unknown	0	0
cleaning kubota mower deck	0	Unknown	0	0
cleaning kwila deck	0	Unknown	0	0
cleaning landscape bricks	50	Unknown	0	0
cleaning limestone patio slabs	0	Unknown	0	0
cleaning limestone slabs	0	Unknown	0	0
cleaning log cabin walls	0	Unknown	0	0
cleaning metal fence	50	Unknown	0	0
cleaning mold between pavers	50	Unknown	0	0
cleaning mold from pavers	50	Medium	0	0
cleaning mold off a deck	50	Unknown	0	0
cleaning mold off brick patio	50	Unknown	0	0
cleaning mold off composite decking	0	Unknown	0	0
cleaning mold off patio pavers	50	Unknown	0	0
cleaning mold off pvc fence	50	Unknown	0	0
cleaning mortar off paving slabs	0	Unknown	0	0
cleaning moss from brick pavers	50	Unknown	0	0
cleaning moss from paving	50	Medium	0	0
cleaning moss off block paving	0	Unknown	0	0
cleaning mould off pavers	0	Unknown	0	0
cleaning new pavers	0	Unknown	0	0
cleaning nicolock pavers	0	Unknown	0	0
cleaning old fence boards	0	Unknown	0	0
cleaning old pavers	50	Unknown	0	0
cleaning old paving slabs	0	Unknown	0	0
cleaning outdoor brick patio	50	Unknown	0	0
cleaning outdoor chairs	50	Unknown	0	0
cleaning outdoor porcelain pavers	0	Unknown	0	0
cleaning outdoor stone pavers	50	High	0	0
cleaning outdoor vinyl fence	50	Unknown	0	0
cleaning paver joints	50	Unknown	0	0
cleaning pavers that have polymeric sand	0	Unknown	0	0
cleaning pavers with hydrochloric acid	0	Unknown	0	0
cleaning pavers with napisan	0	Unknown	0	0
cleaning pavers with oxiclean	0	Unknown	0	0
cleaning pavers with polymeric sand	0	Unknown	0	0
cleaning pavers with power washer	50	Unknown	0	0
cleaning pavers without power washing	50	Unknown	0	0
cleaning pavers without pressure washer	50	High	0	0
cleaning polymeric sand	50	Unknown	0	0
cleaning pool deck pavers	50	Unknown	0	0
cleaning porcelain patio slabs	0	Unknown	0	0
cleaning porcelain paving slabs	0	Unknown	0	0
cleaning privacy fence	0	Unknown	0	0
cleaning red brick house	50	Unknown	0	0
cleaning red brick pavers	50	Unknown	0	0
cleaning seadek	50	Low	0	0
cleaning siding on a house	50	High	0.22	13.91
cleaning slabs without power washer	0	Unknown	0	0
cleaning slate patio slabs	0	Unknown	0	0
cleaning slate paving slabs	0	Unknown	0	0
cleaning slippery paving slabs	0	Unknown	0	0
cleaning slippery wood deck	0	Unknown	0	0
cleaning stained patio pavers	50	Unknown	0	0
cleaning stained patio slabs	0	Unknown	0	0
cleaning stained paving slabs	0	Unknown	0	0
cleaning stained wood deck	50	Unknown	0	0
cleaning stains from pavers	0	Unknown	0	0
cleaning stains off composite decking	0	Unknown	0	0
cleaning stains off trex decking	0	Unknown	0	0
cleaning steam deck	50	Unknown	0	0
cleaning steam deck screen	50	Unknown	0	0
cleaning stone patio pavers	50	High	0	0
cleaning stone paving slabs	0	Unknown	0	0
cleaning teak on a boat	50	Unknown	0	0
cleaning techo bloc pavers	0	Unknown	0	0
cleaning thompson's water seal	50	Unknown	0	0
cleaning timber deck with vinegar	0	Unknown	0	0
cleaning timbertech azek decking	0	Unknown	0	0
cleaning travertine patio	50	Unknown	0	0
cleaning treated wood deck	50	Medium	0	0
cleaning trex railing	50	Unknown	0	0
cleaning vinyl fence power washer	50	Unknown	0	0
cleaning white vinyl deck railing	0	Unknown	0	0
cleaning white vinyl fence with bleach	50	High	0	0
cleaning white vinyl fencing	0	Unknown	0	0
cleaning wood fence with chlorine	0	Unknown	0	0
cleaning wood fence with pressure washer	0	Unknown	0	0
cleaning wood railing	50	Low	0	0
cleaning wooden deck with pressure washer	0	Unknown	0	0
cleaning wooden fence panels	50	Unknown	0	0
cleanline fence	0	Unknown	0	0
clear block paving sealer	0	Unknown	0	0
clear coat paver sealer	50	Unknown	0	0
clearing moss from block paving	0	Unknown	0	0
coating for block paving	0	Unknown	0	0
cobble loc wet look sealer	50	Unknown	0	0
cobblestone driveway sealer	50	Unknown	0	0
cobblestone paver sealer	50	Unknown	0	0
collins glass cleaner	50	Unknown	0	0
colored patio sealer	0	Unknown	0	0
commercial deck cleaner	50	Unknown	0	0
commercial exterior building cleaning	0	Unknown	0	0
commercial house wash	50	Unknown	0	0
commercial industrial pressure washer	0	Unknown	0	0
commercial power washer with trailer	0	Unknown	0	0
commercial power washing premier power cleaning	0	Unknown	0	0
commercial pressure washer sales	50	High	0.72	4.82
commercial pressure washing contractors	50	Medium	0	0
commercial pressure washing roswell	0	Unknown	0	0
commercial skid pressure washer	50	Unknown	0	0
composite deck cleaner for pressure washer	0	Unknown	0	0
composite deck cleaner lowe's	0	Unknown	0	0
composite deck cleaner lowes	50	Unknown	0	0
composite deck grease stain remover	0	Unknown	0	0
composite deck mold	50	Low	0	0
composite deck mold cleaner	0	Unknown	0	0
composite decking algae cleaner	0	Unknown	0	0
composite decking care maintenance	0	Unknown	0	0
composite decking maintenance and cleaning	0	Unknown	0	0
composite decking pressure washing	50	Low	0	0
composite decking stain remover	50	Unknown	0	0
composite wood deck cleaner	50	High	0	0
concrete and paver cleaner	50	Low	0	0
concrete block cleaning	50	Unknown	0	0
concrete patio paver sealer	50	Unknown	0	0
concrete paver maintenance	50	Unknown	0	0
concrete paver wet look sealer	50	High	0	0
concrete paving stone cleaner	0	Unknown	0	0
concrete pool deck maintenance	50	Unknown	0	0
concrete sealer on pavers	50	High	0	0
cool deck cleaner	50	High	0	0
corte clean amazon	50	Unknown	0	0
corte clean composite deck cleaner	50	Unknown	0	0
corte clean deck cleaner	50	Unknown	0	0
corte clean home depot	50	Unknown	0	0
corteclean	0	Unknown	0	0
cost of exterior house power washing	50	Unknown	0	0
cost of pressure washing deck	50	Unknown	0	0
cost of sealing block paving	0	Unknown	0	0
cost per square foot to power wash house	0	Unknown	0	0
cost to clean a deck	0	Unknown	0	0
cost to clean and reseal pavers	50	Unknown	0	0
cost to clean block paving	0	Unknown	0	0
cost to clean brick house	0	Unknown	0	0
cost to clean vinyl fence	50	Unknown	0	0
cost to power wash a fence	50	High	0	0
cost to power wash pavers	0	Unknown	0	0
cost to power wash vinyl fence	50	Unknown	0	0
cost to seal patio pavers	50	Unknown	0	0
cost to seal pavers homewyse	50	Unknown	0	0
covertec strong seal wet look	0	Unknown	0	0
cub cadet deck cleaning	0	Unknown	0	0
deck and driveway cleaner	0	Unknown	0	0
deck and siding wash	50	Unknown	0	0
deck and wood cleaner	50	Low	0	0
deck care sprayer	0	Unknown	0	0
deck cleaner 30 seconds	0	Unknown	0	0
deck cleaner algae remover	0	Unknown	0	0
deck cleaner and brightener home depot	0	Unknown	0	0
deck cleaner brightener	50	High	0	0
deck cleaner for mold and mildew	50	Low	0	0
deck cleaner for pressure treated wood	50	Medium	0	0
deck cleaner lowe's	50	Unknown	0	0
deck cleaner mold remover	0	Unknown	0	0
deck cleaner olympic	50	High	0	0
deck cleaner sherwin williams	50	Medium	0	0
deck cleaner sprayer	50	High	0	0
deck cleaner star brite	50	Unknown	0	0
deck cleaner that won t remove stain	0	Unknown	0	0
deck cleaner with pressure washer	50	Low	0	0
deck cleaning and restoration	50	Unknown	0	0
deck cleaning and sealing cost	50	Low	0	0
deck cleaning business	0	Unknown	0	0
deck fence and patio wash mold armor	0	Unknown	0	0
deck floor cleaner	0	Unknown	0	0
deck max cleaner	50	Unknown	0	0
deck mildew	50	High	0	0
deck mold	50	High	0	0
deck mold cleaner home depot	50	Unknown	0	0
deck mould cleaner	50	Unknown	0	0
deck power washing prices	50	Low	0	0
deck prep cleaner	50	High	0	0
deck pressure washing company	0	Unknown	0	0
deck restoration plus cleaner	0	Unknown	0	0
deck scrubbing	50	High	0	0
deck stain remover for vinyl siding	50	Unknown	0	0
deck wash capable	50	Unknown	0	0
deck wash commercial	50	Unknown	0	0
deck wash for trex	50	Medium	0	0
deck washing service	50	High	0	0
deckbrite cleaner	0	Unknown	0	0
decking gone green	0	Unknown	0	0
decking green algae removal	0	Unknown	0	0
decking washer	50	Unknown	0	0
deckmax pvc revitalizing wipes	0	Unknown	0	0
deckwise wood cleaner	50	Unknown	0	0
defy wood deck cleaner	50	Unknown	0	0
dekswood cleaner	50	Low	0	0
double faced glass cleaner	50	Unknown	0	0
double side glass cleaner	50	Unknown	0	0
driveway cleaner without pressure washing	50	Unknown	0	0
driveway paving stone sealer	0	Unknown	0	0
dual sided paver	0	Unknown	0	0
duckback composite deck cleaner	0	Unknown	0	0
dumpster pad cleaning business	0	Unknown	0	0
dumpster pad pressure washing	50	Unknown	0	0
dumpster pad washing	50	Unknown	0	0
dupont paver sealer	50	Unknown	0	0
dura deck cleaner	0	Unknown	0	0
duradek cleaner home depot	50	Unknown	0	0
duradek deck cleaner	0	Unknown	0	0
eagle paver sealer lowes	50	Unknown	0	0
easiest way to clean a deck	0	Unknown	0	0
easiest way to clean block paving	0	Unknown	0	0
easiest way to clean composite decking	0	Unknown	0	0
easiest way to clean patio slabs	0	Unknown	0	0
easiest way to clean pavers	50	Unknown	0	0
easiest way to clean slabs	0	Unknown	0	0
easiest way to remove moss from block paving	50	Unknown	0	0
easy clean patio slabs	0	Unknown	0	0
easy clean paving slabs	0	Unknown	0	0
easy deck cleaner	50	Unknown	0	0
easy way to clean block paving	0	Unknown	0	0
easy way to clean deck	50	Unknown	0	0
easy way to clean patio slabs	0	Unknown	0	0
easy way to clean paving slabs	0	Unknown	0	0
easylife stone decking and patio cleaner	0	Unknown	0	0
eco deck cleaner	0	Unknown	0	0
eco deck cleaning	0	Unknown	0	0
eco friendly composite deck cleaner	0	Unknown	0	0
eco friendly deck wash	0	Unknown	0	0
efc 38 wood deck cleaner	0	Unknown	0	0
effervescent cleaner for pavers	50	Unknown	0	0
emulsifying degreaser for block paving	0	Unknown	0	0
enhanced look paver sealer	50	Unknown	0	0
ep henry pavers sealing	0	Unknown	0	0
euroseal paver sealer	50	Unknown	0	0
exterior building pressure washing	50	Unknown	0	0
exterior paver sealer	50	Unknown	0	0
exterior power washing services	0	Unknown	0	0
exterior stain remover	50	Low	0	0
ez deck and fence wash	0	Unknown	0	0
ez deck cleaner	0	Unknown	0	0
ez deck fence and patio wash	50	Unknown	0	0
ez deck wash	50	Unknown	0	0
fascia cleaning prices	0	Unknown	0	0
fence algae	50	Unknown	0	0
fence cleaning and staining cost	0	Unknown	0	0
fence fungicidal wash	0	Unknown	0	0
fence green algae remover	50	Unknown	0	0
fence mildew	50	High	0	0
fence mildew remover	50	High	0	0
fence moss remover	50	Unknown	0	0
fence power washing company	50	Unknown	0	0
fence pressure washing company	50	Unknown	0	0
fence pressure washing prices	50	High	0	0
fence wash home depot	50	Unknown	0	0
flagstone paver sealer	50	High	0	0
flexiteek cleaner	50	Unknown	0	0
foaming deck cleaner	50	Unknown	0	0
fungicidal wash for wooden fences	0	Unknown	0	0
fungus on deck	50	Low	0	0
garden fence algae remover	0	Unknown	0	0
garden fence mould remover	0	Unknown	0	0
gator clean efflorescence	50	Unknown	0	0
gator efflorescence cleaner home depot	50	High	0	0
gator high gloss sealer	0	Unknown	0	0
gator hybrid seal	50	Unknown	0	0
gator maxx sealer	50	Unknown	0	0
gator patio sealer	0	Unknown	0	0
gator paver cleaner	50	Unknown	0	0
gator seal wet look 5 gallon	50	Unknown	0	0
gator seal wet look home depot	50	Unknown	0	0
gator seal wet look sealer	50	Unknown	0	0
gator sealer for pavers	50	High	0	0
gemini deck cleaner	0	Unknown	0	0
gentle deck cleaner	50	Unknown	0	0
get algae off fence	0	Unknown	0	0
get cement off paving slabs	0	Unknown	0	0
get deck stain off vinyl siding	0	Unknown	0	0
get grease off pavers	50	Unknown	0	0
get grease out of pavers	50	Unknown	0	0
get green off decking	0	Unknown	0	0
get mildew off deck wood	0	Unknown	0	0
get moss off decking	0	Unknown	0	0
get moss off fence	0	Unknown	0	0
get moss off pavers	50	Unknown	0	0
get paint off deck	0	Unknown	0	0
get pollen off deck	0	Unknown	0	0
get rid of algae on fence	50	Unknown	0	0
get rid of green on decking	0	Unknown	0	0
get rust off pavers	50	High	0	0
getting algae off decking	50	Unknown	0	0
getting grease off of pavers	0	Unknown	0	0
getting grease out of bricks	0	Unknown	0	0
getting grease stains out of pavers	50	Unknown	0	0
getting green algae off decking	0	Unknown	0	0
getting green off fence	50	Unknown	0	0
getting moss off brick patio	0	Unknown	0	0
getting moss out of block paving	0	Unknown	0	0
getting moss out of pavers	50	Unknown	0	0
getting rust off patio slabs	0	Unknown	0	0
getting rust off paving slabs	0	Unknown	0	0
getting stains out of pavers	50	High	0	0
getting weeds out of paving	50	Unknown	0	0
glass cleaner price	50	Unknown	0	0
glaze and seal enhanced look paver sealer	50	Unknown	0	0
glaze n seal enhanced look paver sealer	50	Unknown	0	0
glaze n seal wet look paver sealer	50	High	0	0
gloss for pavers	50	Unknown	0	0
gloss sealant for block paving	0	Unknown	0	0
gloss wet look patio paver sealer	0	Unknown	0	0
graffiti removal wood fence	0	Unknown	0	0
granite dust for pavers	0	Unknown	0	0
granite paver cleaner	0	Unknown	0	0
grass clean glass	0	Unknown	0	0
grass stains on vinyl fence	50	Low	0	0
grease off patio pavers	0	Unknown	0	0
grease off pavers	50	Unknown	0	0
grease on composite deck	0	Unknown	0	0
grease on pavers	50	Unknown	0	0
grease on wood deck	0	Unknown	0	0
grease stain on composite decking	0	Unknown	0	0
grease stain on deck	0	Unknown	0	0
grease stain on wood deck	50	Low	0	0
grease stains on brick pavers	0	Unknown	0	0
grease stains on patio pavers	0	Unknown	0	0
grease stains on patio slabs	0	Unknown	0	0
grease stains on pavers	50	Unknown	0	0
grease stains on trex deck	0	Unknown	0	0
green algae fence removal	0	Unknown	0	0
green algae on deck	0	Unknown	0	0
green algae on decking removal	0	Unknown	0	0
green algae on fence removal	50	Unknown	0	0
green algae on fences	50	Unknown	0	0
green algae on pavers	50	Unknown	0	0
green algae on paving slabs	0	Unknown	0	0
green algae on wood deck	0	Unknown	0	0
green algae remover for fences	50	Unknown	0	0
green mildew on deck	0	Unknown	0	0
green mildew on fence	50	Unknown	0	0
green mold on deck	0	Unknown	0	0
green mold on vinyl fence	50	Unknown	0	0
green mold on wood deck	0	Unknown	0	0
green mold on wood fence	0	Unknown	0	0
green mould on fences	50	Unknown	0	0
green mould on paving slabs	0	Unknown	0	0
green mould remover for fences	0	Unknown	0	0
grey block paving sealer	50	Unknown	0	0
grey deck cleaner	50	Unknown	0	0
grey wash deck stain	50	Unknown	0	0
gutter brightening chemical	50	Unknown	0	0
gutter brightening chemicals	50	Unknown	0	0
gutter brightening solution	50	Unknown	0	0
gutter cleaner lowe's	50	Unknown	0	0
gutter cleaners milton	50	Unknown	0	0
gutter cleaners milton clean pro gutter cleaning	0	Unknown	0	0
gutter cleaners near me clean pro gutter cleaning	0	Unknown	0	0
gutter cleaners redan	0	Unknown	0	0
gutter cleaners redan clean pro gutter cleaning	0	Unknown	0	0
gutter cleaning business reddit	50	Unknown	0	0
gutter cleaning companies clean pro gutter cleaning	0	Unknown	0	0
gutter cleaning lanarkshire	0	Unknown	0	0
gutter cleaning milton clean pro gutter cleaning	0	Unknown	0	0
gutter cleaning officer	0	Unknown	0	0
gutter cleaning redan clean pro gutter cleaning	0	Unknown	0	0
gutter cleaning reddit	50	Unknown	0	0
gutter cleaning services clean pro gutter cleaning	0	Unknown	0	0
gutter edge cleaner	50	Low	0	0
gutter edge gutter cleaner home depot	0	Unknown	0	0
gutter k	50	High	0	0
gutter vac ni	0	Unknown	0	0
guttersweep	50	Medium	0	0
h&c ultrapaver sealer	50	Unknown	0	0
hard water stains on trex decking	0	Unknown	0	0
hardscape sealing and restoration	0	Unknown	0	0
hc paver sealer	50	Unknown	0	0
heavy duty block paving cleaner	0	Unknown	0	0
heavy duty deck cleaner	50	Unknown	0	0
heavy duty hot water pressure washer	50	Low	0	0
heavy duty steam pressure washer	0	Unknown	0	0
high gloss pavers	50	Unknown	0	0
high gloss wet look paver sealer	50	High	0	0
high pressure washer professional	0	Unknown	0	0
high rise building exterior cleaning	50	Unknown	0	0
high rise window washing companies	50	Medium	0	0
hls composite decking cleaner	0	Unknown	0	0
home armor deck and fence wash	0	Unknown	0	0
home deck cleaner	0	Unknown	0	0
home depot brick paver sealer	50	Unknown	0	0
home depot deck cleaner and brightener	0	Unknown	0	0
home depot deck cleaner for power washer	0	Unknown	0	0
home depot olympic deck cleaner	50	Unknown	0	0
homewyse power wash house	0	Unknown	0	0
household deck cleaner	50	Unknown	0	0
hydrochloric acid clean paving	50	Unknown	0	0
hydrochloric acid to clean pavers	0	Unknown	0	0
hydrogen peroxide deck cleaner	50	Unknown	0	0
industrial block paving sealer	0	Unknown	0	0
interior pavers	50	Unknown	0	0
its gutter be clean	0	Unknown	0	0
jet wash and re sand block paving	0	Unknown	0	0
jet wash for block paving	0	Unknown	0	0
jet wash for paving	0	Unknown	0	0
jet wash garden slabs	0	Unknown	0	0
jet wash paving	0	Unknown	0	0
jet wash paving stones	0	Unknown	0	0
jet washing block paving price	0	Unknown	0	0
jeyes decking cleaner	0	Unknown	0	0
jeyes decking power	0	Unknown	0	0
jeyes fluid decking cleaner	0	Unknown	0	0
jeyes fluid on decking	0	Unknown	0	0
jeyes patio & decking cleaner	0	Unknown	0	0
jeyes patio and decking cleaner	0	Unknown	0	0
john deere deck cleaning	50	Unknown	0	0
jomax deck and fence wash	0	Unknown	0	0
jomax deck stain remover	0	Unknown	0	0
just seal my pavers	0	Unknown	0	0
k seal block paving sealer	0	Unknown	0	0
kill algae on deck	50	High	0	0
kill algae on fence	50	Unknown	0	0
kill algae on wood deck	50	Unknown	0	0
kill green algae on fence	50	Unknown	0	0
kill moss on deck	0	Unknown	0	0
kill moss on fence	0	Unknown	0	0
killing moss on block paving	50	Unknown	0	0
killing moss on brick pavers	0	Unknown	0	0
kingfisher paving sealant	0	Unknown	0	0
kool deck cleaner	50	Unknown	0	0
krud kutter composite deck	0	Unknown	0	0
krud kutter deck and fence wash	50	High	0	0
krud kutter deck cleaner	50	Unknown	0	0
krud kutter gutter cleaner lowes	50	Unknown	0	0
kärcher commercial pressure washer	50	Medium	0	0
lacquer paver sealer	50	Unknown	0	0
lawn mower wash	50	Unknown	0	0
limestone paving maintenance	0	Unknown	0	0
limestone pool coping sealer	0	Unknown	0	0
limewash stone house	50	Unknown	0	0
liquid paver sealer	50	Unknown	0	0
litter cleanup business	50	Unknown	0	0
litter robot fence install	50	Unknown	0	0
local gutter cleaning companies clean pro gutter cleaning	0	Unknown	0	0
lock and seal paver sealer	50	Medium	0	0
lock n seal paver sealer	50	Unknown	0	0
lot cleaning business	50	Unknown	0	0
low gloss wet look paver sealer	0	Unknown	0	0
lowe's deck cleaner	50	Low	0	0
lowes aggregate sealer	50	Unknown	0	0
lowes deck cleaner for power washer	50	Unknown	0	0
lowes deck stain remover	50	Unknown	0	0
lowes olympic deck cleaner	0	Unknown	0	0
lowes patio sealer	50	Unknown	0	0
lowes wood deck cleaner	50	Unknown	0	0
m 1 deck and roof cleaner	50	Unknown	0	0
m1 roof and deck cleaner	50	Unknown	0	0
magic eraser on vinyl fence	50	Unknown	0	0
magic seal paving	0	Unknown	0	0
magnetic window cleaner for high rise	50	Unknown	0	0
maintaining block paving	0	Unknown	0	0
maintaining block paving driveways	0	Unknown	0	0
maintaining sandstone paving	0	Unknown	0	0
maintaining travertine pool deck	50	Unknown	0	0
masonry paver sealer	50	Unknown	0	0
matt sealant for block paving	50	Unknown	0	0
mccoy's pressure washing deck cleaning	0	Unknown	0	0
mccoy's pressure washing fence cleaning	0	Unknown	0	0
menards brick sealer	0	Unknown	0	0
messmer's wood cleaner and brightener	50	Unknown	0	0
messmers cleaner	50	Unknown	0	0
messmers cleaner and brightener	0	Unknown	0	0
messmers ipe cleaner	0	Unknown	0	0
metal fence rust removal	50	Unknown	0	0
mid atlantic paving and sealing	0	Unknown	0	0
middy gutter	0	Unknown	0	0
midsouth commercial pressure washing	50	Unknown	0	0
mildew on composite decking	0	Unknown	0	0
mildew on deck wood removal	50	Unknown	0	0
mildew on pavers	50	Unknown	0	0
mildew on vinyl fence	50	High	0	0
mildew on wood deck	50	Unknown	0	0
mildew on wood fence	50	Unknown	0	0
mold armor deck	50	Unknown	0	0
mold armor deck and fence	50	Unknown	0	0
mold armor deck and fence wash	50	Unknown	0	0
mold armor deck cleaner	50	Unknown	0	0
mold armor deck fence and patio wash	50	Low	0	0
mold armour ez deck wash	50	Unknown	0	0
mold on brick patio	50	Unknown	0	0
mold on brick pavers	50	Unknown	0	0
mold on deck wood	50	Low	0	0
mold on trex deck	50	Unknown	0	0
mold on vinyl fence	50	High	0	0
mold on wood fence	50	Unknown	0	0
mold under deck	50	Low	0	0
monoblock paving sealant	0	Unknown	0	0
more paver sealer	50	Unknown	0	0
mortar wash brick patio	50	Unknown	0	0
mortar wash brick pavers	0	Unknown	0	0
moss between block paving	0	Unknown	0	0
moss between pavers remove	50	Unknown	0	0
moss cleaner for pavers	50	Unknown	0	0
moss deck cleaner	0	Unknown	0	0
moss growing on deck	50	Unknown	0	0
moss off patio	0	Unknown	0	0
moss off pavers	0	Unknown	0	0
moss on brick patio	50	Unknown	0	0
moss on brick pavers	50	Unknown	0	0
moss on deck cleaning	0	Unknown	0	0
moss on patio grout	0	Unknown	0	0
moss on wood deck	50	Unknown	0	0
moss on wooden fences	50	Unknown	0	0
mount pleasant pressure washing graffiti removal near me	0	Unknown	0	0
multi surface glass cleaner	50	Unknown	0	0
muriatic acid for pavers	50	High	0	0
muriatic acid on brick pavers	50	Unknown	0	0
muriatic acid on concrete pavers	50	Unknown	0	0
muriatic acid on pavers	50	Low	0	0
muriatic acid paver cleaning	50	Unknown	0	0
muriatic acid pavers	50	Low	0	0
muriatic acid to clean brick pavers	50	Unknown	0	0
muriatic acid to clean pavers	50	Low	0	0
natural deck cleaner vinegar	0	Unknown	0	0
natural deck wash	50	Unknown	0	0
natural look sealer for pavers	50	Unknown	0	0
natural paver cleaner	50	Unknown	0	0
natural wood deck cleaner	0	Unknown	0	0
need my house pressure washed	50	Unknown	0	0
new deck cleaner	0	Unknown	0	0
new deck maintenance	0	Unknown	0	0
nicolock sealer	0	Unknown	0	0
no nonsense decking sealer & protector clear 5ltr	0	Unknown	0	0
non skid cleaner	50	High	0	0
olympic composite deck cleaner	0	Unknown	0	0
olympic deck brightener and wash	50	Unknown	0	0
olympic deck cleaner amazon	50	Unknown	0	0
olympic deck cleaner near me	0	Unknown	0	0
olympic deck cleaner trex	0	Unknown	0	0
olympic wood cleaner	50	Unknown	0	0
one coat patio & block paving seal	50	Unknown	0	0
one coat patio and block paving seal	50	Unknown	0	0
one square window cleaning	0	Unknown	0	0
orbit 58543	0	Unknown	0	0
orco paver sealer	0	Unknown	0	0
outdoor brick patio sealer	50	Unknown	0	0
outdoor porcelain paving cleaner	0	Unknown	0	0
outdoor stain remover	50	High	0	0
oxiclean and dawn deck cleaner	50	Unknown	0	0
oxiclean deck	50	Unknown	0	0
oxiclean for cleaning decks	50	Unknown	0	0
oxiclean for pavers	50	Low	0	0
oxiclean for wood fence	0	Unknown	0	0
oxiclean for wooden decks	50	Unknown	0	0
oxiclean on pavers	50	Unknown	0	0
oxiclean on wood deck	0	Unknown	0	0
oxiclean patio pavers	0	Unknown	0	0
oxiclean wood fence	0	Unknown	0	0
paint removal from wood deck	50	Unknown	0	0
painted decking cleaner	0	Unknown	0	0
parking cleaner	50	Low	0	0
parking garage cleaning companies	50	Unknown	0	0
parking garage sweeping	50	Low	0	0
parking garage washing	50	Unknown	0	0
parking lot clean up business	50	Unknown	0	0
parking lot litter	50	Unknown	0	0
parking lot litter cleanup service	0	Unknown	0	0
parking lot power sweeper	0	Unknown	0	0
parking lot power sweeping	0	Unknown	0	0
parking lot pressure washing services	50	Unknown	0	0
parking lot sweeping business near me	0	Unknown	0	0
parks paving and sealing	0	Unknown	0	0
patio & block paving seal	0	Unknown	0	0
patio & block paving seal natural finish	0	Unknown	0	0
patio & block paving seal wet look	0	Unknown	0	0
patio & deck cleaner	50	Unknown	0	0
patio and block paving cleaner	0	Unknown	0	0
patio and block paving seal wet look	0	Unknown	0	0
patio and paving cleaner	50	High	0	0
patio and paving sealer	50	High	0.48	9.23
patio brick paver sealer	0	Unknown	0	0
patio cleaner block paving	0	Unknown	0	0
patio efflorescence cleaner	0	Unknown	0	0
patio gap cleaner	0	Unknown	0	0
patio gap sealer	50	Unknown	0	0
patio paver clean and seal	50	Medium	0	0
patio paver cleaner home depot	50	Unknown	0	0
patio paver cleaner lowes	50	Unknown	0	0
patio paver cleaning near me	50	Unknown	0	0
patio paver gloss sealer	0	Unknown	0	0
patio power washing company	0	Unknown	0	0
patio sealer lowes	50	Unknown	0	0
patio sealer to stop weeds	50	Unknown	0	0
patio stone paver sealer	50	Unknown	0	0
patio weed sealant	0	Unknown	0	0
pave cleaner easy clean	0	Unknown	0	0
pave uni sealer	0	Unknown	0	0
paver and tile pressure washing	0	Unknown	0	0
paver cleaner lowe's	50	Unknown	0	0
paver cleaning & sealing	500	Medium	6.55	26.1
paver cleaning and sealing companies	50	Unknown	0	0
paver cleaning and sealing long island	0	Unknown	0	0
paver cleaning sealing	50	Unknown	0	0
paver clear sealer	50	Medium	0	0
paver filler to prevent weeds	50	Unknown	0	0
paver gap sealer	50	Unknown	0	0
paver high gloss sealer	50	High	0	0
paver joint cleaner	50	Unknown	0	0
paver magic cleaner	50	Unknown	0	0
paver magic sealer	50	Unknown	0	0
paver maintenance cost	50	Unknown	0	0
paver maintenance sand	50	Unknown	0	0
paver moss cleaner	0	Unknown	0	0
paver patio maintenance moss	0	Unknown	0	0
paver prep & efflo cleaner	0	Unknown	0	0
paver prep cleaner	50	Unknown	0	0
paver restoration company	50	Unknown	0	0
paver restoration inc	0	Unknown	0	0
paver seal rx	50	High	0	0
paver sealer and restoration	50	High	0	0
paver sealer coverage	50	Medium	0	0
paver sealer finishes	50	Low	0	0
paver sealer glaze n seal	50	High	0	0
paver sealer menards	50	Unknown	0	0
paver sealer to prevent weeds	50	Unknown	0	0
paver sealing daytona	0	Unknown	0	0
paver sealing longwood	50	Unknown	0	0
paver sealing plus inc	50	Unknown	0	0
paver stone cleaner home depot	50	Unknown	0	0
paver stone patio maintenance	0	Unknown	0	0
paver stone sealer home depot	50	Unknown	0	0
paver wet sealer	50	Unknown	0	0
pavers cleaner and protector	50	Low	0	0
pavers filler sealer	0	Unknown	0	0
pavers look dull	0	Unknown	0	0
pavers with sealer	50	High	0	0
pavestone cleaner	0	Unknown	0	0
pavestone patio sealer	0	Unknown	0	0
paving algae cleaner	50	Unknown	0	0
paving degreaser	50	High	0.41	4.5
paving wash	0	Unknown	0	0
penetrating sealer for concrete pavers	50	Low	0	0
perfect seal paving	0	Unknown	0	0
pinnacle sealing and paving	0	Unknown	0	0
pollen on deck	50	Unknown	0	0
pollen stains on pavers	50	Unknown	0	0
polybind paver sealer	50	Unknown	0	0
polybind sealer	50	Unknown	0	0
polybind wet look sealer	0	Unknown	0	0
polymeric sealer	50	Unknown	0	0
pool acid to clean paving	0	Unknown	0	0
pool deck cleaner home depot	50	Unknown	0	0
pool patio paver sealing	50	Unknown	0	0
porcelain patio slab cleaner	0	Unknown	0	0
porcelain paving slab cleaner	0	Unknown	0	0
power clean pressure washing service	0	Unknown	0	0
power prep deck	0	Unknown	0	0
power sweepers for parking lots	0	Unknown	0	0
power wash brick paver patio	0	Unknown	0	0
power wash brick walkway	0	Unknown	0	0
power wash cedar deck	0	Unknown	0	0
power wash cedar fence	50	Unknown	0	0
power wash deck to remove stain	0	Unknown	0	0
power wash ipe deck	50	Unknown	0	0
power wash moss off pavers	0	Unknown	0	0
power wash old fence	50	Unknown	0	0
power wash old wood fence	0	Unknown	0	0
power wash paint off deck	50	Unknown	0	0
power wash painted deck	50	Unknown	0	0
power wash paving stones	500	Medium	3.19	16.29
power wash pvc fence	50	Low	0	0
power wash sandstone	0	Unknown	0	0
power wash shed	0	Unknown	0	0
power wash stain off deck	0	Unknown	0	0
power wash travertine	50	Unknown	0	0
power wash weeds from pavers	50	Unknown	0	0
power washer for brick pavers	50	Unknown	0	0
power washer for wood deck	0	Unknown	0	0
power washer for wood fence	50	Unknown	0	0
power washer paver cleaner	50	Low	0	0
power washing a deck to remove paint	50	Unknown	0	0
power washing a paver patio	50	Unknown	0	0
power washing algae off deck	0	Unknown	0	0
power washing an old fence	0	Unknown	0	0
power washing cambridge pavers	0	Unknown	0	0
power washing concrete pavers	50	Unknown	0	0
power washing paving slabs	0	Unknown	0	0
power washing privacy fence	0	Unknown	0	0
power washing tall houses	0	Unknown	0	0
power washing white vinyl fence	50	Unknown	0	0
powerwash weeds between pavers	0	Unknown	0	0
powerwash wood	50	High	0	0
powerwashing a fence	50	Unknown	0	0
pre sealed paving	0	Unknown	0	0
pre stain deck cleaner	0	Unknown	0	0
prep a deck for painting	50	Unknown	0	0
prep a deck for restaining	0	Unknown	0	0
prep deck for stain without power washing	0	Unknown	0	0
prepare deck for oiling	0	Unknown	0	0
prepare deck for restaining	0	Unknown	0	0
pressure cleaning deck	50	Medium	0.44	15.29
pressure deck	50	Unknown	0	0
pressure treated deck maintenance	50	Low	0	0
pressure treated wood deck cleaner	50	High	0	0
pressure wash and seal fence	0	Unknown	0	0
pressure wash cedar deck	0	Unknown	0	0
pressure wash cedar fence	50	Unknown	0	0
pressure wash deck to remove paint	0	Unknown	0	0
pressure wash deck without removing stain	0	Unknown	0	0
pressure wash fence psi	50	Low	0	0
pressure wash ipe	50	Unknown	0	0
pressure wash ipe deck	50	Unknown	0	0
pressure wash moss off patio	0	Unknown	0	0
pressure wash old fence	50	Medium	0	0
pressure wash old wood fence	50	Unknown	0	0
pressure wash paint off deck	50	Unknown	0	0
pressure wash painted deck	50	Unknown	0	0
pressure wash paving slabs	0	Unknown	0	0
pressure wash privacy fence	0	Unknown	0	0
pressure wash pvc fence	50	Unknown	0	0
pressure wash shed	50	Unknown	0	0
pressure wash stain off deck	50	Low	0	0
pressure wash stained deck	50	Unknown	0	0
pressure wash treated wood	50	Unknown	0	0
pressure wash trex	50	Low	0	0
pressure wash trex deck	50	Unknown	0	0
pressure wash weeds between pavers	50	Unknown	0	0
pressure wash weeds from pavers	50	Unknown	0	0
pressure wash wrought iron	0	Unknown	0	0
pressure washer block paving cleaner	0	Unknown	0	0
pressure washer cleaner for decks	50	Low	0	0
pressure washer for brick patio	50	Low	0	0
pressure washer for brick pavers	50	Unknown	0	0
pressure washer for composite deck	50	Unknown	0	0
pressure washer for paving slabs	0	Unknown	0	0
pressure washer for vinyl fence	50	High	0	0
pressure washer on pavers	50	Unknown	0	0
pressure washer on wood	0	Unknown	0	0
pressure washer psi for fence	50	Unknown	0	0
pressure washer psi for wood fence	50	Unknown	0	0
pressure washer to clean fence	0	Unknown	0	0
pressure washer to clean gutters	50	Medium	0.28	8.15
pressure washer to clean wood fence	0	Unknown	0	0
pressure washer to remove weeds from pavers	50	Unknown	0	0
pressure washing a fence cost	50	Unknown	0	0
pressure washing a vinyl fence	50	Unknown	0	0
pressure washing and staining a fence	50	Unknown	0	0
pressure washing asphalt parking lot	50	Unknown	0	0
pressure washing block paving driveway	50	Unknown	0	0
pressure washing cobblestone	50	Unknown	0	0
pressure washing concrete pavers	50	Unknown	0	0
pressure washing fence panels	50	Unknown	0	0
pressure washing moss from pavers	0	Unknown	0	0
pressure washing paving stones	0	Unknown	0	0
pressure washing stone pavers	50	Unknown	0	0
pressure washing tall houses	50	Unknown	0	0
pressure washing travertine pool deck	50	Low	0	0
pressure washing weeds out of pavers	50	Unknown	0	0
pressure washing your deck	0	Unknown	0	0
pressure washing your fence	0	Unknown	0	0
price to pressure wash fence	50	Unknown	0	0
pricing commercial pressure washing	50	Unknown	0	0
pro kleen decking cleaner	0	Unknown	0	0
professional power washing cost	0	Unknown	0	0
professional pressure washing prices	0	Unknown	0	0
pros gutter cleaning	50	Unknown	0	0
protective coating for pavers	50	Unknown	0	0
psi for fence cleaning	0	Unknown	0	0
putting sealer on pavers	50	Unknown	0	0
pvc fence wash	50	High	0	0
pvc pipe gutter cleaner	50	Unknown	0	0
quickie heavy duty deck scrub	50	Unknown	0	0
radonseal waterproofing brick concrete and paver sealer	0	Unknown	0	0
re sanding a block paved drive	50	Unknown	0	0
re sanding and sealing block paving	0	Unknown	0	0
re sanding block driveway	0	Unknown	0	0
re sanding brick driveway	0	Unknown	0	0
re sanding brick pavers	50	Unknown	0	0
re sealing block paving	0	Unknown	0	0
ready seal clean up	50	Unknown	0	0
red hook paving and sealing	0	Unknown	0	0
remove algae fence	50	High	0	0
remove algae from brick patio	0	Unknown	0	0
remove algae from composite deck	0	Unknown	0	0
remove algae from fence with pressure washer	50	Unknown	0	0
remove algae from painted fence	0	Unknown	0	0
remove algae from pavers	50	Unknown	0	0
remove algae from paving slabs	0	Unknown	0	0
remove algae from vinyl fence	50	Unknown	0	0
remove algae from wood deck	50	Unknown	0	0
remove algae from wood fence	50	Unknown	0	0
remove bbq grease from pavers	0	Unknown	0	0
remove black marks from vinyl fence	50	High	0	0
remove brick pavers	50	Low	0	0
remove cement from block paving	0	Unknown	0	0
remove cement from patio slabs	0	Unknown	0	0
remove cement from pavers	50	Unknown	0	0
remove cement from paving slabs	0	Unknown	0	0
remove cement stains from block paving	0	Unknown	0	0
remove cement stains from patio slabs	0	Unknown	0	0
remove composite decking	50	Unknown	0	0
remove concrete from pavers	50	High	0	0
remove concrete residue from pavers	0	Unknown	0	0
remove concrete stains from pavers	50	Unknown	0	0
remove deck stain from brick	50	Unknown	0	0
remove decking boards	50	Unknown	0	0
remove decking paint	50	Unknown	0	0
remove effervescent from pavers	50	High	0.38	0.56
remove efflorescence from pavers	50	High	0.38	0.56
remove fat stains from patio	0	Unknown	0	0
remove fertilizer stains from pavers	50	Unknown	0	0
remove grease from bluestone	0	Unknown	0	0
remove grease from brick pavers	50	Unknown	0	0
remove grease from cement patio	0	Unknown	0	0
remove grease from composite deck	0	Unknown	0	0
remove grease from concrete pavers	0	Unknown	0	0
remove grease from deck	0	Unknown	0	0
remove grease from patio	50	Unknown	0	0
remove grease from patio pavers	50	Unknown	0	0
remove grease from paving stones	50	Unknown	0	0
remove grease from stone pavers	0	Unknown	0	0
remove grease from trex decking	0	Unknown	0	0
remove grease from wood deck	0	Unknown	0	0
remove grease stains from pavers	50	Unknown	0	0
remove green algae from deck	0	Unknown	0	0
remove green algae from fence	50	High	0	0
remove green algae from wooden fence	50	Unknown	0	0
remove green from wooden fence	50	Unknown	0	0
remove green mildew from deck	0	Unknown	0	0
remove green moss from bricks	0	Unknown	0	0
remove green moss from fence	0	Unknown	0	0
remove green mould from fence	0	Unknown	0	0
remove green stain from decking	0	Unknown	0	0
remove hard water stains from pavers	50	Unknown	0	0
remove iron stains from vinyl fence	50	Unknown	0	0
remove leaf stains from pavers	50	Unknown	0	0
remove lichen from block paving	0	Unknown	0	0
remove lichen from fence	0	Unknown	0	0
remove lichen from paving stones	0	Unknown	0	0
remove lichen from wood fence	0	Unknown	0	0
remove mildew from pavers	50	Unknown	0	0
remove mildew from vinyl fence	50	High	0	0
remove mildew from wood fence	50	Unknown	0	0
remove mold from composite deck	0	Unknown	0	0
remove mold from patio pavers	50	Unknown	0	0
remove mold from pvc fence	50	Unknown	0	0
remove mold from vinyl fence	50	Unknown	0	0
remove mold from wood fence	50	Unknown	0	0
remove mold on deck	0	Unknown	0	0
remove mortar from paving slabs	0	Unknown	0	0
remove moss between pavers	50	Unknown	0	0
remove moss from block paving joints	0	Unknown	0	0
remove moss from brick patio	50	Unknown	0	0
remove moss from brick pavers	50	Unknown	0	0
remove moss from patio joints	0	Unknown	0	0
remove moss from patio pavers	0	Unknown	0	0
remove moss from paver joints	0	Unknown	0	0
remove moss from wood deck	0	Unknown	0	0
remove moss from wooden fence	0	Unknown	0	0
remove mould from concrete pavers	0	Unknown	0	0
remove mould from fence	0	Unknown	0	0
remove mould from pavers	50	Medium	0	0
remove paint from composite decking	50	Unknown	0	0
remove paint from deck to stain	0	Unknown	0	0
remove paint from deck with pressure washer	0	Unknown	0	0
remove paint from trex	50	Unknown	0	0
remove pavers polymeric sand	0	Unknown	0	0
remove paving slabs	0	Unknown	0	0
remove pollen from deck	50	Unknown	0	0
remove pollen from wood deck	0	Unknown	0	0
remove polymeric sand from pavers	50	Low	0	0
remove rust from block paving	0	Unknown	0	0
remove rust from brick pavers	50	Unknown	0	0
remove rust from composite deck	50	Unknown	0	0
remove rust from deck	50	Unknown	0	0
remove rust from fence	50	Unknown	0	0
remove rust from granite paving	50	Unknown	0	0
remove rust from metal fence	0	Unknown	0	0
remove rust from paving slabs	0	Unknown	0	0
remove rust from paving stones	50	Unknown	0	0
remove rust from pool deck	50	Unknown	0	0
remove rust from stone pavers	50	Unknown	0	0
remove rust from trex deck	50	Low	0	0
remove rust from vinyl fence	50	Unknown	0	0
remove rust from wrought iron	50	High	0	0
remove rust from wrought iron fence	0	Unknown	0	0
remove rust on pavers	50	Unknown	0	0
remove rust stain from composite deck	50	Unknown	0	0
remove rust stain from trex deck	50	Unknown	0	0
remove rust stains from block paving	0	Unknown	0	0
remove rust stains from brick pavers	50	Unknown	0	0
remove rust stains from composite decking	50	Unknown	0	0
remove rust stains from concrete pavers	50	Unknown	0	0
remove rust stains from patio pavers	50	Unknown	0	0
remove rust stains from paving stones	50	Unknown	0	0
remove rust stains from plastic decking	0	Unknown	0	0
remove rust stains from stone paver	50	Unknown	0	0
remove rust stains from vinyl fence	50	Unknown	0	0
remove rust stains on pavers	50	High	0	0
remove rust stains patio slabs	0	Unknown	0	0
remove sap from deck	50	Low	0	0
remove sap from trex decking	0	Unknown	0	0
remove sap from wood deck	50	Unknown	0	0
remove stain from composite deck	50	Unknown	0	0
remove stains from boat deck	50	Medium	0	0
remove stains from concrete pavers	50	Unknown	0	0
remove stains from limestone pavers	50	Unknown	0	0
remove stains from patio slabs	50	Unknown	0	0
remove stains from paving slabs	0	Unknown	0	0
remove stains from sandstone pavers	50	Unknown	0	0
remove stains from trex decking	50	Unknown	0	0
remove tree sap from deck	50	Low	0	0
removing algae from brick pavers	0	Unknown	0	0
removing algae from fence panels	50	Unknown	0	0
removing bbq grease from patio	0	Unknown	0	0
removing bird poop from pavers	0	Unknown	0	0
removing black mould from paving slabs	0	Unknown	0	0
removing cement stains from paving slabs	0	Unknown	0	0
removing concrete from paving slabs	50	Unknown	0	0
removing graffiti from wood fence	0	Unknown	0	0
removing grease from patio slabs	0	Unknown	0	0
removing grease stains from concrete pavers	0	Unknown	0	0
removing grease stains from patio	50	Unknown	0	0
removing green algae from fence panels	0	Unknown	0	0
removing green from patio slabs	0	Unknown	0	0
removing lichen from patio slabs	0	Unknown	0	0
removing mortar from pavers	50	Unknown	0	0
removing moss between patio pavers	0	Unknown	0	0
removing moss from brick walkway	0	Unknown	0	0
removing moss from fence panels	50	Unknown	0	0
removing moss from patio grout	0	Unknown	0	0
removing moss from paving slabs	0	Unknown	0	0
removing moss from paving stones	50	Medium	0	0
removing mould from patio slabs	50	Unknown	0	0
removing mould from timber decking	0	Unknown	0	0
removing paint from trex decking	50	Unknown	0	0
removing patio pavers	50	Unknown	0	0
removing polymeric sand stains	50	Unknown	0	0
removing rust from chain link fence	50	Unknown	0	0
removing rust from composite decking	50	Unknown	0	0
removing rust stains from patio slabs	0	Unknown	0	0
removing rust stains from paving slabs	50	Unknown	0	0
removing sap from deck boards	0	Unknown	0	0
removing stain from deck boards	0	Unknown	0	0
removing stains from block paving	0	Unknown	0	0
removing stains from brick pavers	50	Unknown	0	0
removing stains from granite paving	0	Unknown	0	0
removing stains from patio pavers	50	Unknown	0	0
removing stains from sandstone paving	0	Unknown	0	0
removing stains from white vinyl fence	50	High	0	0
removing tannin stains from concrete pavers	50	Unknown	0	0
removing trex decking	50	Unknown	0	0
removing water stains from wood fence	0	Unknown	0	0
removing weeds from pavers with pressure washer	50	Unknown	0	0
resanding a paver patio	50	Unknown	0	0
resanding paver joints	50	Unknown	0	0
resanding paver patio	50	Unknown	0	0
reseal block paving	0	Unknown	0	0
reseal brick patio	0	Unknown	0	0
reseal brick pavers	50	High	0.6	10.17
residential and commercial pressure washing	50	Unknown	0	0
resin seal for block paving	0	Unknown	0	0
resin sealing block paving	50	Unknown	0	0
restoring block paved drive	0	Unknown	0	0
restoring faded pavers	50	Unknown	0	0
restoring patio slabs	0	Unknown	0	0
restoring paver patio	50	Unknown	0	0
restoring teak decking on a boat	0	Unknown	0	0
restoring teak on a boat	50	Low	0	0
reviva deck cleaner	0	Unknown	0	0
reviva timber cleaner	0	Unknown	0	0
rocksolid composite deck cleaner	50	Unknown	0	0
rocksolid deck and patio cleaner	0	Unknown	0	0
rocksolid deck cleaner	50	Unknown	0	0
roof gutter drains cleaning	0	Unknown	0	0
rust off patio slabs	0	Unknown	0	0
rust off pavers	50	High	0	0
rust off paving slabs	0	Unknown	0	0
rust oleum composite deck cleaner	0	Unknown	0	0
rust oleum deck cleaner	50	Unknown	0	0
rust remover for vinyl fence	50	High	0	0
rust stain on composite deck	50	Unknown	0	0
rust stain on trex deck	50	Unknown	0	0
rust stains on block paving	0	Unknown	0	0
rust stains on concrete pavers	50	Unknown	0	0
rust stains on pavers	50	High	0	0
rust stains on paving slabs	50	Unknown	0	0
rust stains on pool deck	50	Unknown	0	0
rustoleum deck and patio cleaner	50	Unknown	0	0
sailboat deck cleaner	50	Unknown	0	0
sakrete paver sealer	50	High	0	0
sand for brushing between block paving	0	Unknown	0	0
sand for brushing into block paving	0	Unknown	0	0
sand with weedkiller for block paving	50	High	0	0
sanding and sealing block paving	0	Unknown	0	0
sanding block paving	50	Unknown	0	0
sanding stain off deck	50	Unknown	0	0
sandstone paving maintenance	0	Unknown	0	0
sandstone pool coping sealer	0	Unknown	0	0
sap on deck remove	50	Unknown	0	0
sap remover for deck	0	Unknown	0	0
scotts deck cleaner with oxiclean	0	Unknown	0	0
scotts outdoor cleaner patio and deck	50	Unknown	0	0
scotts outdoor furniture cleaner	50	Unknown	0	0
scotts outdoor patio and deck cleaner	50	Unknown	0	0
scotts zero scrub deck cleaner	0	Unknown	0	0
screed sealant	50	Unknown	0	0
seadek cleaning	50	High	0	0
seal all hardscaping	0	Unknown	0	0
seal and lock paver sealer price	50	Unknown	0	0
seal and lock super wet	50	High	0	0
seal and lock ultra wet look	50	Unknown	0	0
seal and lock wet look	50	High	0	0
seal around pool coping	50	Unknown	0	0
seal between pavers	50	High	0	0
seal king paver sealer	50	Unknown	0	0
seal king paving stone sealer home depot	0	Unknown	0	0
seal krete paver shell	0	Unknown	0	0
seal n lock near me	50	High	0	0
seal n lock paver sealer price	50	Unknown	0	0
seal n lock sealer	50	Medium	0	0
seal n lock super wet paver sealer	50	High	0	0
seal n lock super wet sealer	50	Unknown	0	0
seal n lock system	50	Low	0	0
seal n lock ultra wet	50	Low	0	0
seal paver joints	50	Medium	0	0
seal paver stones	50	Unknown	0	0
seal pros and paving	0	Unknown	0	0
sealant for concrete paving slabs	0	Unknown	0	0
sealant for garden slabs	0	Unknown	0	0
sealant for monoblock paving	0	Unknown	0	0
sealant for pavers lowes	50	Unknown	0	0
sealed concrete pavers	50	High	0.45	5.41
sealed patio slabs	0	Unknown	0	0
sealer for brick paver patio	0	Unknown	0	0
sealer for concrete pavers wet look	0	Unknown	0	0
sealing and paving companies	0	Unknown	0	0
sealing between patio slabs	0	Unknown	0	0
sealing between paving slabs	0	Unknown	0	0
sealing block paving to prevent weeds	0	Unknown	0	0
sealing concrete pavers wet look	0	Unknown	0	0
sealing ep henry pavers	0	Unknown	0	0
sealing garden slabs	0	Unknown	0	0
sealing limestone pool coping	0	Unknown	0	0
sealing nicolock pavers	0	Unknown	0	0
sealing outdoor travertine pavers	0	Unknown	0	0
sealing paver stone patio	0	Unknown	0	0
sealing pavers home depot	50	Unknown	0	0
sealing permeable pavers	50	Unknown	0	0
sealing porcelain patio slabs	0	Unknown	0	0
sealing porcelain slabs	50	Unknown	0	0
sealing sandstone around pool	0	Unknown	0	0
sealing sandstone pavers around pool	0	Unknown	0	0
sealing sandstone paving slabs	0	Unknown	0	0
sealing stone patio pavers	50	Unknown	0	0
sealing techo bloc pavers	50	Unknown	0	0
sealing the pavers	50	Low	0	0
sealnlock sealer	50	Unknown	0	0
sfl paver sealing	0	Unknown	0	0
sherwin williams deck cleaner and brightener	0	Unknown	0	0
sikkens deck and wood cleaner	0	Unknown	0	0
sikkens deck cleaner	50	Unknown	0	0
sikkens wood cleaner	0	Unknown	0	0
simple green composite deck cleaner	50	Unknown	0	0
simple green deck	50	Unknown	0	0
simple green deck wash	0	Unknown	0	0
simple green for deck cleaning	50	High	0	0
simple green on deck	50	Unknown	0	0
simple green oxy deck cleaner	50	Unknown	0	0
simple green oxy solve deck and fence	50	Unknown	0	0
simple green to clean deck	50	High	0	0
simple gutter	50	Low	0	0
simpson commercial power washer	50	Unknown	0	0
simpson power washer company	0	Unknown	0	0
skyvac price	0	Unknown	0	0
slab patio cleaner	0	Unknown	0	0
sliding window cleaner	50	Unknown	0	0
slurry paving company	50	Unknown	0	0
slurry seal paver	50	High	0	0
smart seal paver sealer	50	High	0	0
smart sealer for block paving	50	Unknown	0	0
sodium hydroxide deck cleaner	0	Unknown	0	0
sodium metasilicate deck cleaner	50	Unknown	0	0
sodium percarbonate for deck cleaning	50	Unknown	0	0
sodium percarbonate on wood	50	Unknown	0	0
sodium percarbonate wood cleaner	50	Unknown	0	0
soft wash vinyl fence	50	Low	0	0
soft wash wood deck	50	Unknown	0	0
soft washing a deck	0	Unknown	0	0
someone to power wash house	50	Unknown	0	0
specchem cure and seal wb	50	Unknown	0	0
stain deck without power washing	0	Unknown	0	0
stain remover for wood decks	50	Unknown	0	0
stained pavers clean	50	High	0.28	4.81
staining fence without cleaning	50	Unknown	0	0
staining new fence without cleaning	0	Unknown	0	0
stains on composite decking	50	Unknown	0	0
stains on patio slabs	0	Unknown	0	0
stains on paving slabs	0	Unknown	0	0
star brite boat deck cleaner	50	High	0	0
star brite deck cleaner home depot	50	Unknown	0	0
star brite non skid deck cleaner & protectant	50	Unknown	0	0
star brite non skid deck cleaner with ptef	50	High	0	0
star brite outdoor furniture cleaner	50	Low	0	0
starbrite deck cleaner with ptef	50	Unknown	0	0
starbrite non skid cleaner	50	Unknown	0	0
steam clean block paving	0	Unknown	0	0
steam cleaner for pavers	50	Unknown	0	0
steam deck clean screen	0	Unknown	0	0
steam deck cleaning	50	Unknown	0	0
stihl deck cleaner	0	Unknown	0	0
stihl gutter	50	Unknown	0	0
stone and paving sealer	0	Unknown	0	0
stop grass from sticking to mower deck	50	Unknown	0	0
streaks inside double pane windows	50	Unknown	0	0
streaks on house windows won t come off	0	Unknown	0	0
streaks on windows won t come off	50	Unknown	0	0
strong block paving cleaner	0	Unknown	0	0
sun joe deck wash	0	Unknown	0	0
sun joe house and deck cleaner	50	Unknown	0	0
sunfrog deck cleaner	0	Unknown	0	0
super deck deck wash	50	High	0	0
super seal 25 paver sealer	50	Low	0	0
super seal 30 concrete & paver sealer	0	Unknown	0	0
super seal matte paver sealer	0	Unknown	0	0
super seal paver sealer	50	Medium	0	0
super wet paver sealer	50	Low	0	0
superdeck cleaner	50	Unknown	0	0
superdeck pressure treated wood stain	0	Unknown	0	0
superdeck wood cleaner	50	Unknown	0	0
superseal25 semi gloss paver and concrete sealer	0	Unknown	0	0
superseal30 paver and concrete sealer	0	Unknown	0	0
surebond sb 6000 wet look sealer	50	Unknown	0	0
surface cleaner on deck	0	Unknown	0	0
surface cleaner on wood deck	50	Unknown	0	0
swarfega decking cleaner	0	Unknown	0	0
swimming pool coping sealer	50	High	0	0
synthetic deck cleaner	50	High	0	0
t&t powerwash middletown fence cleaning	0	Unknown	0	0
t&t powerwash new castle fence cleaning	0	Unknown	0	0
tarring and paving	50	Unknown	0	0
teak deck care	50	Unknown	0	0
teak deck treatment	0	Unknown	0	0
teak wood brightener	50	Unknown	0	0
techniseal cleaner	50	Unknown	0	0
techniseal dirt and grease cleaner	50	Unknown	0	0
techniseal dirt and grease cleaner for pavers	50	Unknown	0	0
techniseal hardscape cleaner	0	Unknown	0	0
techniseal paver prep & efflo cleaner	50	Unknown	0	0
techniseal paver restorer	50	Unknown	0	0
techniseal paver sealer near me	50	Unknown	0	0
techniseal paver sealer wet look	50	Unknown	0	0
techniseal pre seal cleaner	50	Unknown	0	0
techniseal sealer wet look	50	Unknown	0	0
techniseal stain and sealer	0	Unknown	0	0
techniseal wet look sealer	50	Unknown	0	0
techo bloc cleaner	50	Unknown	0	0
techo bloc sealing	0	Unknown	0	0
telescopic high rise window cleaner	0	Unknown	0	0
tenant parking lot sweeper	50	Unknown	0	0
the best block paving cleaner	0	Unknown	0	0
the best block paving sealer	0	Unknown	0	0
the best way to clean block paving	0	Unknown	0	0
the best way to clean patio slabs	0	Unknown	0	0
thompson deck cleaner home depot	0	Unknown	0	0
thompson deck wash	50	High	0	0
thompson paver sealer	50	Unknown	0	0
thompson paving sealers	50	Unknown	0	0
thompson water seal clean up	50	Unknown	0	0
thompson water seal cleaner	50	High	0	0
thompson water seal deck cleaner	50	Unknown	0	0
thompson water seal for pavers	50	Unknown	0	0
thompson water seal pavers	50	Unknown	0	0
thompson water seal wood cleaner	50	Unknown	0	0
thompson wet look paving sealer	50	Unknown	0	0
thompson wood cleaner	50	Unknown	0	0
thompson's water seal 3 in 1 wood cleaner	0	Unknown	0	0
thompson's water seal for brick pavers	50	Unknown	0	0
thompson's water seal on pavers	50	Unknown	0	0
thompson's waterseal deck cleaner & brightener	0	Unknown	0	0
thompsons one coat block paving sealer	0	Unknown	0	0
thompsons patio and paving cleaner	0	Unknown	0	0
tile guards for gutters	0	Unknown	0	0
timber deck wash	0	Unknown	0	0
timber decking care	0	Unknown	0	0
timbertech azek cleaning	0	Unknown	0	0
timbertech deck cleaner near me	0	Unknown	0	0
toro 51667	0	Unknown	0	0
toro timecutter deck cleaning	50	Unknown	0	0
tower block window cleaning	0	Unknown	0	0
travertine paver filler	50	Unknown	0	0
treated pine strainer posts	0	Unknown	0	0
treating block paving	0	Unknown	0	0
treating moss on pavers	0	Unknown	0	0
treating patio pavers	0	Unknown	0	0
treating sandstone paving	0	Unknown	0	0
treating wood fence	50	Medium	0.16	6.79
trex cleaner and sealer	0	Unknown	0	0
trex composite deck cleaner	50	Unknown	0	0
trex deck cleaner lowes	50	Unknown	0	0
trex deck treatment	50	Unknown	0	0
trex decking cleaner lowes	50	Unknown	0	0
trisodium phosphate deck cleaner	50	High	0	0
tuf top paver sealer	50	Unknown	0	0
twp deck cleaner	0	Unknown	0	0
typical cost to powerwash a house	0	Unknown	0	0
ultra deck cleaner	0	Unknown	0	0
under deck cleaning	50	Unknown	0	0
unilock brick paver sealer	0	Unknown	0	0
unilock cleaner	50	Unknown	0	0
unilock patio sealer	0	Unknown	0	0
unilock wet look finish protective sealer	0	Unknown	0	0
upvc cleaning prices	0	Unknown	0	0
ure seal for pavers	50	High	0	0
ureseal h2o	50	High	0	0
using deck cleaner	50	Unknown	0	0
valspar fast acting deck cleaner	50	Unknown	0	0
vinegar for deck cleaning	50	Unknown	0	0
vinegar on trex deck	0	Unknown	0	0
vinegar on wood deck	0	Unknown	0	0
vinyl deck cleaner home depot	0	Unknown	0	0
vinyl fence cleaning cost	50	Unknown	0	0
vinyl fence graffiti removal	0	Unknown	0	0
vinyl fence maintenance	50	High	0	0
vinyl fence rust removal	50	Unknown	0	0
w5 glass cleaner	0	Unknown	0	0
wash deck without pressure washer	50	Unknown	0	0
wash outdoor furniture	50	Unknown	0	0
wash pollen off deck	0	Unknown	0	0
wash safe composite deck cleaner	0	Unknown	0	0
wash window cleaning	500	High	3.57	18.67
washing building	50	Low	0	0
washing patio slabs	0	Unknown	0	0
washing paver patio	0	Unknown	0	0
washing paving slabs	50	Low	0	0
washing paving stones	0	Unknown	0	0
water based brick paver sealer	50	Low	0	0
water based patio paver sealer	50	Low	0	0
water based sealant for pavers	50	High	0	0
water based sealer for brick pavers	50	High	0	0
water blasting wooden decks	0	Unknown	0	0
water spots on mirror won t come off	50	Unknown	0	0
water stains on composite decking	0	Unknown	0	0
water stains on pavers	50	Unknown	0	0
water stains on paving slabs	0	Unknown	0	0
waterproof paver sealer	50	Unknown	0	0
wet & forget outdoor stain remover	50	Unknown	0	0
wet and forget composite deck cleaner	50	Unknown	0	0
wet and forget for composite decks	0	Unknown	0	0
wet and forget for decking	0	Unknown	0	0
wet and forget for pavers	50	High	0	0
wet and forget on brick pavers	50	Unknown	0	0
wet and forget on composite decking	0	Unknown	0	0
wet and forget outdoor furniture cleaner	0	Unknown	0	0
wet and forget paver cleaner	50	Unknown	0	0
wet look block paving	0	Unknown	0	0
wet look concrete paver sealer	50	High	0	0
wet look matte finish paver sealer	50	Unknown	0	0
wet look on pavers	50	High	0	0
wet look sealant for patio slabs	0	Unknown	0	0
wet look sealer for porcelain slabs	50	Unknown	0	0
wet look slate patio sealer	0	Unknown	0	0
wet patio sealer	0	Unknown	0	0
wet seal paver sealer	50	Unknown	0	0
wet seal pavers	50	Medium	0	0
white fungus on deck boards	50	Unknown	0	0
white lichen on block paving	50	Unknown	0	0
white residue on brick pavers	50	Unknown	0	0
white residue on pavers	0	Unknown	0	0
white spots on trex decking	50	Unknown	0	0
white vinyl fence maintenance	0	Unknown	0	0
white wash fence	50	Low	0	0
wilson deck and patio moss cleaner	0	Unknown	0	0
window cleaner for high rise	0	Unknown	0	0
window washing high rise buildings	50	Medium	1.29	9.4
window washing tall buildings	0	Unknown	0	0
wolf decking cleaning	0	Unknown	0	0
wolman deck cleaner	0	Unknown	0	0
wolman deck sprayer	0	Unknown	0	0
wolman's deck cleaner brightener	0	Unknown	0	0
wood brightener for fence	50	High	0	0
wood deck algae cleaner	0	Unknown	0	0
wood deck cleaner for power washer	0	Unknown	0	0
wood deck maintenance cost	0	Unknown	0	0
wood deck mold cleaner	50	Low	0	0
wood deck turning green	0	Unknown	0	0
wood deck wash home depot	0	Unknown	0	0
wood dock cleaner	50	High	0	0
wood fence algae remover	0	Unknown	0	0
wood fence mildew remover	0	Unknown	0	0
wood fence mold removal	50	Unknown	0	0
wood fence wash	50	High	0	0
wood on deck turning green	0	Unknown	0	0
woodrich deck cleaner	0	Unknown	0	0
worx wa4094	50	Unknown	0	0
wrought iron cleaning rust	50	High	0	0
xylene based paver sealer	50	Unknown	0	0
xylene paver sealer	50	High	0	0
zep 1 deck and fence cleaner	0	Unknown	0	0
zep 1 gal deck and fence cleaner	50	Unknown	0	0
zep commercial all in one pressure wash concentrate	0	Unknown	0	0
zep commercial deck and fence cleaner	0	Unknown	0	0
zep deck and fence cleaner	50	High	0	0
zep deck wash	50	Unknown	0	0
zep wood deck & fence pressure wash	0	Unknown	0	0
zep wood deck cleaner	50	Unknown	0	0
zep wood deck pressure wash	0	Unknown	0	0
how to clean driveway	50	High	0	0
roof algae removal	50	Medium	3.1	5.85
mold on siding	50	Medium	0	0
mildew removal	50	High	4.15	55.92
mould removal	500	High	1.81	17.79
tilex mold and mildew	500	High	0.12	0.5
mold and mildew remover	500	High	0.57	4.94
roof moss removal near me	50	Unknown	0	0
mold companies	50	High	1.93	26.03
removing mold from walls	500	High	0.27	4.65
how to remove oil stains from concrete	50	High	0.2	2.07
cleaning mold off walls	50	High	0.02	4.65
best mold remover	50	High	0.26	3.57
tilex mold and mildew remover	50	Medium	0.38	4.65
pressure washing prices rates	50	High	1.38	4.33
mold and mildew remediation	50	Medium	0	0
remove mold from wood	50	High	0.17	4.65
astonish mould and mildew	50	Unknown	0	0
clorox mold and mildew	50	High	0.07	0.24
how to get oil out of concrete	500	High	0.18	1.49
clorox tilex mold and mildew	50	High	0.34	4.65
mold and mildew	50	High	4.83	41.23
mould removal near me	5000	Low	15.09	59.9
clr mold and mildew	50	High	0.19	4.65
how to remove oil stains from driveway	500	High	0.21	2.75
remove mold from shower	50	High	0.35	4.65
how to remove oil from concrete	50	High	0.15	0.53
black mould remover	50	High	2	10.48
powerwashing cost	50	Unknown	0	0
mold mildew remover	500	High	0.57	4.94
attic mold	50	Medium	4.9	29.74
how to get oil stains out of concrete	500	High	0.18	1.49
tilex mold & mildew remover	50	Medium	0.38	4.65
best mold and mildew remover	50	High	0.23	1.81
mould treatment for walls	50	High	2.56	14.41
clorox mold and mildew remover	50	High	0.3	4.65
best mold remediation companies near me	50	High	0	0
how to get oil off driveway	50	High	0.15	2.62
kill mold on wood	50	High	0.13	4.65
how to clean oil off concrete	50	High	0.17	0.64
kill mold on drywall	50	High	0.3	6.83
clorox tilex	50	High	0.22	4.65
bathroom mold	50	High	2.36	44.23
best mould remover	50	High	0.26	3.57
mould remover for walls	500	High	0.27	4.65
mold and mildew killer	50	High	0.45	4.09
mould and mildew remover	500	High	0.57	4.94
how to clean oil off driveway	50	High	0.17	1.3
how to get oil off concrete	500	High	0.18	1.49
mildew cleaner	50	High	1.81	25
lysol mold and mildew	50	High	0.22	3.51
mold and mildew cleaner	50	High	0.39	4.65
mold and mildew specialist	50	Unknown	0	0
best mold remover for shower	50	High	0.27	1.82
pressure washing rates	50	High	1.38	4.33
mildew smell	50	Low	3.21	12.96
shower mold cleaner	50	High	0.36	4.65
mold in ceiling	50	Medium	4.86	11.48
mold mildew inspection	50	High	0	0
mildew removal company	50	High	0	0
remove mold from drywall	50	Medium	0.27	6.98
ppw power wash prices	0	Unknown	0	0
cleaning mold off wood	50	High	0.17	4.65
mildew remediation	50	Unknown	0	0
how to remove oil from driveway	500	High	0.21	2.75
glassguard mold remover	50	High	0.29	4.65
astonish mould and mildew blaster	50	Medium	0	0
remove mold from carpet	50	High	2.74	11.9
mold and mildew companies	50	High	0	0
ceiling mould removal	50	High	0	0
remove mold from bathroom ceiling	50	High	0.85	5.21
carpet mould remover	50	High	2.74	11.9
starbrite mildew stain remover	50	High	0.17	0.91
how to clean concrete driveway	50	High	0.17	4.39
zep mold and mildew	500	High	0.19	1.88
how to remove old oil stains from concrete	50	High	0.23	1.14
mold and mildew removal companies near me	50	Unknown	0	0
bathroom mould remover	50	High	1.81	18.21
best mold remover for walls	50	High	0.53	4.94
mould cleaner for walls	50	Medium	0	0
how to get oil stains off driveway	500	High	0.21	2.75
how to clean oil from concrete	50	High	0.15	0.53
remove mold from ceiling	50	High	0	0
best mildew remover	50	High	0.27	2.7
mildew stain remover	50	High	0.4	2.82
cleaning mould off walls	500	High	0.27	4.65
power washing rates	50	High	1.38	4.33
$99 pressure washing	50	Low	0	0
how to remove grease from concrete	50	High	0	0
house mould removal	50	High	0	0
get rid of mold on walls	500	High	0.27	4.65
step edge trim	50	High	0	0
marblelife mold & mildew stain remover	50	High	0	0
best way to clean mold in shower	50	Medium	0.23	4.65
mould removal companies near me	50	Unknown	0	0
cleaning mold off bathroom ceiling	50	High	0.05	5.57
best way to clean mold off walls	50	High	0.02	0.5
get rid of musty smell in basement	50	Unknown	0	0
remove mildew from fabric	50	High	0.33	4.65
power wash patio cost	50	Unknown	0	0
wet & forget moss mold & mildew stain remover	50	High	0	0
mildew smell remover	50	High	1.13	9.58
tilex mold and mildew cleaner	50	Medium	0	0
best mold remover for bathroom ceiling	50	High	0.26	4.65
zep mildew stain remover	50	High	0.12	2.02
clorox tilex mold and mildew remover	50	Low	0	0
astonish mould cleaner	0	Unknown	0	0
how to clean oil stains from concrete	50	High	0.14	0.36
mold and mildew remover bathroom	50	High	0.33	4.65
perfect power wash prices	0	Unknown	0	0
how to seal a concrete driveway	50	High	0.18	4
how to get rid of oil stains on concrete	50	High	0	0
best shower mold cleaner	50	High	0.27	1.82
astonish mould & mildew blaster	50	Medium	0	0
cost mold remediation	500	Medium	3.34	22.17
non toxic mold remover	50	High	0.31	0.61
mould killer for walls	0	Unknown	0	0
treating mold on wood	50	High	0.17	4.65
treating mold on drywall	50	High	0.3	6.83
best mold cleaner	50	High	0.2	13.73
best mold and mildew remover for shower	50	High	0.19	4.65
mold mildew remediation	50	Medium	0	0
grout mold remover	50	High	0.02	5
fleet washing prices	50	Low	0	0
fabric mould remover	50	High	0.02	1.76
best mildew remover for shower	50	High	0.23	1.81
remove mold behind shower wall	50	Unknown	0	0
mold and mildew treatment	50	Unknown	0	0
eliminate mold in house	50	High	2.55	7.19
how to get rid of oil stains on driveway	500	High	0.21	2.75
astonish mold and mildew	50	Unknown	0	0
mould removal specialist near me	0	Unknown	0	0
zinsser mould killer	0	Unknown	0	0
average price for pressure washing	50	Medium	0.7	4.41
marine 31 mildew stain remover	50	High	0.32	0.62
best way to remove mold from shower	50	Medium	0.23	4.65
clorox plus tilex mold and mildew remover	50	Medium	0	0
best mould remover for painted walls	50	Unknown	0	0
siding trim	50	High	0	0
tilex mildew remover	50	High	0	0
stonetech mold & mildew stain remover	50	High	0.37	1.52
best way to get rid of mold in shower	50	High	0.31	3.07
fabric mold remover	50	High	0	0
how to get oil stains out of driveway	50	High	0.19	3.21
mold and mildew stain remover	50	High	0	0
how to get old oil stains out of concrete	50	High	0	0
best way to remove mold from walls	50	High	0.03	4.65
clorox mildew remover	50	High	0	0
carpet mildew remover	50	High	0	0
powerwashing prices	50	Unknown	0	0
musty odor eliminator	50	High	0	0
removing black mold from drywall	50	High	0	0
outdoor mold remover	50	High	0	0
how to remove oil stains from concrete driveway	50	High	0.2	0.58
mildew cleaning services	50	Unknown	0	0
best way to kill mold on wood	50	High	0.08	0.89
how to get oil stains off concrete	500	High	0.18	1.49
iosso mold & mildew stain remover	50	Medium	0	0
zep mold and mildew stain remover	50	High	0.12	2.02
getting mold out of carpet	50	High	0.55	3.89
how to remove old oil stains from driveway	50	High	0	0
remove black mold from wood	50	High	0	0
shower mould remover	50	High	0.35	4.65
how to remove motor oil from concrete	50	High	0.23	4.5
kaboom mold and mildew	50	High	0	0
cleaning mould off ceiling	50	High	0	0
mold around ac vents	50	Medium	6.31	16.87
x 14 mildew stain remover	50	High	0.27	4.54
clean mould	50	High	1.86	7.5
clean mold off ceiling	50	High	0	0
professional mold and mildew remover	50	High	0	0
kill black mold on wood	50	High	0	0
how to get dried oil off driveway	50	Unknown	0	0
how to get oil out of driveway	50	High	0.17	2.49
remove black mold on bricks	50	Unknown	0	0
astonish mould & mildew remover	50	Unknown	0	0
roof cleaning quote	50	Unknown	0	0
remove mold from fabric	50	High	0.02	1.76
how to clean oil from driveway	50	High	0	0
home depot mold remover	50	High	0.13	4.65
pressure wash and seal driveway cost	50	Unknown	0	0
siding corner trim	50	High	0	0
cleaning mildew off walls	50	High	0.64	7.82
remove black mold from wall	50	Medium	0	0
eco mould removal	50	Unknown	0	0
best mold remover for wood	50	High	0.32	23.01
remove mildew from wood	50	High	0.02	4.5
bleach mold cleaner	500	High	0.52	4.65
zep mold and mildew remover	50	High	0	0
best way to get rid of mold on walls	50	High	0.03	4.65
clr mold and mildew stain remover	50	Low	0	0
bathtub mold remover	50	High	0	0
clorox mold	50	High	0	0
astonish mould and mildew remover	50	Unknown	0	0
how to get rid of moss on concrete	50	High	0	0
remove mold smell from house	50	High	0	0
mould remover for painted walls	50	High	0	0
best way to get rid of mould	50	Unknown	0	0
canvas mould remover	50	Unknown	0	0
how to get oil out of concrete driveway	50	High	0.13	0.75
clean mildew off wood	50	High	0.02	4.5
soffit trim	50	High	0	0
removing mold from shower grout	50	High	0.32	4.65
wet and forget mould remover	50	High	0.2	2.02
roof moss treatment near me	50	Unknown	0	0
cleaning mold from walls	50	High	0.03	4.49
cleaning mold in bathroom	50	High	1.81	13.01
home mould removal	50	High	3.86	24.85
how to remove oil stains from asphalt driveway	50	High	0	0
how to pressure wash driveway	50	High	0	0
mould on bathroom ceiling	50	High	0.62	13.29
mold and mildew remover for fabric	50	High	0	0
how to seal driveway	50	High	0.22	4.27
natural mould killer	50	Medium	0	0
best mould remover for walls	50	High	0.53	4.94
remove mildew smell from carpet	50	High	0.48	6.74
get rid of mold smell in house	50	High	0	0
concrete driveway maintenance	50	Low	0	0
black mould remover for walls	50	Medium	0	0
clean black mold in shower	50	High	0.15	3.73
kills mold remover	50	High	0	0
how to remove car oil from driveway	50	High	0.23	4.19
mold mildew cleaner	50	High	0.27	2
rmr mold and mildew remover	50	High	0	0
driveway cleaning and sealing cost	50	Unknown	0	0
how do you remove oil stains from concrete	50	High	0.2	2.07
clorox with tilex	50	High	0	0
cost to power wash deck per square foot	50	High	0	0
black mould in bathroom	50	Medium	1.14	9.48
roof moss removal service	50	Medium	0	0
conservatory roof cleaning prices	0	Unknown	0	0
mildew smell in carpet	50	High	0	0
bathroom mould cleaner	50	High	1.81	13.01
mildew killer	50	High	0	0
how to remove grease stains from concrete	50	High	0	0
mold and mildew bathroom cleaner	50	Medium	0	0
clorox mold remover	50	High	0	0
remove mold from shower caulk	50	High	0.17	4.65
how to get motor oil off concrete	50	High	0	0
power wash price per square foot	50	Medium	1.32	4.69
marblelife mold and mildew stain remover	50	High	0	0
how to clean motor oil off concrete	50	High	0.17	2.02
cleaning black mould	50	High	1.27	10.25
getting rid of musty smell	50	High	0	0
getting mold off wood	50	Medium	0	0
bathroom mildew remover	50	High	0	0
clorox plus tilex	50	High	0	0
average cost for power washing	50	Medium	2.2	6.24
shower mildew cleaner	50	High	0	0
grout mould remover	50	High	0.02	5
how to clean up oil spills on concrete	50	Medium	0	0
mold in the air ducts	50	Unknown	0	0
best mould remover for fabric	0	Unknown	0	0
industrial mold remover	50	Unknown	0	0
best shower cleaner for mold and mildew	50	High	0.19	4.65
best way to kill mold on drywall	50	Medium	0	0
shower mold and mildew remover	50	High	0.36	2
how to clean oil stains from driveway	50	High	0.22	4.5
how do you get oil stains out of concrete	500	High	0.18	1.49
roof cleaning price per square foot	50	Unknown	0	0
kill mold in shower	50	High	0.35	4.65
companies that clean moss off of roofs	0	Unknown	0	0
how to clean driveway without pressure washer	50	High	0.31	3.41
cleaning black mold off walls	50	Low	0	0
deck pressure washing cost	50	High	0	0
tilex mold	50	High	0	0
professional mildew removal	50	Unknown	0	0
mold and mildew remover for walls	50	High	0	0
mildew odor eliminator	50	High	0	0
mildew odor remover	50	High	1.13	9.58
best way to get mold out of shower	50	High	0.31	1.81
mold and mildew remover for wood	50	High	0	0
clean mold off drywall	50	Medium	0	0
get rid of musty smell in house	50	High	0.98	12.96
best mould killer	0	Unknown	0	0
tile mold cleaner	50	High	0.12	2
cleaning mold off leather	50	Medium	0.04	0.5
cleaning mold from wood	50	High	0.17	4.65
remove mold from wood furniture	50	High	0	0
mold and mildew cleaner for walls	50	High	0	0
roof debris removal cost	50	Unknown	0	0
hvac mold cleaner	50	High	3.65	23.18
natural mould remover	50	High	0.01	0.47
clean mold from bathroom ceiling	50	High	0.85	5.21
mildew remover for walls	50	High	0.64	7.82
how to clean cement driveway	50	High	0.17	4.39
roof cleaning cost per square foot	50	High	3.42	15
window siding trim	50	High	0	0
cleaning mildew from wood	50	Unknown	0	0
mold remover cleaner	50	Medium	0	0
eliminate mold smell	50	Low	0	0
carpet mold remover	50	High	2.74	11.9
cost to rent a power washer	50	Low	0	0
kill black mold on drywall	50	High	0	0
remove mold from roof	50	Unknown	0	0
lysol mold and mildew remover	50	High	0.38	3.51
siding mold remover	50	High	0	0
indoor mold remover	50	Medium	0	0
best way to remove mold from wood	50	High	0	0
best way to remove mold from bathroom ceiling	50	High	0	0
zep mold stain and mildew stain remover	50	High	0.12	2.02
marblelife mold and mildew	50	Unknown	0	0
clean mold from shower grout	50	High	0.32	4.65
rmr 86 instant mold and mildew stain remover	50	High	0.41	4.65
how to remove oil from concrete driveway	50	High	0.2	0.58
cleaning mold off basement walls	0	Unknown	0	0
get rid of black mold on walls	50	Medium	0	0
best black mould remover	0	Unknown	0	0
the best mold remover	50	Unknown	0	0
pressure washing rates per hour	50	Unknown	0	0
cost to remove mold from house	50	Medium	0	0
industrial mould remover	50	Unknown	0	0
lysol mold and mildew foamer with bleach	50	Unknown	0	0
roof cleaning and sealing cost	0	Unknown	0	0
remove mold from leather	50	Medium	0.04	0.5
cost to rent pressure washer	50	Low	0	0
how to remove efflorescence from concrete	50	High	0	0
lowes mold remover	50	High	0.31	11.83
clorox mildew and mold remover	50	High	0	0
roof cleaning services cost	50	Unknown	0	0
pressure cleaning services prices	50	Unknown	0	0
pressure washing business prices	50	Unknown	0	0
power washing rates per hour	0	Unknown	0	0
how to remove oil spots from driveway	500	High	0.21	2.75
stonetech mold and mildew remover	50	High	0	0
how to clean oil spill on concrete	50	High	0.23	4.5
how to remove car oil from concrete	50	High	0.23	4.5
remove black mold from ceiling	50	Unknown	0	0
best way to get rid of mildew smell	50	High	0	0
astonish mold and mildew blaster	50	High	0	0
natural mildew remover	50	High	0	0
concrobium mold stain eraser	50	High	0	0
best way to clean mold off wood	50	High	0	0
how do you get oil off of concrete	500	High	0.18	1.49
mould off	50	High	0	0
remove mildew stains from fabric	50	High	0.02	0.84
roof jet washing prices	0	Unknown	0	0
best bathroom mold and mildew cleaner	50	Medium	0.41	1.81
mold and mildew smell remover	50	Unknown	0	0
rmr 86 pro instant mold stain & mildew stain remover	50	Unknown	0	0
how to clean concrete driveway without pressure washer	50	High	0	0
tilex mildew root penetrator	50	Unknown	0	0
how to remove engine oil from concrete	50	High	0.23	4.5
tent mould remover	50	Unknown	0	0
how to clean up oil on concrete	50	High	0	0
eliminate musty smell	50	High	0	0
remove mold smell	50	Low	0	0
rmr 86 instant mold and mildew remover	50	High	0	0
bathroom ceiling mould removal	50	High	0.85	5.21
roof moss removal and treatment	0	Unknown	0	0
wood mould remover	0	Unknown	0	0
hotsy power washer price	0	Unknown	0	0
how to clean up spilled oil on concrete	50	Medium	0	0
hotsy pressure washer price	50	Unknown	0	0
removing mold from bathroom	50	High	1.81	18.21
remove mold from mattress	50	Medium	0	0
anti mould treatment	0	Unknown	0	0
remove mold from bathroom walls	50	High	0	0
power washing business pricing	50	Unknown	0	0
how to get oil spots off driveway	50	High	0.19	3.21
washer mold remover	50	High	0	0
rmr mildew remover	50	High	0	0
clorox mold & mildew remover	50	High	0	0
how to clean oil off concrete driveway	50	High	0	0
clean mold from grout	50	High	0.02	5
mold & mildew stain remover	50	High	0	0
natural mold remover	50	High	0.01	0.47
green mold on wood	50	Low	0	0
best mold and mildew remover for fabric	50	High	0	0
outdoor mildew remover	50	High	0	0
how to power wash driveway	50	Low	0	0
best cleaner for mildew in shower	50	High	0.09	2.27
powerwashing rates	0	Unknown	0	0
how to clean oil stains off driveway	50	Unknown	0	0
best mold remover for drywall	50	High	0	0
mould stain remover	50	Unknown	0	0
clorox mold and mildew tilex	50	Unknown	0	0
skylar life mold and mildew	50	Unknown	0	0
moss and mould remover	50	Unknown	0	0
tilex mildew	50	High	0	0
best mold remover for shower caulk	50	High	0.19	2.72
get rid of mold on bathroom ceiling	50	High	0.85	5.21
pressure washing company prices	50	Unknown	0	0
metal siding corner trim	50	High	0	0
clean black mold from wood	50	High	0	0
best mould cleaner	0	Unknown	0	0
the best way to get rid of mold	50	Unknown	0	0
how do i get oil off my driveway	50	Medium	0	0
bathroom tile mold cleaner	50	Medium	0	0
clorox for mold and mildew	50	High	0	0
pressure washing apartment complex pricing	50	Unknown	0	0
best mould remover for ceilings	0	Unknown	0	0
labor panes pressure washing	0	Unknown	0	0
get rid of mildew smell in basement	50	High	0	0
colorbond roof cleaning cost	0	Unknown	0	0
kill black mold in shower	50	High	0.15	3.73
mould and mildew cleaner	50	High	0.27	2
average pressure washing cost per square foot	50	Low	0	0
best way to remove mould from walls	50	High	0.03	4.65
clean mold from carpet	50	High	0.36	9.52
roof gutter cleaning prices	50	Unknown	0	0
cost to pressure wash and seal driveway	50	Unknown	0	0
how to get oil stains out of concrete driveway	50	High	0.22	2.26
remove mould from curtains	0	Unknown	0	0
best cleaner for mold and mildew	50	High	0.13	4.65
easiest way to get rid of mold	50	High	0	0
best way to remove mould	50	Unknown	0	0
average power washing rates	0	Unknown	0	0
best cleaner for mold in shower grout	50	High	0	0
remove mold from furniture	50	High	0	0
kill mildew on wood	50	High	0.02	4.5
pressure cleaning cost	500	High	1.74	8.37
best way to clean mildew in shower	50	Low	0	0
rmr 86 pro instant mold stain remover	50	Unknown	0	0
mold mildew killer	50	High	0.45	4.09
how to clean moss off concrete	50	Unknown	0	0
window mould remover	50	Unknown	0	0
pressure washing charge per square foot	50	Unknown	0	0
commercial pressure washing prices rates	0	Unknown	0	0
roof cleaning cost per square metre	0	Unknown	0	0
how to get car oil out of concrete	50	High	0.23	4.5
mobile pressure washing prices	50	Unknown	0	0
astonish mould	50	Unknown	0	0
how to remove oil stains from cement	50	High	0.2	2.07
best mold mildew remover	50	High	0.23	1.81
cleaning mold off furniture	50	Unknown	0	0
cheapest power washer	50	High	0.2	1.58
best way to clean mould off walls	0	Unknown	0	0
how to clean oil spill on driveway	50	Low	0	0
best way to get rid of musty smell in basement	50	Unknown	0	0
roof cleaning near me cost	50	Unknown	0	0
how to remove oil stains from asphalt	50	High	0	0
best mould remover bathroom	50	Unknown	0	0
how to get car oil off driveway	50	High	0.08	0.3
how do you remove oil from concrete	50	High	0.15	0.53
get rid of black mold on wood	50	High	0	0
vinyl siding mold remover	50	High	0	0
zep mold & mildew stain remover	50	High	0.12	2.02
clean mold from drywall	50	Medium	0.27	6.98
exterior pressure washing cost	50	High	0	0
cost of powerwashing	0	Unknown	0	0
get rid of mildew smell in carpet	50	High	0.48	6.74
canvas mold remover	50	Unknown	0	0
kill mold on walls	50	High	0.33	6.06
best thing to get rid of mold	50	High	0	0
how to get oil out of cement	500	High	0.18	1.49
best way to get rid of musty smell	50	Unknown	0	0
household mold remover	50	High	0	0
cleaning moss from roof tiles	50	Unknown	0	0
how to get rid of oil on driveway	50	High	0.17	1.3
remove mold from house exterior	0	Unknown	0	0
mobile home power washing prices	50	High	0	0
astonish mould remover	50	Unknown	0	0
best mold remover for fabric	50	High	0.29	4.65
how to clean car oil from driveway	50	High	0	0
moss on roofs	50	Medium	0	0
best way to get rid of mold in bathroom	50	High	0.34	4.65
mildew carpet	50	Unknown	0	0
mattress mould remover	50	Medium	0	0
best canvas mould remover	0	Unknown	0	0
anti mold cleaner	50	Low	0	0
jet washing prices	0	Unknown	0	0
how to clean engine oil off concrete	50	High	0.17	2.02
patio cleaning cost	50	Unknown	0	0
roof mould remover	50	Unknown	0	0
clean roof moss cost	0	Unknown	0	0
anti mould treatment for walls	50	Unknown	0	0
moss off roofing solutions	0	Unknown	0	0
remove mold from tile grout	50	High	0.02	5
how to get oil off of cement	50	Low	0	0
best way to clean mold off ceiling	50	Unknown	0	0
wet and forget moss and mould remover	0	Unknown	0	0
mold and mildew shower cleaner	50	High	0.1	1.81
mobile fleet washing prices	50	Unknown	0	0
shower tile mold remover	50	High	0	0
best mold and mildew remover for brick	50	Unknown	0	0
shower mildew removal	50	Medium	0.39	5.18
lysol mildew remover	50	Medium	0	0
concrete cleaning services cost	0	Unknown	0	0
best way to clean mould	50	Unknown	0	0
clorox mildew	50	High	0	0
safe mold remover	50	High	0	0
clean mold off bathroom walls	50	High	0	0
wet drywall mold	50	Unknown	0	0
how to clean car oil off concrete	50	High	0.17	2.02
patio pressure washing cost	50	Unknown	0	0
clean mold out of carpet	50	High	0	0
non bleach mold and mildew remover	50	High	0	0
mildew mold	50	High	3.3	37.65
grout mildew cleaner	50	High	0.04	4.65
best way to kill mold in bathroom	50	High	0.34	4.65
commercial mould remover	0	Unknown	0	0
fix mould in house	0	Unknown	0	0
treating mold on walls	50	High	2.56	14.41
cost to power wash patio	50	Unknown	0	0
anti mould cleaner	50	Low	0	0
moss treatment for roof near me	0	Unknown	0	0
how to tarmac a drive	0	Unknown	0	0
buying a pressure washer	50	High	0.4	1.6
remove mildew from ceiling	50	High	0	0
best way to remove mold from grout	50	High	0.97	4.65
mould in shower grout	50	Medium	0.48	6.39
krud kutter mold and mildew	50	Unknown	0	0
rmr 86 instant mold & mildew stain remover	50	Low	0	0
astonish mold and mildew cleaner	50	High	0	0
best way to clean black mold in shower	50	High	0	0
best mold remover for shower grout	50	High	0.23	4.65
concrobium mold stain remover	50	High	0	0
remove mold from caulk	50	High	0	0
shower mould cleaner	50	High	0.36	4.65
getting mildew smell out of carpet	50	Unknown	0	0
jet washing services prices	50	Unknown	0	0
mildew out of carpet	50	Unknown	0	0
pressure washing parking lot cost	0	Unknown	0	0
mold and mildew remover for carpet	50	Unknown	0	0
tilex clorox mold and mildew	50	High	0	0
removing mold stains from fabric	50	High	0	0
hydrogen peroxide for mold on walls	50	Unknown	0	0
best ways to get rid of mold	50	High	0.81	4.65
moss roof removal cost	0	Unknown	0	0
astonish mold and mildew stain blaster	50	Unknown	0	0
how to remove paint from driveway	50	High	0	0
outdoor mold cleaner	50	Medium	0	0
ceiling mould cleaner	50	Medium	0	0
how to get cooking oil out of concrete	50	Unknown	0	0
mildew cleaner for walls	50	High	0.64	7.82
iosso mold and mildew stain remover	50	Medium	0	0
lowes mildew remover	50	High	0	0
leather mold cleaner	50	Medium	0.04	0.5
how to pressure wash concrete	50	Low	0	0
eliminate mildew smell	50	High	0.65	12.96
how to remove paint from concrete driveway	50	High	0	0
rmr 86 mold and mildew remover	50	Low	0	0
best way to clean mold off bathroom ceiling	50	High	0.09	4.65
how to remove oil from asphalt	50	High	0	0
best cleaner for mildew	50	High	0	0
tilex mold remover	50	Low	0	0
best way to get rid of mould on walls	50	High	0.03	4.65
cost to power wash fence per linear foot	50	Unknown	0	0
how to remove rust from driveway	50	Unknown	0	0
how do you get oil off a driveway	50	High	0.15	2.62
best mold stain remover	50	High	0.13	0.5
how to clean your driveway	50	High	0	0
non toxic mildew remover	50	High	0	0
stop mold	50	High	0	0
typical pressure washing prices	50	Medium	0.7	4.41
mould smell remover	0	Unknown	0	0
black mould remover bathroom	50	Unknown	0	0
clr mold and mildew remover	50	High	0.71	4.65
zep mould & mildew stain remover	50	Unknown	0	0
roof tile moss remover	0	Unknown	0	0
how to remove oil from tarmac	0	Unknown	0	0
how to get oil off your driveway	50	Medium	0	0
tile plus mold and mildew stain remover	50	Low	0	0
window trim for vinyl siding	50	High	0.42	7.1
how do you get oil off your driveway	50	Medium	0	0
how to clean oil stains off concrete	50	High	0.14	0.33
best way to kill mould	50	High	0.05	4.65
cleaning black mould off walls	50	Low	0	0
how to remove rust from concrete driveway	50	High	0	0
best way to remove mildew from shower	50	High	0.06	0.42
removing black mold from grout	50	High	0	0
how to clean concrete driveway with bleach	50	Low	0	0
the best mould remover	50	Unknown	0	0
kill mold in bathroom	50	High	1.81	13.01
clean mold off wood furniture	50	High	0	0
starbrite mold and mildew remover	50	Medium	0	0
natural ways to get rid of mold	50	Medium	0	0
bleach for mold on wood	50	Medium	0	0
driveway washing prices	50	Unknown	0	0
mold on brick wall	50	Unknown	0	0
mold on vinyl siding	50	Unknown	0	0
instant mold remover	50	High	0	0
how to remove oil spots from concrete	50	High	0.2	2.07
pressure cleaning cost per square metre	0	Unknown	0	0
how to clean asphalt driveway	50	Unknown	0	0
best mold odor eliminator	0	Unknown	0	0
best outdoor mold and mildew remover	50	Medium	0	0
soft washing prices	50	Unknown	0	0
mould and mildew	0	Unknown	0	0
power washing equipment cost	50	Unknown	0	0
average price to power wash 2 story house	0	Unknown	0	0
clean mildew off leather	50	High	0	0
oxiclean mold and mildew	50	High	0.35	2.59
kill mold on ceiling	50	High	0.03	9.89
green mould and algae remover	50	Unknown	0	0
how to clean oil spots off driveway	50	Unknown	0	0
best shower mould remover	50	High	0	0
best low cost pressure washer	50	High	0	0
best way to get rid of mold on wood	50	High	0	0
how to clean up motor oil on concrete	50	Unknown	0	0
astonish mold and mildew remover	50	Unknown	0	0
bathroom mildew cleaner	50	Medium	0	0
wet and forget mold and mildew	50	High	0	0
clean mold from ceiling	50	Low	0	0
how to get oil spots off concrete	500	High	0.18	1.49
tilex root penetrator	50	High	0	0
best mildew stain remover for canvas	50	Unknown	0	0
removing mold from painted walls	50	High	0	0
clean mold off fabric	50	High	0.02	1.76
mildew on wood	50	Low	0	0
kill mold on carpet	50	High	0.36	9.52
how do you clean oil off of concrete	50	High	0.17	0.64
exterior mold and mildew remover	50	High	0.33	4.21
mould & mildew remover	500	High	0.57	4.94
cheapest hot water pressure washer	50	High	0	0
how to remove old oil stains from asphalt driveway	50	High	0	0
clean mildew off fabric	50	High	0.33	4.65
best way to remove mold from shower grout	50	High	0.08	1.1
mould and mildew blaster	50	Unknown	0	0
best bathroom mildew remover	50	Medium	0	0
pressure washing by square foot	50	Unknown	0	0
how to price pressure washing driveways	50	Unknown	0	0
getting mold out of wood	50	Low	0	0
best way to kill black mold on wood	50	Unknown	0	0
how to remove motor oil from driveway	50	High	0.23	4.19
how to remove engine oil from driveway	50	High	0.23	4.19
removing mildew from exterior painted wood	50	Unknown	0	0
remove mold from front load washer	50	High	0	0
how do you remove oil stains from driveway	500	High	0.21	2.75
home depot mold and mildew remover	50	High	0	0
zinsser mould killer and remover	50	High	0	0
carpet mould killer	50	Medium	0	0
how to clean driveway stains	50	High	0.65	5.7
average price per square foot pressure washing	50	Unknown	0	0
x 14 mildew remover	50	High	0	0
tub mold remover	50	High	0	0
average price of pressure washing	50	High	0	0
remove mildew from grout	50	High	0.04	4.65
musty odor remover	50	High	0	0
natural mould cleaner	50	Low	0	0
how to clean transmission fluid off concrete	50	High	0	0
cost to have roof cleaned	50	Unknown	0	0
house siding corner trim	50	Unknown	0	0
how to get oil stains off your driveway	50	High	0.2	2.7
how do i remove oil stains from concrete	50	High	0.2	2.07
how to take oil stains out of concrete	50	Unknown	0	0
x 14 mold and mildew remover	50	Low	0	0
mould in carpet treatment	0	Unknown	0	0
roof moss removal and gutter cleaning	0	Unknown	0	0
how to remove cooking grease from concrete	50	Unknown	0	0
how do i get oil stains off my driveway	50	High	0.2	2.7
mold on house siding	50	Low	0	0
homewyse power washing	50	Low	0	0
how to get oil stains out of cement	500	High	0.18	1.49
natural mold cleaner	50	High	0	0
cleaning black mold off wood	50	High	0	0
gas station pressure washing pricing	50	Unknown	0	0
home depot mildew remover	50	Medium	0	0
best way to remove mould from ceiling	50	Unknown	0	0
jomax mold and mildew stain remover	50	Unknown	0	0
power washing rates per square foot	50	Medium	1.32	4.69
roof cleaning algae removal	50	High	0	0
clean mold off painted walls	50	High	0	0
cleaning mold off carpet	50	High	0	0
how to get rust off concrete driveway	50	High	0	0
outdoor mould remover	50	High	0	0
zep mold and mildew cleaner	50	High	0	0
how to get oil off driveway concrete	50	High	0.13	0.75
amazon mould remover	50	High	0	0
karcher hot water pressure washer prices	0	Unknown	0	0
remove mold from plywood	50	Unknown	0	0
how to get motor oil out of concrete	50	High	0.23	4.5
how to get oil of concrete	50	Unknown	0	0
best grout mold remover	50	High	0	0
patio power washing prices	50	Unknown	0	0
low cost pressure washing	50	High	0	0
apulito mold and mildew cleaner	50	Medium	0	0
house siding mold removal	50	Unknown	0	0
charge for pressure washing	50	Low	0	0
lysol mold and mildew remover with bleach	50	High	0	0
bathroom mould treatment	50	Unknown	0	0
green mould remover	0	Unknown	0	0
how to remove ice from driveway	50	Medium	0.02	0.45
musty basement odor eliminator	50	Unknown	0	0
best way to clean mold from grout	50	Medium	0	0
remove mold smell from carpet	50	High	0	0
best thing to clean mold off walls	50	High	0	0
pressure washing per hour	50	Unknown	0	0
washer mold cleaner	50	High	0	0
how to stain concrete driveway	50	High	0	0
home power washing prices	50	Unknown	0	0
how to clean up oil on driveway	50	High	0	0
zep mildew remover	50	High	0	0
natural mold and mildew remover	50	Medium	0	0
leather mould remover	50	Medium	0.04	0.5
starbrite mildew remover	50	High	0	0
cleaning mold on roof shingles	50	High	0	0
clr mold & mildew stain remover	50	Low	0	0
how to clean old oil stains from concrete	50	High	0	0
canvas mould cleaner	0	Unknown	0	0
marblelife mold and mildew remover	50	Unknown	0	0
siding power washing price	0	Unknown	0	0
vinyl mold remover	50	High	0	0
carpet mould cleaner	50	High	0.36	9.52
resin driveway maintenance	0	Unknown	0	0
mould and algae remover	50	Low	0	0
house mildew cleaner	50	Unknown	0	0
astonish specialist extra strength mould & mildew stain blaster	50	Unknown	0	0
cost of pressure washing per square foot	50	Medium	1.32	4.69
sealant mould remover	0	Unknown	0	0
moldy carpet smell	50	Low	0	0
mould and mildew remover for walls	0	Unknown	0	0
power washing price per sq ft	50	Medium	1.32	4.69
mildew cleaner for fabric	50	Unknown	0	0
how to remove oil stain from pavers	50	High	0.23	4.5
square foot price for pressure washing	50	Unknown	0	0
how to remove oil stains from concrete with coke	50	High	0	0
best way to kill mold in shower	50	Low	0	0
bleach for mold and mildew	50	Low	0	0
black spot mould remover	0	Unknown	0	0
best way to get rid of black mold in shower	50	Medium	0	0
removing mold from canvas	50	Unknown	0	0
how to clean my driveway	50	High	0	0
estimate for power washing	50	Unknown	0	0
roof stain cleaning	50	Unknown	0	0
white mould removal	50	High	0	0
rmr 86 instant mold & mildew	50	Unknown	0	0
how to remove stains from concrete driveway	50	High	0	0
best way to get rid of mold smell	50	Unknown	0	0
best way to kill mold on walls	50	High	0.03	4.65
ways to get rid of black mold	50	Unknown	0	0
best way to remove mold from drywall	50	Medium	0	0
how to clean driveway with pressure washer	50	High	0	0
mildew smell out of carpet	50	Low	0	0
gelivable mold mildew cleaner	50	Low	0	0
surface mold on drywall	50	Low	0	0
patio cleaning services prices	50	High	4.69	14
local pressure washing prices	50	High	0	0
mould removal and prevention	0	Unknown	0	0
mildew on wood furniture	50	High	0	0
eco friendly mould remover	50	Unknown	0	0
clean mould from grout	50	High	0	0
black mould removal shower	0	Unknown	0	0
non bleach mildew remover	50	High	0	0
instant mold and mildew stain remover	50	High	0	0
vinyl mildew remover	50	Unknown	0	0
rmr 86 instant mold remover	50	Medium	0	0
conservatory roof cleaning cost	0	Unknown	0	0
best way to clean mildew off walls	50	High	0.02	0.5
vim mold and mildew	0	Unknown	0	0
best way to get mold out of carpet	50	Medium	0.33	6.61
tile mold remover	50	Medium	0	0
bathtub mold cleaner	50	High	1.81	18.21
best bathroom mold and mildew remover	50	High	0.07	1.48
best mold and mildew remover for grout	50	Unknown	0	0
cost to pressure wash patio	50	Unknown	0	0
moss mould lichen & algae remover	0	Unknown	0	0
rmr 86 instant mold mildew stain remover	50	Unknown	0	0
mold growing on ceiling	50	Low	0	0
moss roof cleaning cost	0	Unknown	0	0
jomax mold and mildew remover	50	Medium	0	0
best way to remove black mold from shower	50	Medium	0	0
how to remove oil stains from driveway with pressure washer	50	Unknown	0	0
mildew on vinyl siding	50	Low	0	0
how to get rid of algae on concrete	50	Unknown	0	0
clorox tilex mold & mildew remover	50	Low	0	0
clean mold off grout	50	Unknown	0	0
how to stain old concrete	50	Unknown	0	0
skylarlife home mold & mildew remover	50	Unknown	0	0
mildew in shower grout	50	High	0	0
lysol mold & mildew remover	50	High	0.38	3.51
aluminum siding corner trim	50	Low	0	0
moss on roof removal near me	0	Unknown	0	0
average pressure washing rates	0	Unknown	0	0
how to remove oil based stain from concrete	50	High	0	0
roof moss prevention treatment	0	Unknown	0	0
how to remove old oil stains from asphalt road	50	Unknown	0	0
how to clean driveway pavers	50	High	0	0
hotsy hot water pressure washer prices	50	Unknown	0	0
pressure wash gutters prices	0	Unknown	0	0
tent mold remover	50	Unknown	0	0
how to get rid of oil on concrete	50	High	0.15	0.53
average price per square foot for pressure washing	50	Unknown	0	0
how to clean oil spots on concrete	50	High	0.2	2.07
siding mildew remover	50	Medium	0	0
astonish extra strength mold and mildew	0	Unknown	0	0
tile roof cleaning cost per square foot	50	Unknown	0	0
how to get moss off concrete	50	Unknown	0	0
how to remove tire marks from driveway	50	High	0	0
how to clean motor oil off driveway	50	High	0	0
best way to get rid of black mould	50	High	0.29	3.1
bedroom mould remover	0	Unknown	0	0
tilex disinfects instant mildew remover	50	High	0	0
jet wash driveway cost	50	Unknown	0	0
batten trim	50	High	0	0
remove mold from brick	50	High	0	0
how to remove oil off concrete	50	High	0	0
mould out of carpet	50	High	0	0
how do you get oil stains off of concrete	500	High	0.18	1.49
clean mold off siding	50	Unknown	0	0
cleaning mold off roof shingles	50	Unknown	0	0
tent mildew remover	50	Unknown	0	0
cost to pressure wash mobile home	50	High	0	0
fungus removal from walls	50	High	0.33	6.06
remove mold stains	50	High	0.55	14.99
l shape floor trim	50	Unknown	0	0
how can i get oil off my driveway	50	Medium	0	0
how to get rid of efflorescence on concrete	50	High	0	0
best mould and mildew remover	0	Unknown	0	0
kill mold on bathroom ceiling	50	High	0.85	5.21
remove mildew from leather	50	High	0	0
how to get engine oil off concrete	50	High	0	0
moss and mildew remover	50	High	0	0
lysol mold remover	50	High	0	0
average price to clean a roof	50	Unknown	0	0
how to remove oil stains from your driveway	50	High	0.2	3.15
canvas mildew remover	50	High	0	0
clean mildew off bathroom ceiling	50	High	0	0
soft wash price per square foot	50	Low	0	0
how to remove transmission fluid from concrete	50	Low	0	0
upholstery mould remover	50	High	0	0
driveway mold cleaner	50	Medium	0	0
best way to clean mildew	50	High	0	0
how to get grease off cement	50	High	0	0
treat mould on ceiling	50	High	0	0
best rated pressure washer for home use	50	Medium	0	0
jet washing price per square metre	0	Unknown	0	0
how to remove stains from driveway	50	High	0.65	5.7
remove mold from wood floor	50	High	0	0
remove mildew from shower grout	50	High	0	0
best way to clean mould off ceiling	50	Unknown	0	0
mold resistant siding	50	High	0	0
average cost to power wash a deck	50	Unknown	0	0
pink mold remover	50	High	0	0
vinyl siding bottom trim	50	Unknown	0	0
pressure washing machine price	50	High	0	0
remove mildew smell from washer	50	Unknown	0	0
remove mould from mattress	50	Medium	0	0
remove mildew from bathroom ceiling	50	Low	0	0
non bleach mould remover	0	Unknown	0	0
best price power washer	50	Low	0	0
mildew in attic	50	High	0	0
how to remove mold from concrete driveway	50	Unknown	0	0
treating black mould on walls	0	Unknown	0	0
cost of exterior house washing	0	Unknown	0	0
kill mildew in carpet	50	Unknown	0	0
how to charge for pressure washing driveways	50	Unknown	0	0
remove mold from curtains	0	Unknown	0	0
clean mold off brick	50	Unknown	0	0
cleaning mould off curtains	0	Unknown	0	0
how to remove grease from cement	50	High	0	0
mould killer for wood	50	High	0.13	4.65
best way to remove mildew	50	Unknown	0	0
how do i remove oil stains from my driveway	50	High	0.2	3.15
good mold cleaner	50	High	0.2	13.73
mold on a wall	50	High	0	0
best mold cleaner for walls	50	Unknown	0	0
best way to get rid of musty smell in house	50	High	0	0
indoor mould remover	0	Unknown	0	0
marble mold and mildew remover	50	High	0	0
how to get stains off cement	50	High	0	0
how to remove oil from asphalt driveway	50	High	0	0
mould stains on fabric	50	Unknown	0	0
mold off roof	0	Unknown	0	0
permanent mould removal	0	Unknown	0	0
average cost to remove moss from roof	0	Unknown	0	0
how to clean tarmac driveway	0	Unknown	0	0
typical power washing prices	50	Unknown	0	0
outdoor mold and mildew remover	50	High	0.33	4.21
how to take oil off concrete	50	High	0	0
how to clean grease off cement	50	High	0	0
best thing to get rid of mould	0	Unknown	0	0
how to get up oil stains on concrete	50	High	0	0
how to get rust off driveway	50	High	0	0
the best mold and mildew cleaner	50	Unknown	0	0
best mold remover for natural stone	50	Medium	0	0
how to remove grease from driveway	50	Medium	0	0
hydro tek pressure washer prices	50	Unknown	0	0
how to remove rust stains from concrete driveway	50	High	0	0
cost to pressure wash pool cage	50	Medium	0	0
washing moss off roof	0	Unknown	0	0
power washing staining deck prices	0	Unknown	0	0
remove mold from shower curtain	50	Low	0	0
303 mildew remover	50	High	0	0
zorbx mold and mildew remover	50	Unknown	0	0
kill mold on fabric	50	High	0.02	1.76
rmr 86 mildew remover	50	Low	0	0
pressure washer charge per hour	50	Unknown	0	0
zinsser mould killer & remover	50	High	0	0
labor cost to pressure wash a house	50	Unknown	0	0
skylarlife mold and mildew cleaner	50	Unknown	0	0
remove mold from aluminum siding	50	Unknown	0	0
anti mould wood treatment	0	Unknown	0	0
how do you remove moss from concrete permanently	50	Unknown	0	0
driveway pressure washer price	50	High	0	0
how do i get oil stains out of my driveway	50	High	0	0
lysol mildew and mold remover	50	High	0.38	3.51
best bathroom mildew cleaner	50	Low	0	0
best way to remove black mould	50	High	0.29	3.1
remove mold stains from wood	50	High	0	0
mold removal from house siding	0	Unknown	0	0
2 story house pressure wash cost	50	Unknown	0	0
3m mildew stain remover	50	High	0	0
power wash machine price	50	High	0	0
mould remover for walls and ceilings	0	Unknown	0	0
lysol mold and mildew with bleach	50	Unknown	0	0
moxie mold and mildew remover	50	Low	0	0
cost to pressure wash 2 story house	50	High	0	0
pressure cleaning rates	50	High	1.38	4.33
best thing to clean mold in shower	50	Unknown	0	0
starbrite mold and mildew cleaner	50	Unknown	0	0
how to remove snow from driveway	50	High	0	0
best way to get rid of mildew in shower	50	High	0	0
power wash stucco cost	0	Unknown	0	0
average cost of pressure washing per square foot	50	Unknown	0	0
remove mold from washer	50	High	0.46	2.37
cost to power wash townhouse	50	Unknown	0	0
how to remove car oil stains from driveway	50	High	0.11	1.85
concrobium mold remover	50	Medium	0.51	2.07
removing algae from roof shingles	50	High	0	0
clr mildew remover	50	Medium	0	0
pressure washer cleaning prices	500	High	1.74	8.37
rid mildew smell	50	High	0.65	12.96
best mold remover for basement walls	50	Unknown	0	0
pressure washing by the hour	50	Unknown	0	0
getting rid of mold on ceiling	50	High	0	0
best mold mildew shower cleaner	50	Medium	0	0
removing black mould from ceiling	50	Unknown	0	0
wet and forget moss mold mildew and algae stain remover	50	High	0	0
vinyl siding mildew remover	50	Medium	0	0
amazon mold and mildew remover	50	Unknown	0	0
house siding cleaning cost	0	Unknown	0	0
pressure washing services rates	50	Unknown	0	0
wet and forget mould lichen and algae remover	50	Unknown	0	0
most effective mould remover	0	Unknown	0	0
price per sq ft pressure washing	50	Unknown	0	0
musty smell after mold remediation	50	Unknown	0	0
remove mold from wood window frames	50	Medium	0	0
price for pressure washing per square foot	50	Medium	0	0
how to pressure wash a driveway with a surface cleaner	50	Unknown	0	0
cedar shake roof cleaning cost	0	Unknown	0	0
how to clean concrete walkway	50	High	0	0
how to clean oil out of concrete	50	Unknown	0	0
mould and mildew remover for fabric	50	High	0	0
how to remove diesel stains from driveway	50	High	0	0
how to remove oil stains from pavers driveway	50	High	0.29	1.85
best way to clean black mold off walls	50	Low	0	0
getting mildew out of fabric	50	Low	0	0
remove mould from grout in shower	50	High	0.32	4.65
bleach to get rid of mold	50	High	0	0
how do you get motor oil off of concrete	50	High	0	0
how can i remove oil stains from my driveway	50	High	0.2	3.15
household mould remover	50	Low	0	0
tarmac restoration prices	0	Unknown	0	0
remove algae from siding	50	High	0	0
cost of jet washing driveway	0	Unknown	0	0
mildew resistant siding	0	Unknown	0	0
cost of power washing per square foot	50	Unknown	0	0
average price of roof cleaning	50	Unknown	0	0
mould killer for fabric	50	High	0	0
how to get oil stains off concrete driveway	50	High	0.22	2.26
cleaning mold on siding	50	High	0	0
eco mould remover	0	Unknown	0	0
best cheapest pressure washer	50	High	0.34	0.87
best way to get rid of mildew	50	Unknown	0	0
chemical guys pressure washer price	0	Unknown	0	0
mb 9 mold & mildew	50	Unknown	0	0
how to get rid of oil stains on cement	50	Unknown	0	0
power washing square feet cost	0	Unknown	0	0
take moss off roof	0	Unknown	0	0
clr mold remover	50	High	0	0
average cost to power wash a home	50	Unknown	0	0
power wash cost for home	50	Unknown	0	0
how to remove oil from pavement	50	Unknown	0	0
hot water pressure washer price	50	Unknown	0	0
how do you get rid of oil stains on concrete	50	High	0	0
removing musty smell	50	High	0	0
remove mould from timber	0	Unknown	0	0
industrial pressure washer price	50	Unknown	0	0
how to absorb oil from concrete	50	High	0	0
hotsy pressure washer cost	50	Unknown	0	0
commercial pressure washing rates	50	Low	0	0
pressure washing a driveway cost	50	Unknown	0	0
roof algae killer	50	Unknown	0	0
deep mildew stains in vinyl	50	Unknown	0	0
sidewalk pressure washing cost	50	High	0	0
amazon mildew remover	50	Unknown	0	0
how to get oil stains out of your driveway	50	Unknown	0	0
la's totally awesome mold and mildew stain remover	50	Unknown	0	0
best way to treat mould	0	Unknown	0	0
wet & forget mold mildew stain remover	50	Unknown	0	0
mould & mildew blaster	0	Unknown	0	0
how to get motor oil off driveway	50	High	0.08	0.3
how do you clean oil off a driveway	50	High	0.17	0.35
how to remove oil spill from driveway	500	High	0.21	2.75
zinsser jomax house cleaner and mildew killer	50	Low	0	0
best way to remove green mold from wood	0	Unknown	0	0
mould lichen and algae remover	0	Unknown	0	0
remove black mould from grout	50	High	0	0
how to remove oil from your driveway	50	High	0	0
how do i get oil stains out of concrete	500	High	0.18	1.49
get rid of mildew smell in washer	50	Unknown	0	0
awesome mold mildew remover	50	Unknown	0	0
how to get oil off tarmac	0	Unknown	0	0
how to get car oil off concrete	50	High	0	0
how to remove rust stains from driveway	50	Medium	0	0
astonish mould & mildew	50	Unknown	0	0
cheapest pressure washers	50	High	0.2	1.58
how to remove oil stains from cement driveway	50	High	0	0
power washing deck prices	50	Low	0	0
jet wash k5	50	Unknown	0	0
mold and mildew remover for vinyl siding	50	Unknown	0	0
how to clean oil from driveway concrete	50	Unknown	0	0
best thing to remove mould	0	Unknown	0	0
exterior siding trim	50	Unknown	0	0
tile roof moss removal	50	Unknown	0	0
how to remove asphalt sealer from concrete	50	Unknown	0	0
clean black mould from tile grout	50	Unknown	0	0
leather mildew cleaner	0	Unknown	0	0
industrial mould killer	50	High	0	0
instant mold and mildew remover	50	Low	0	0
average charge for pressure washing	50	Unknown	0	0
how to remove oil stains from concrete floor	50	Unknown	0	0
power washing mold off siding	50	Unknown	0	0
cleaning mold from fabric	50	High	0.02	1.76
best thing to clean mould off walls	50	High	0	0
cost to power wash vinyl siding	50	Unknown	0	0
how to get grease off driveway	50	High	0	0
spray to remove mold from siding	50	Low	0	0
best way to kill mould on walls	50	High	0.03	4.65
dupont mold & mildew stain remover for natural stone	50	High	0	0
remove mold from couch	50	Unknown	0	0
moldex mold and mildew stain remover	50	Medium	0	0
good mould remover	50	High	0.26	3.57
how to clean oil off asphalt	50	High	0	0
get rid of black mould in bathroom	50	Unknown	0	0
best mold remover bathroom	50	High	0.23	3.1
stop mould in bedroom	0	Unknown	0	0
black vinyl siding trim	50	Unknown	0	0
how to soak up oil on concrete	50	Unknown	0	0
exterior mildew remover	50	Low	0	0
best mildew remover for fabric	50	Unknown	0	0
cost to jet wash driveway	0	Unknown	0	0
best way to clean mould in shower	50	Medium	0.23	4.65
cheapest jet washer	0	Unknown	0	0
pressure washer cheapest price	50	Unknown	0	0
how to get oil off my driveway	50	Medium	0	0
bleach for mold on walls	50	Unknown	0	0
mildew eliminator	50	Unknown	0	0
how do you remove grease from concrete	50	High	0	0
how do you remove motor oil from concrete	50	High	0.23	4.5
black algae on roof	50	High	0	0
how clean oil off concrete	50	High	0	0
clean moss off roof shingles	50	Unknown	0	0
mould stain remover fabric	50	High	0	0
cleaning algae from roof shingles	50	Unknown	0	0
wet and forget mildew remover	50	Medium	0	0
how to remove oil stains from pavement	50	High	0.23	4.5
how do you clean a concrete driveway	50	High	0.17	4.39
vim mould remover	0	Unknown	0	0
how to remove oil spill from concrete	50	High	0	0
h trim vinyl siding	50	Unknown	0	0
pressure washing cost per square metre	0	Unknown	0	0
fleet pressure washing prices	50	Unknown	0	0
how to remove acorn stains from concrete	50	Unknown	0	0
best way to clean mold in bathroom	50	High	0	0
how to clean oil off asphalt driveway	50	Unknown	0	0
jet wash machine price	0	Unknown	0	0
clean shingle roof mildew	50	Unknown	0	0
how to clean antifreeze off concrete	50	Unknown	0	0
how to seal a gravel driveway	50	High	0	0
pressure washing labor cost	50	Medium	0	0
mould off walls	50	Unknown	0	0
price pressure washing per square foot	50	Unknown	0	0
how to clean brick driveway	50	High	0	0
lowes mold cleaner	50	High	0	0
cost to pressure wash concrete patio	0	Unknown	0	0
remove black mould from wood	50	High	0	0
how to get stains off driveway	50	High	0	0
cost to have driveway power washed	50	Unknown	0	0
how can you remove oil stains from concrete	50	High	0.2	2.07
bathroom tile mould remover	50	Unknown	0	0
lysol mildew	50	High	0	0
how do i remove oil from my driveway	50	High	0	0
mold and mildew blaster	50	Unknown	0	0
mould killer for painted walls	50	Unknown	0	0
best for mould removal	0	Unknown	0	0
roof tile anti moss treatment	0	Unknown	0	0
how to clean car oil off driveway	50	High	0	0
exterior mould remover	50	High	0	0
how to remove motor oil from concrete driveway	50	High	0	0
best way to clean mold and mildew in shower	50	Unknown	0	0
mildew on fabric	50	High	0	0
jet washing driveways price	0	Unknown	0	0
pressure washing prices driveway	50	Medium	2.44	7.45
how to clean oil of concrete	50	Unknown	0	0
best way to remove mold from ceiling	50	Unknown	0	0
clorox tilex mold and mildew target	50	Unknown	0	0
best way to treat mould on walls	50	Unknown	0	0
average cost to pressure wash a home	50	Unknown	0	0
how to clean my concrete driveway	50	Unknown	0	0
how to clean car oil from concrete	50	High	0	0
starbrite stain remover	50	High	0	0
how to permanently remove moss from concrete	0	Unknown	0	0
wood siding corner trim	50	Unknown	0	0
how remove oil from driveway	50	Unknown	0	0
how to remove oil from cement driveway	50	High	0.2	0.58
how to remove stain from cement	50	High	0	0
best mold and mildew remover for shower grout	50	Unknown	0	0
how to clean oil off pavement	50	High	0.38	4.8
stonetech mold and mildew	50	Unknown	0	0
how do you remove oil from a driveway	50	High	0.17	1.3
how to remove oil off driveway	50	Unknown	0	0
how can i clean oil off my driveway	50	Unknown	0	0
how does it cost to pressure wash a house	50	Unknown	0	0
pressure washer hire price	50	Unknown	0	0
remove mold from asphalt shingles	50	Unknown	0	0
how to get oil spots out of concrete	500	High	0.18	1.49
tile mildew cleaner	50	Unknown	0	0
how to clean concrete with pressure washer	50	High	0	0
best mildew stain remover	50	Unknown	0	0
white mold on wood removal	50	Unknown	0	0
how to remove motor oil stains from concrete	50	High	0	0
inside corner vinyl siding	50	High	0	0
clr mold and mildew cleaner	50	High	0	0
cost of roof cleaning and sealing	0	Unknown	0	0
remove black mould from fabric	50	Unknown	0	0
how to whiten concrete driveway	50	High	0	0
roof algae cleaning cost	0	Unknown	0	0
how to get rid of oil spots on driveway	500	High	0.21	2.75
how to clean tire marks off driveway	50	High	0	0
mold on plaster walls	50	Medium	1.43	4.85
fabric mould cleaner	50	Unknown	0	0
jomax house cleaner and mildew killer	50	High	0	0
killing moss on roof tiles	0	Unknown	0	0
rent a pressure washer price	50	Unknown	0	0
white mold on furniture	50	Low	0	0
patio mold cleaner	50	Unknown	0	0
cleaning mould from bathroom ceiling	50	High	0	0
roof shingle stain removal	50	Unknown	0	0
how to remove asphalt driveway	50	Low	0	0
deck mould remover	50	Low	0	0
jet wash roof cost	0	Unknown	0	0
best black mould remover for walls	0	Unknown	0	0
how to take oil stains off driveway	500	High	0.21	2.75
how to get rid of motor oil stains on concrete	50	High	0	0
wet and forget roof moss	50	Unknown	0	0
how to clean oil leak on driveway	50	Low	0	0
clean mold from front load washer	50	High	0	0
how do i remove old oil stains from my driveway	50	Unknown	0	0
wet & forget moss mold mildew and algae stain remover	50	High	0	0
cost to power wash 2 story house	50	High	0	0
soft wash cost per square foot	50	Unknown	0	0
how to get tar off concrete	50	Low	0	0
lysol mold and mildew cleaner	50	High	0	0
cleaning moss off cedar shingles	0	Unknown	0	0
how to get oil spots out of driveway	50	High	0.19	3.21
remove mildew from wood furniture	50	Unknown	0	0
how to remove motor oil from pavers	50	High	0	0
cleaning mould off bathroom ceiling	50	High	0.05	5.57
how do you get rid of moss on concrete	50	Unknown	0	0
removing mold from shingle roof	50	High	0	0
how to clean motor oil from concrete	50	High	0	0
clean black mould in shower	0	Unknown	0	0
how to get oil stains out of driveway concrete	50	High	0	0
remove mold from upholstery	50	High	0	0
remove mold from leather jacket	50	Low	0	0
clean mold off of siding	50	Unknown	0	0
best way to get mold out of fabric	50	Low	0	0
roof moss removal chemical	0	Unknown	0	0
best way to remove mould from shower	50	High	0.31	3.07
cost to pressure wash two story house	50	Unknown	0	0
how to remove grease from concrete patio	50	Unknown	0	0
mould remover for window frames	50	Unknown	0	0
how to get paint off driveway	50	High	0	0
cost of jet washing patio	0	Unknown	0	0
how to remove oil and grease from concrete	50	High	0	0
lowes mold and mildew remover	50	High	0	0
clean mould off carpet	0	Unknown	0	0
how to clean engine oil off driveway	50	High	0	0
roof shingle moss remover	0	Unknown	0	0
anti mold spray for vinyl siding	50	Unknown	0	0
how can you get oil off a driveway	0	Unknown	0	0
pressure washing 2 story house cost	50	High	0	0
clean mold off shingles	50	Unknown	0	0
astonish mould and mildew cleaner	50	High	0	0
pressure washing home prices	50	Unknown	0	0
how to get rust out of concrete driveway	50	High	0	0
pressure washer cleaning service cost	0	Unknown	0	0
how to get oil spill off driveway	50	Unknown	0	0
how to get oil out of your driveway	50	High	0	0
mad hog mould and mildew remover	0	Unknown	0	0
how to clean up car oil spills on concrete	50	Unknown	0	0
mold off roof shingles	0	Unknown	0	0
how to clean concrete patio with pressure washer	50	Unknown	0	0
how to charge for pressure washing concrete	50	Unknown	0	0
how do you seal concrete driveway	50	Unknown	0	0
remove moss growth on roof shingles	0	Unknown	0	0
boral clapboard siding	50	Unknown	0	0
pressure washing siding cost	50	Unknown	0	0
clean driveway cost	50	High	1.48	3.85
cleaning mould off painted walls	50	High	0	0
bathroom mould killer	50	Low	0	0
how to clean cement walkway	50	Unknown	0	0
best way to remove mold from fabric	50	Unknown	0	0
best way to remove mould from grout	50	High	0.97	4.65
get rid of black mould on walls	50	Medium	0	0
rmr 86 instant mold and mildew	50	Unknown	0	0
how get oil stains off driveway	50	Unknown	0	0
how to remove hydraulic oil from concrete	50	High	0	0
how to get engine oil off driveway	50	High	0.08	0.3
astonish mould & mildew blaster 750ml	0	Unknown	0	0
kill mould on ceiling	50	High	0.03	9.89
how do you get oil stains off your driveway	50	High	0.2	2.7
how to remove grease stains from driveway	50	Unknown	0	0
how to get rid of oil spots on concrete	50	Unknown	0	0
handyman pressure washer price	50	Unknown	0	0
lysol mold & mildew remover trigger	50	Unknown	0	0
how to get oil stains out of asphalt	50	Unknown	0	0
remove mildew from roof shingles	50	Unknown	0	0
how to get oil off driveway asphalt	50	Unknown	0	0
how to get rid of oil stains on concrete driveway	50	High	0.2	0.58
exterior house corner trim	50	Unknown	0	0
how to clean oil off of cement	50	High	0.17	0.64
mold off siding	50	Unknown	0	0
how to get oil stain out of pavers	50	High	0.19	3.94
how to get oil off asphalt	50	High	0	0
best mould killer for walls	50	Unknown	0	0
best way to kill mildew	50	Unknown	0	0
how do you get an oil stain out of concrete	500	High	0.18	1.49
clorox tilex mold and mildew remover para que sirve	50	Unknown	0	0
how to clean up oil stains on concrete	50	High	0.2	2.07
how do i remove oil from concrete	50	High	0.15	0.53
oil on driveway how to clean	50	High	0	0
clorox mould and mildew remover	0	Unknown	0	0
best way to get rid of mould in shower	50	High	0.31	3.07
skylarlife mold and mildew	50	Unknown	0	0
outdoor mildew cleaner	50	High	0	0
mildew stains	50	Low	0	0
wet and forget indoor mould remover	50	Unknown	0	0
removing moss off roof	50	Medium	0	0
how to clean cooking oil off concrete	50	Medium	0	0
best way to remove mold and mildew from vinyl siding	50	Unknown	0	0
mildew resistant vinyl siding	0	Unknown	0	0
how can i get oil stains off my driveway	50	High	0.2	2.7
astonish black mould remover	0	Unknown	0	0
mildew stain remover for canvas	50	Unknown	0	0
power washing a deck cost	50	Unknown	0	0
clean mold off house siding	50	Unknown	0	0
best mold remover for grout	50	High	0.2	2.1
best way to get rid of mould on ceiling	50	Unknown	0	0
best mold and algae remover for vinyl siding	0	Unknown	0	0
best way to get rid of mould in bathroom	50	High	0.34	4.65
how to remove oil off of concrete	50	High	0	0
mould remover amazon	50	High	0	0
how to remove oil from concrete floor	50	Unknown	0	0
how do you get oil out of concrete driveway	50	High	0	0
remove mold from tent	50	Unknown	0	0
cost to pressure wash sidewalk	50	Low	0	0
astonish mold and mildew extra strength	0	Unknown	0	0
average cost to power wash a 2 story house	50	Unknown	0	0
how to clean asphalt	50	Unknown	0	0
how to remove vegetable oil from concrete	0	Unknown	0	0
low price pressure washer	50	Unknown	0	0
dollar general mold and mildew remover	50	High	0	0
how to remove oil spots from concrete driveway	50	High	0.2	0.58
cost of pressure washing patio	0	Unknown	0	0
how to get rid of car oil stains on concrete	50	High	0	0
best treatment for mould on walls	0	Unknown	0	0
cleaning moss off your roof	0	Unknown	0	0
how to remove algae on concrete	50	High	0	0
bleach for mildew	50	Low	0	0
mildew on furniture	50	High	0.31	1.22
cleaning mould off nylon tent	0	Unknown	0	0
cost to have deck power washed	0	Unknown	0	0
remove mold from caulk naturally	50	Unknown	0	0
how clean concrete driveway	50	Unknown	0	0
removing black stains from roof shingles	0	Unknown	0	0
mildew stains on fabric	50	Medium	0	0
best way to remove mildew from fabric	50	Unknown	0	0
remove mildew from painted walls	50	Unknown	0	0
mold on tub caulk	50	High	0	0
how do you remove oil stains from your driveway	50	High	0.2	3.15
how to clean oil off your driveway	50	High	0	0
mould out	0	Unknown	0	0
how to take oil off driveway	50	High	0.15	2.62
pricing driveway pressure washing	50	Unknown	0	0
mould killer for ceilings	0	Unknown	0	0
how to get oil stains off cement	500	High	0.18	1.49
best thing to kill mould	50	High	0.31	4.65
mold wood floor	50	Unknown	0	0
perfect power wash average cost	0	Unknown	0	0
how to get oil off cement driveway	50	High	0.13	0.75
how to clean dirty concrete driveway	50	Unknown	0	0
how to clean oil stains from concrete driveway	50	High	0	0
average cost to pressure wash a deck	50	Unknown	0	0
how to get old oil stains off tarmac	0	Unknown	0	0
labor cost for pressure washing	50	Unknown	0	0
moldy caulking in shower	50	High	0.47	4.9
patio cleaning services cost	50	Unknown	0	0
get rid of moss on roof tiles	0	Unknown	0	0
gogolonge mildew remover	0	Unknown	0	0
curved pvc trim	50	Unknown	0	0
how to clean up oil stains on driveway	500	High	0.21	2.75
best low cost power washer	50	Unknown	0	0
how to clean oil from asphalt	50	High	0	0
how to remove concrete stains from asphalt driveway	0	Unknown	0	0
how to remove oil stains from tarmac	0	Unknown	0	0
cleaning mould off canvas	50	Unknown	0	0
how to get rust off cement driveway	50	High	0	0
wet and forget for roof moss	50	Unknown	0	0
how can i remove oil from my driveway	50	High	0	0
how to clean oil spots off concrete	50	High	0.14	0.33
how to clean stained concrete driveway	50	High	0	0
wet & forget mould lichen and algae remover	0	Unknown	0	0
how to clean up transmission fluid on concrete	50	Low	0	0
cleaning mould off grout in shower	50	High	0	0
how do you get oil stains out of your driveway	50	Unknown	0	0
how to remove oil from a concrete driveway	50	High	0	0
how do i clean oil off concrete	50	High	0.17	0.64
pressure washing charge	500	High	1.74	8.37
mold in grout lines	50	High	0	0
how can you get oil stains out of concrete	50	High	0	0
how to pressure wash your driveway	50	High	0	0
mold and mildew in shower	50	High	0	0
how to remove gas stains from concrete	50	Unknown	0	0
how do you clean motor oil off of concrete	50	Unknown	0	0
how to get an oil stain off concrete	50	Unknown	0	0
moss off roof shingles	0	Unknown	0	0
remove musty smell from wood	50	Medium	0	0
clean mildew off ceiling	50	Unknown	0	0
power washing hog barns prices	0	Unknown	0	0
cleaning black mould off ceiling	0	Unknown	0	0
average price for pressure washing a two story house	50	Unknown	0	0
how to clean engine oil off asphalt driveway	50	Unknown	0	0
cost to rent pressure washer home depot	50	Unknown	0	0
how to clean oil off cement driveway	50	High	0	0
how do you get oil off of a driveway	50	High	0.15	2.62
how to clean the driveway cement	50	Unknown	0	0
zinsser mould remover	0	Unknown	0	0
how do i clean my concrete driveway	50	Unknown	0	0
best way to remove mold from vinyl siding	50	Unknown	0	0
average cost to pressure wash a 2 story house	50	Unknown	0	0
best low price pressure washer	50	Unknown	0	0
how to remove oil stains in concrete	50	Unknown	0	0
kill mildew on fabric	50	High	0.33	4.65
how to clean the oil stain on driveway	50	High	0.22	4.5
how to remove oil leak from driveway	50	High	0	0
how to remove oil from my driveway	50	High	0	0
cost of cleaning conservatory roof	0	Unknown	0	0
average price per square foot power washing	50	Unknown	0	0
killer mold	500	High	1.05	7.93
clean moss off slate roof	0	Unknown	0	0
how to remove tar from driveway	50	High	0	0
mould and mildew killer	50	High	0.45	4.09
clr mold cleaner	50	High	0	0
black algae on concrete	50	Medium	0	0
pressure washer labor rates	50	Unknown	0	0
price to power wash a driveway	50	Unknown	0	0
pressure washing per square foot price	50	Medium	0	0
fungus removal mold and mildew	0	Unknown	0	0
how to get rid of green moss on concrete	0	Unknown	0	0
how to clean oil stains from asphalt	50	High	0	0
remove mold on shingles	50	High	0	0
vinyl siding cleaning service cost	0	Unknown	0	0
average cost per square foot for pressure washing	50	Unknown	0	0
brick mould remover	50	High	0	0
kill mold on leather	50	High	0	0
mold resistant vinyl siding	50	Unknown	0	0
pressure cleaning machine price	50	Unknown	0	0
how do u get oil off concrete	50	Unknown	0	0
cedar roof maintenance cost	0	Unknown	0	0
how to get oil stains off asphalt	50	Unknown	0	0
how do i clean oil off my driveway	50	High	0	0
algae siding	50	High	0	0
average price to power wash driveway	50	Unknown	0	0
how to get stains off concrete driveway	50	Unknown	0	0
how do you clean a cement driveway	50	High	0	0
how to get rid of oil spill on driveway	50	Unknown	0	0
cost of power washing a two story house	50	Unknown	0	0
how to get rid of old oil stains on concrete	50	High	0	0
cost to power wash sidewalk	50	Unknown	0	0
how to clean oil off concrete floor	50	Unknown	0	0
mould stain remover for fabric	0	Unknown	0	0
how to get oil out of asphalt driveway	50	Unknown	0	0
cleaning mould off leather	50	Unknown	0	0
mildew blaster	50	Unknown	0	0
clean mildew smell from washer	0	Unknown	0	0
be pressure washer price	50	Unknown	0	0
green mold on vinyl siding	50	Unknown	0	0
cleaning roof shingles moss	0	Unknown	0	0
mildew in shower caulk	50	Unknown	0	0
clean mold off tent	50	Unknown	0	0
how do you remove oil from concrete driveway	50	High	0	0
black mould in bathroom ceiling	50	Medium	3.96	25
how to take out oil stains from driveway	50	High	0	0
best mold remover for ceiling	50	Medium	0	0
clorox mould remover	0	Unknown	0	0
shingle mold cleaner	50	Unknown	0	0
hydrogen peroxide mould removal	50	Low	0	0
how to remove old oil stains from asphalt	50	Unknown	0	0
wet and forget mold and mildew stain remover	50	Unknown	0	0
how to clean asphalt driveway with oil on it	50	High	0	0
exterior window trim vinyl siding	50	Unknown	0	0
get rid of musty smell in bathroom	50	Unknown	0	0
removing musty smell from fabric	50	Unknown	0	0
how to get oil out of driveway concrete	50	Unknown	0	0
tarmac driveway maintenance	50	Unknown	0	0
cost to power wash concrete patio	0	Unknown	0	0
how to remove oil from driveway pavers	50	High	0.22	3.29
astonish mold & mildew stain blaster	50	High	0	0
how to remove food grease from concrete	50	Unknown	0	0
how to clean motor oil from driveway	50	High	0	0
best black mould killer	50	Medium	0.08	1.81
how to clean oil stains off asphalt	50	High	0	0
concrete pressure washing cost	50	High	0	0
how to clean pebblecrete driveway	0	Unknown	0	0
how to cover oil stains on driveway	50	High	0	0
price for jet washing driveways	0	Unknown	0	0
mold on siding removal	50	Unknown	0	0
how to remove car oil stains from concrete	50	High	0	0
30 sec mould off	50	High	0	0
3m marine mildew stain remover	50	High	0	0
4x8 soffit lowes	0	Unknown	0	0
5 lineal vinyl trim	0	Unknown	0	0
adding window trim	50	Medium	0	0
aggregate driveway maintenance	0	Unknown	0	0
algae killer for roofs	0	Unknown	0	0
algae moss removal roof	0	Unknown	0	0
algae on siding cleaning	50	Unknown	0	0
algae removal from house siding	50	Unknown	0	0
algae remover for shingles	0	Unknown	0	0
aluminum siding outside corner trim	50	Unknown	0	0
asphalt shingle mold cleaner	50	Unknown	0	0
astonish mildew	0	Unknown	0	0
astonish mildew and mould blaster	50	Unknown	0	0
astonish mildew and mould remover	0	Unknown	0	0
astonish mildew cleaner	0	Unknown	0	0
astonish mildew remover	50	Unknown	0	0
astonish mould & mildew remover 750 ml	0	Unknown	0	0
astonish mould and mildew blaster on walls	0	Unknown	0	0
astonish mould and mildew on fabric	0	Unknown	0	0
astonish mould blaster	0	Unknown	0	0
astonish mould mildew	50	Unknown	0	0
average cost for pressure washing a driveway	50	Medium	1.91	4.31
average cost of power washing a deck	50	Unknown	0	0
average cost of power washing a home	0	Unknown	0	0
average cost power wash driveway	50	Unknown	0	0
average cost to clean roof shingles	50	High	0	0
average cost to power wash deck	0	Unknown	0	0
average cost to powerwash a two story house	0	Unknown	0	0
average cost to pressure wash 2 story house	50	Unknown	0	0
average cost to pressure wash a two story house	50	Unknown	0	0
average cost to pressure wash deck	0	Unknown	0	0
average cost to pressure wash home	50	Unknown	0	0
average cost to rent a pressure washer	50	High	0	0
average cost to wash a house	50	Unknown	0	0
average price for deck power washing	0	Unknown	0	0
average price for pressure washing per foot	0	Unknown	0	0
average price per square foot for power washing	50	Unknown	0	0
average price to power wash a deck	0	Unknown	0	0
average price to pressure wash a 2 story house	50	High	0	0
average price to pressure wash a deck	0	Unknown	0	0
azek crosshead pediment	50	Unknown	0	0
bathroom keeps getting mold	50	Unknown	0	0
benzalkonium chloride mould	50	Unknown	0	0
best and cheapest power washer	0	Unknown	0	0
best and cheapest pressure washer	50	High	0.34	0.87
best budget friendly pressure washer	50	Unknown	0	0
best chemical to remove moss from roof	0	Unknown	0	0
best low price power washer	0	Unknown	0	0
best mildew remover for vinyl siding	50	Unknown	0	0
best mold and mildew remover for siding	50	Unknown	0	0
best mold and mildew stain remover	50	Unknown	0	0
best mold remover for siding	50	Unknown	0	0
best mold remover for vinyl siding	50	Unknown	0	0
best mould remover for sealant	0	Unknown	0	0
best mould remover for window frames	0	Unknown	0	0
best natural mould killer	50	Unknown	0	0
best price for jet washers	0	Unknown	0	0
best price gas pressure washer	50	High	0	0
best price kranzle pressure washer	0	Unknown	0	0
best price on gas powered pressure washer	0	Unknown	0	0
best price on simpson pressure washer	0	Unknown	0	0
best reasonably priced pressure washer	50	Unknown	0	0
best roof mold cleaner	50	Unknown	0	0
best thing to clean mould	50	Unknown	0	0
best way to clean black mould	50	Medium	0	0
best way to clean green mold off vinyl siding	50	Unknown	0	0
best way to clean mildew from vinyl siding	0	Unknown	0	0
best way to clean mildew off siding	50	Unknown	0	0
best way to clean mildew off vinyl siding	50	Unknown	0	0
best way to clean mold and mildew from vinyl siding	50	Unknown	0	0
best way to clean mold from vinyl siding	50	Unknown	0	0
best way to clean mold off aluminum siding	50	Unknown	0	0
best way to clean mold off leather	50	Unknown	0	0
best way to clean mold off of vinyl siding	50	High	0	0
best way to clean mold off siding	50	Unknown	0	0
best way to clean mold off vinyl siding	50	High	0	0
best way to clean mold on vinyl siding	0	Unknown	0	0
best way to clean moss from roof tiles	0	Unknown	0	0
best way to clean moss off asphalt roof shingles	50	Unknown	0	0
best way to clean moss off of roof	0	Unknown	0	0
best way to clean moss off roof shingles	0	Unknown	0	0
best way to clean moss off shingles	0	Unknown	0	0
best way to clean moss off your roof	0	Unknown	0	0
best way to clean mould off bathroom ceiling	50	High	0.09	4.65
best way to clean mould off grout	50	Unknown	0	0
best way to clean roof moss	0	Unknown	0	0
best way to get mildew off siding	0	Unknown	0	0
best way to get mold off of vinyl siding	0	Unknown	0	0
best way to get mold off siding	0	Unknown	0	0
best way to get mold off vinyl siding	50	Unknown	0	0
best way to kill black mold in shower	50	Unknown	0	0
best way to kill moss on roof shingles	50	Unknown	0	0
best way to remove algae from siding	50	Unknown	0	0
best way to remove black mould from walls	50	Unknown	0	0
best way to remove green algae from siding	0	Unknown	0	0
best way to remove mildew from siding	0	Unknown	0	0
best way to remove mildew from vinyl siding	50	Unknown	0	0
best way to remove mold from house siding	0	Unknown	0	0
best way to remove mold from siding	50	Unknown	0	0
best way to remove moss from roof shingles	50	Unknown	0	0
best way to remove moss from shingle roof	0	Unknown	0	0
best way to remove moss from tiled roof	0	Unknown	0	0
best way to remove mould from bathroom ceiling	50	High	0	0
best way to remove mould from fabric	50	Unknown	0	0
bison mildew remover	0	Unknown	0	0
black algae on roof shingles	50	High	0	0
black algae stains on roof shingles	0	Unknown	0	0
black colored mold	50	Unknown	0	0
black decker pressure washer price	0	Unknown	0	0
black marks on roof shingles	50	Unknown	0	0
black mold odor	50	Low	0	0
black mold on couch	50	Unknown	0	0
black mold on hardie board	0	Unknown	0	0
black mold on house siding	50	Unknown	0	0
black mold on shingles	50	High	0	0
black mold on siding	50	Unknown	0	0
black mold on vinyl siding	50	Unknown	0	0
black mold on wood furniture	50	Unknown	0	0
black mould bleach	50	Low	0.05	4.65
black mould in grout	50	Medium	0	0
black mould in shower grout	50	High	0.58	6.66
black mould in shower sealant	50	Unknown	0	0
black mould on fabric	50	Medium	0	0
black mould on grout	50	Medium	0	0
black mould shower	500	Low	0.77	9.59
black stain on roof shingles	50	Low	0	0
black stain on shingles	50	Low	0	0
black stains on asphalt roof shingles	0	Unknown	0	0
black stains on roof removal	0	Unknown	0	0
black streaking on roof shingles	50	Low	0	0
black streaks on asphalt shingle roof	50	Low	0	0
black streaks on my roof	0	Unknown	0	0
black streaks on shingle roof	50	Low	0	0
bleach black mould	0	Unknown	0	0
bleach for mould on walls	0	Unknown	0	0
bleach for mould removal	500	High	0.52	4.65
bleach kill mould	50	Medium	1.46	4.65
bleach mould	500	Medium	0.77	4.65
bleach mould removal	500	High	0.52	4.65
bleach roof moss	50	Unknown	0	0
bleach to clean mould	0	Unknown	0	0
bottom trim for vinyl siding	50	Unknown	0	0
brick pressure washing machine price	0	Unknown	0	0
camco mildew stain remover	50	Unknown	0	0
cedar care roof maintenance	0	Unknown	0	0
cheapest hot pressure washer	50	Unknown	0	0
cheapest petrol pressure washer	0	Unknown	0	0
cheapest place to rent a pressure washer	50	Unknown	0	0
chemical to kill moss on roof	0	Unknown	0	0
chrome siding	0	Unknown	0	0
clean algae from shingles	0	Unknown	0	0
clean black mold off roof shingles	0	Unknown	0	0
clean black streaks off roof	50	Unknown	0	0
clean black streaks on roof	50	Unknown	0	0
clean green mold off siding	50	Unknown	0	0
clean green mold off vinyl siding	50	Unknown	0	0
clean mildew from siding	50	Medium	0	0
clean mold and mildew from vinyl siding	50	Unknown	0	0
clean mold off aluminum siding	50	Unknown	0	0
clean mold off canvas	50	Unknown	0	0
clean mold off leather jacket	50	Low	0	0
clean mold off mattress	50	High	0	0
clean mold off shower curtain	50	Low	0	0
clean moss off asphalt shingles	0	Unknown	0	0
clean mould from leather	0	Unknown	0	0
clean mould from wood	50	Unknown	0	0
clean mould off fabric	0	Unknown	0	0
clean mould off grout	50	Unknown	0	0
clean mould off leather jacket	0	Unknown	0	0
clean mould off mattress	50	High	0	0
clean mould off tent	0	Unknown	0	0
clean mould off wood	50	Unknown	0	0
clean mould off wooden furniture	50	Unknown	0	0
clean mould on ceiling	0	Unknown	0	0
clean mould with bleach	500	High	0.52	4.65
clean siding mold	50	High	0	0
clean stains off roof shingles	50	Unknown	0	0
clean vinyl siding green mold	50	Unknown	0	0
cleaning algae off roof shingles	50	Unknown	0	0
cleaning black mould from shower	50	High	0	0
cleaning green mildew off vinyl siding	50	Unknown	0	0
cleaning green mold off of vinyl siding	0	Unknown	0	0
cleaning mold off cedar siding	50	Unknown	0	0
cleaning mold off wood siding	0	Unknown	0	0
cleaning moss off composite roof	0	Unknown	0	0
cleaning moss off my roof	0	Unknown	0	0
cleaning moss off of shingles	0	Unknown	0	0
cleaning moss off shingle roof	50	Unknown	0	0
cleaning moss off terracotta roof tiles	0	Unknown	0	0
cleaning mould off furniture	0	Unknown	0	0
cleaning mould off leather couch	0	Unknown	0	0
cleaning mould off timber furniture	0	Unknown	0	0
cleaning mould off window sills	50	Unknown	0	0
clearing moss off roof	0	Unknown	0	0
clr mould and mildew remover	0	Unknown	0	0
commercial power washing rates	50	Low	0	0
concrete power washing prices	50	Unknown	0	0
concrobium mould stain eraser	50	High	0	0
corner trim for house exterior	50	Unknown	0	0
cost for power washing a deck	50	Low	0	0
cost for power washing and staining a deck	0	Unknown	0	0
cost of cleaning and sealing driveway	0	Unknown	0	0
cost of jet washing a drive	0	Unknown	0	0
cost of karcher pressure washer	50	Unknown	0	0
cost of pressure washing 2 story house	50	Unknown	0	0
cost of pressure washing and staining deck	0	Unknown	0	0
cost of starting a pressure washing business	50	Low	0	0
cost per sq ft to pressure wash	50	Low	0	0
cost per square foot pressure washing	50	Unknown	0	0
cost per square foot to power wash	50	Medium	1.32	4.69
cost rent pressure washer	50	Low	0	0
cost to clean and seal driveway	50	Unknown	0	0
cost to clean conservatory roof	0	Unknown	0	0
cost to get driveway power washed	0	Unknown	0	0
cost to have deck pressure washed	0	Unknown	0	0
cost to hire power washer	0	Unknown	0	0
cost to hire pressure washer	50	Unknown	0	0
cost to jet wash patio	0	Unknown	0	0
cost to move washing machine	50	Unknown	0	0
cost to power wash and seal deck	0	Unknown	0	0
cost to power wash and seal driveway	50	Unknown	0	0
cost to power wash pool deck	50	Unknown	0	0
cost to pressure wash a 2 story house	50	Unknown	0	0
cost to pressure wash an apartment complex	50	Unknown	0	0
cost to pressure wash and seal deck	50	Unknown	0	0
cost to pressure wash gutters	50	Unknown	0	0
cost to pressure wash parking lot	0	Unknown	0	0
cost to pressure wash per square foot	50	Medium	0	0
cost to pressure wash siding	50	Unknown	0	0
cost to pressure wash tennis court	0	Unknown	0	0
cost to rent a power washer at home depot	50	Unknown	0	0
cutting base board	50	High	0	0
d bead trim	0	Unknown	0	0
dark stains on roof	0	Unknown	0	0
dark stains on roof shingles	0	Unknown	0	0
dark stains on shingles	0	Unknown	0	0
dark streaks on roof shingles	50	Low	0	0
deck cleaning price	50	Unknown	0	0
decorative siding trim	0	Unknown	0	0
detox mould and mildew remover	0	Unknown	0	0
discoloration on roof shingles	50	Unknown	0	0
dollar tree mold and mildew remover	50	High	0	0
domestos mould remover	0	Unknown	0	0
door casing kit menards	50	Unknown	0	0
drive jet washing cost	0	Unknown	0	0
driveway clean and seal cost	50	Unknown	0	0
dry cleaning mould removal	0	Unknown	0	0
dry mold on wood	50	Unknown	0	0
duo blast mold and mildew	0	Unknown	0	0
engine oil on driveway how to get off	50	High	0.08	0.3
exposed aggregate driveway maintenance	0	Unknown	0	0
exterior door trim vinyl siding	50	Unknown	0	0
exterior vinyl corner trim	50	Medium	0	0
exterior vinyl siding corner trim	50	Unknown	0	0
fabric mold	50	Low	0	0
fabric mould	50	Low	0	0
fiber cement siding mold	0	Unknown	0	0
flash mould remover	0	Unknown	0	0
fungus from mulch on siding	0	Unknown	0	0
fungus on house siding	0	Unknown	0	0
fungus on siding	50	Unknown	0	0
gas pressure washer price	50	Unknown	0	0
get mildew off siding	0	Unknown	0	0
get mold off house siding	0	Unknown	0	0
get mold off siding	50	Unknown	0	0
get mold off vinyl siding	50	Unknown	0	0
get mould off wood	0	Unknown	0	0
get rid of black mould in shower	50	High	0.15	3.73
get rid of mold on fabric	50	High	0.02	1.76
get rid of pink mold in shower	50	Medium	0	0
getting mildew off vinyl siding	0	Unknown	0	0
gingerbread siding and trim	50	Unknown	0	0
gloeocapsa magma removal	50	Unknown	0	0
goo gone mold and mildew	50	High	0	0
green algae on siding	50	Unknown	0	0
green mildew on siding	50	Unknown	0	0
green mildew on wood	50	Low	0	0
green mold on aluminum siding	50	Unknown	0	0
green mold on house exterior	50	Low	0	0
green mold on house siding	50	Unknown	0	0
green mold on siding	50	Unknown	0	0
green mold outside house	50	Low	0	0
green mould on furniture	50	Low	0	0
green stuff on siding	50	Unknown	0	0
green stuff on siding of house	0	Unknown	0	0
h trim for siding	50	Unknown	0	0
half price pressure washer	0	Unknown	0	0
hardie board mold	50	High	0.18	1.19
hardie brick mold	0	Unknown	0	0
hardie trim tabs home depot	50	Unknown	0	0
hardiplank window trim	50	Unknown	0	0
heavy equipment pressure washing prices	50	Unknown	0	0
home armour mold and mildew stain remover	50	Unknown	0	0
home depot power washer prices	50	High	0	0
home depot pressure washer cost	50	Medium	0	0
home depot pressure washer price	50	High	0	0
homewyse power wash deck	0	Unknown	0	0
homewyse pressure wash deck	50	Low	0	0
homewyse pressure washing driveway	50	Low	0	0
hotsy power washer prices	50	Unknown	0	0
how best to clean concrete driveways	0	Unknown	0	0
how best to clean tarmac driveway	0	Unknown	0	0
how can i clean my driveway	50	Unknown	0	0
how can i clean my driveway without a pressure washer	50	Unknown	0	0
how can i clean my driveway without pressure washing it	0	Unknown	0	0
how can i clean oil off of my driveway	50	High	0	0
how can i get oil off my drive	0	Unknown	0	0
how can i get oil stains out of my driveway	50	High	0	0
how can i remove oil from concrete	50	High	0.15	0.53
how can i remove oil stains from concrete	50	High	0.2	2.07
how can you get oil off your driveway	50	Medium	0	0
how can you remove oil from concrete	0	Unknown	0	0
how clean driveway	50	Unknown	0	0
how clean oil from driveway	50	High	0	0
how do i clean my driveway	50	High	0	0
how do i clean oil from concrete	0	Unknown	0	0
how do i clean oil from my driveway	50	Unknown	0	0
how do i clean oil stains from concrete	50	High	0.14	0.36
how do i clean oil stains off my driveway	50	Unknown	0	0
how do i clean up an oil spill on concrete	50	Medium	0	0
how do i get an oil stain off my driveway	50	High	0	0
how do i get antifreeze off my driveway	0	Unknown	0	0
how do i get car oil off my driveway	50	Unknown	0	0
how do i get motor oil off my driveway	50	High	0	0
how do i get motor oil out of concrete	50	High	0.23	4.5
how do i get oil off concrete	500	High	0.18	1.49
how do i get oil off my concrete driveway	50	Unknown	0	0
how do i get oil off my drive	50	Medium	0	0
how do i get oil off my tarmac drive	0	Unknown	0	0
how do i get oil off the driveway	50	High	0.15	2.62
how do i get oil out of my driveway	50	High	0	0
how do i get oil spots off my driveway	50	High	0	0
how do i get oil stains off concrete	500	High	0.18	1.49
how do i get oil stains off my asphalt driveway	0	Unknown	0	0
how do i get oil stains off my concrete driveway	50	Unknown	0	0
how do i get oil stains off of concrete	500	High	0.18	1.49
how do i get old oil stains off my driveway	50	Unknown	0	0
how do i get paint off my driveway	50	Unknown	0	0
how do i get rid of oil on my driveway	0	Unknown	0	0
how do i get rust off my concrete driveway	50	Unknown	0	0
how do i remove an oil stain from my driveway	50	Unknown	0	0
how do i remove diesel stains from my driveway	0	Unknown	0	0
how do i remove engine oil from driveway	0	Unknown	0	0
how do i remove grease from concrete	0	Unknown	0	0
how do i remove moss from concrete	0	Unknown	0	0
how do i remove motor oil from my driveway	50	Unknown	0	0
how do i remove oil from driveway	50	High	0.17	1.3
how do i remove oil stains from concrete driveway	50	High	0.2	0.58
how do i remove oil stains from driveway	500	High	0.21	2.75
how do i remove oil stains from my asphalt driveway	0	Unknown	0	0
how do i remove oil stains from my concrete driveway	50	Unknown	0	0
how do i remove oil stains from pavers	50	High	0	0
how do i remove tire marks from concrete driveway	50	High	0	0
how do u get oil stains out of concrete	50	Unknown	0	0
how do you clean a driveway	0	Unknown	0	0
how do you clean antifreeze off a driveway	0	Unknown	0	0
how do you clean diesel off tarmac	0	Unknown	0	0
how do you clean driveway pavers	50	Unknown	0	0
how do you clean grease off of concrete	50	High	0	0
how do you clean moss off concrete	50	Unknown	0	0
how do you clean moss off of concrete	50	Unknown	0	0
how do you clean oil from concrete	50	Unknown	0	0
how do you clean oil off asphalt	50	Unknown	0	0
how do you clean oil off of a driveway	50	High	0.17	0.35
how do you clean oil off of asphalt	50	Unknown	0	0
how do you clean oil off of cement	0	Unknown	0	0
how do you clean oil off of driveway	0	Unknown	0	0
how do you clean oil off your driveway	50	Unknown	0	0
how do you clean oil spills on concrete	50	High	0.23	4.5
how do you clean oil stains from concrete	50	High	0.14	0.36
how do you clean oil stains from driveway	50	High	0.22	4.5
how do you clean oil stains off concrete	50	High	0.14	0.33
how do you clean oil stains off of concrete	50	High	0.14	0.33
how do you clean tarmac drive	0	Unknown	0	0
how do you clean transmission fluid off of concrete	50	Low	0	0
how do you clean up an oil spill on concrete	50	Medium	0	0
how do you clean up oil spills on concrete	50	High	0	0
how do you clean up oil spills on driveway	50	Medium	0.18	1.87
how do you get car oil off a driveway	50	Unknown	0	0
how do you get car oil off concrete	50	High	0	0
how do you get engine oil off concrete	50	Unknown	0	0
how do you get grease off cement	50	Unknown	0	0
how do you get moss off concrete	50	Unknown	0	0
how do you get moss off of concrete	0	Unknown	0	0
how do you get motor oil off concrete	50	High	0	0
how do you get motor oil out of concrete	50	High	0.23	4.5
how do you get oil of a driveway	0	Unknown	0	0
how do you get oil off a drive	0	Unknown	0	0
how do you get oil off a tarmac drive	0	Unknown	0	0
how do you get oil off asphalt driveway	0	Unknown	0	0
how do you get oil off concrete driveway	50	High	0.13	0.75
how do you get oil off of asphalt	50	Unknown	0	0
how do you get oil off of the driveway	50	Unknown	0	0
how do you get oil off tarmac	0	Unknown	0	0
how do you get oil out of a driveway	50	High	0.33	4.5
how do you get oil out of cement	500	High	0.18	1.49
how do you get oil out of driveway	50	Low	0	0
how do you get oil out of the driveway	50	High	0	0
how do you get oil out of your driveway	50	High	0	0
how do you get oil spots off a driveway	50	Unknown	0	0
how do you get oil spots off concrete	50	Unknown	0	0
how do you get oil stain off driveway	50	High	0.15	2.62
how do you get oil stains out of a driveway	50	High	0.19	3.21
how do you get oil stains out of asphalt	50	Unknown	0	0
how do you get oil stains out of cement	500	High	0.18	1.49
how do you get oil stains out of cement driveway	50	Unknown	0	0
how do you get oil stains out of concrete driveway	50	High	0.22	2.26
how do you get oil stains out of driveway	50	High	0.19	3.21
how do you get old oil stains out of concrete	50	High	0	0
how do you get paint off a driveway	50	Unknown	0	0
how do you get paint off driveway	50	Unknown	0	0
how do you get rid of oil on concrete	50	Unknown	0	0
how do you get rid of oil stains on driveway	50	Unknown	0	0
how do you get tire marks off the driveway	50	Medium	0	0
how do you power wash a driveway	50	Unknown	0	0
how do you pressure wash a driveway	50	High	0	0
how do you remove an oil stain from concrete	50	High	0.2	2.07
how do you remove car oil from concrete	50	High	0.23	4.5
how do you remove car oil from driveway	50	High	0.23	4.19
how do you remove diesel from driveway	0	Unknown	0	0
how do you remove engine oil from concrete	50	Unknown	0	0
how do you remove grease from cement	50	Unknown	0	0
how do you remove grease stains from concrete	50	High	0	0
how do you remove moss from a tarmac driveway	0	Unknown	0	0
how do you remove moss from concrete	50	High	0	0
how do you remove oil based stain from concrete	0	Unknown	0	0
how do you remove oil from asphalt	50	High	0	0
how do you remove oil from asphalt driveway	50	Unknown	0	0
how do you remove oil from tarmac	0	Unknown	0	0
how do you remove oil from your driveway	50	High	0	0
how do you remove oil stains from a concrete driveway	50	High	0.2	0.58
how do you remove oil stains from asphalt	50	High	0	0
how do you remove oil stains from asphalt driveway	0	Unknown	0	0
how do you remove oil stains from cement	50	High	0.2	2.07
how do you remove oil stains from tarmac	0	Unknown	0	0
how do you remove oil stains from the driveway	500	High	0.21	2.75
how do you remove old oil stains from concrete	50	Unknown	0	0
how do you remove old oil stains from driveway	50	High	0	0
how do you remove rust from concrete driveway	50	High	0	0
how do you remove rust stains from concrete driveway	50	High	0	0
how do you remove white residue from concrete	0	Unknown	0	0
how get oil off concrete	50	Unknown	0	0
how get oil out of concrete	50	Unknown	0	0
how get oil stain off concrete	50	Unknown	0	0
how get oil stains out of concrete	50	High	0	0
how get rid of oil stain on driveway	50	High	0	0
how pressure wash driveway	50	Unknown	0	0
how remove grease from concrete	0	Unknown	0	0
how remove oil from asphalt	50	Unknown	0	0
how to absorb motor oil from concrete	50	Unknown	0	0
how to absorb oil from driveway	50	Unknown	0	0
how to absorb oil on concrete	50	Unknown	0	0
how to absorb oil on driveway	0	Unknown	0	0
how to acid wash a driveway	50	Unknown	0	0
how to acid wash concrete driveway	50	Unknown	0	0
how to acid wash driveway	50	Unknown	0	0
how to acid wash new exposed aggregate concrete	0	Unknown	0	0
how to bleach a driveway	50	Unknown	0	0
how to bleach concrete driveway	50	Unknown	0	0
how to bleach concrete patio	50	Unknown	0	0
how to bleach driveway	50	Unknown	0	0
how to charge for pressure washing a driveway	50	Unknown	0	0
how to clean a blacktop driveway	50	Unknown	0	0
how to clean a brick paver driveway	50	Unknown	0	0
how to clean a cement walkway	0	Unknown	0	0
how to clean a concrete driveway with a pressure washer	0	Unknown	0	0
how to clean a concrete driveway with muriatic acid	50	Unknown	0	0
how to clean a concrete driveway without a pressure washer	50	High	0	0
how to clean a concrete path	0	Unknown	0	0
how to clean a dirty driveway	50	Low	0	0
how to clean a driveway before sealing	50	Unknown	0	0
how to clean a driveway with bleach	50	Unknown	0	0
how to clean a driveway with muriatic acid	50	Unknown	0	0
how to clean a driveway with oil stains	50	High	0.22	4.5
how to clean a fiberglass utility sink	50	Low	0	0
how to clean a monoblock driveway	0	Unknown	0	0
how to clean a muddy driveway	0	Unknown	0	0
how to clean a oil spill on driveway	50	Low	0	0
how to clean a oil stain on driveway	50	High	0.22	4.5
how to clean a paved driveway	50	Unknown	0	0
how to clean acorn stains from concrete	50	Unknown	0	0
how to clean aggregate driveway	0	Unknown	0	0
how to clean an oil leak on driveway	0	Unknown	0	0
how to clean an oil spill in the driveway	50	Low	0	0
how to clean an oil spill off concrete	0	Unknown	0	0
how to clean an oil spill on driveway	50	Low	0	0
how to clean an oil spot in driveway	50	Unknown	0	0
how to clean an oil stain from concrete	50	High	0.14	0.36
how to clean an oil stain off a driveway	50	Unknown	0	0
how to clean an oil stain on driveway	0	Unknown	0	0
how to clean and seal a concrete driveway	50	Unknown	0	0
how to clean and seal a driveway	50	Unknown	0	0
how to clean and seal concrete driveway	50	Unknown	0	0
how to clean antifreeze from asphalt	0	Unknown	0	0
how to clean antifreeze from concrete	50	High	0	0
how to clean antifreeze from driveway	50	Unknown	0	0
how to clean antifreeze off asphalt driveway	50	Low	0	0
how to clean antifreeze off driveway	50	Medium	0	0
how to clean asphalt driveway before sealing	0	Unknown	0	0
how to clean asphalt driveway stains	0	Unknown	0	0
how to clean asphalt off concrete	50	Unknown	0	0
how to clean asphalt sealer from concrete	0	Unknown	0	0
how to clean asphalt stains	50	Unknown	0	0
how to clean atf off driveway	50	Low	0	0
how to clean automatic transmission fluid off of concrete	50	Unknown	0	0
how to clean battery acid off driveway	0	Unknown	0	0
how to clean bird poop off asphalt driveway	50	Unknown	0	0
how to clean bird poop off driveway	0	Unknown	0	0
how to clean black mold from concrete driveway	50	Unknown	0	0
how to clean black mold off driveway	50	Unknown	0	0
how to clean black top driveway	50	Unknown	0	0
how to clean brake fluid from asphalt	0	Unknown	0	0
how to clean brake fluid from driveway	50	Unknown	0	0
how to clean brake fluid off concrete	50	Unknown	0	0
how to clean brake fluid off driveway	50	Unknown	0	0
how to clean brick driveway pavers	50	Unknown	0	0
how to clean brick paving driveway	50	Unknown	0	0
how to clean car fluids off driveway	50	Unknown	0	0
how to clean car oil from asphalt	50	Unknown	0	0
how to clean car oil from cement	0	Unknown	0	0
how to clean car oil from concrete driveway	50	Unknown	0	0
how to clean car oil off asphalt	50	Unknown	0	0
how to clean car oil off cement	50	High	0.17	2.02
how to clean car oil off concrete driveway	0	Unknown	0	0
how to clean car oil off of concrete	0	Unknown	0	0
how to clean car oil off paving	0	Unknown	0	0
how to clean car oil off tarmac	0	Unknown	0	0
how to clean car oil spill from driveway	50	Unknown	0	0
how to clean car oil stains from driveway	0	Unknown	0	0
how to clean cast stone outside	0	Unknown	0	0
how to clean cement off tarmac	0	Unknown	0	0
how to clean cement off tarmac drive	0	Unknown	0	0
how to clean cement patio with pressure washer	0	Unknown	0	0
how to clean cobblelock driveways	0	Unknown	0	0
how to clean cobblestone driveway	50	Unknown	0	0
how to clean concrete driveway mildew	50	Unknown	0	0
how to clean concrete driveway with pressure washer	50	Unknown	0	0
how to clean concrete driveway without killing grass	50	Unknown	0	0
how to clean concrete dust from driveway	0	Unknown	0	0
how to clean concrete paths	0	Unknown	0	0
how to clean concrete sealer sprayer	0	Unknown	0	0
how to clean concrete stains off asphalt	0	Unknown	0	0
how to clean concrete with a pressure washer	50	High	0	0
how to clean cooking oil from concrete	50	Unknown	0	0
how to clean coolant from driveway	50	Unknown	0	0
how to clean coolant off driveway	50	Low	0	0
how to clean coolant spill on driveway	0	Unknown	0	0
how to clean diesel from driveway	0	Unknown	0	0
how to clean diesel off driveway	50	Unknown	0	0
how to clean diesel off tarmac	0	Unknown	0	0
how to clean diesel oil off concrete	50	Unknown	0	0
how to clean dirt off asphalt driveway	0	Unknown	0	0
how to clean dirt off driveway	0	Unknown	0	0
how to clean dirty cement driveway	0	Unknown	0	0
how to clean dirty driveway	50	Low	0	0
how to clean dried oil stains from driveway	50	High	0	0
how to clean drilled holes in concrete	50	Unknown	0	0
how to clean driveway after snow	0	Unknown	0	0
how to clean driveway bricks	50	High	0	0
how to clean driveway cracks	0	Unknown	0	0
how to clean driveway from oil stain	50	Unknown	0	0
how to clean driveway from snow	0	Unknown	0	0
how to clean driveway moss	50	High	0	0
how to clean driveway oil spill	50	Unknown	0	0
how to clean driveway old oil stains	50	High	0	0
how to clean driveway sealer off of concrete	0	Unknown	0	0
how to clean driveway sealer off of vinyl siding	0	Unknown	0	0
how to clean driveway sealer squeegee	50	Unknown	0	0
how to clean driveway snow	50	High	0	0
how to clean driveway with bleach	50	Unknown	0	0
how to clean driveway with power washer	50	Unknown	0	0
how to clean driveway without a pressure washer	50	High	0.31	3.41
how to clean driveway without power washer	50	Unknown	0	0
how to clean driveways and sidewalks	0	Unknown	0	0
how to clean driveways yourself	50	Unknown	0	0
how to clean dry oil off driveway	50	High	0	0
how to clean engine oil from concrete	50	High	0	0
how to clean engine oil from driveway	50	High	0	0
how to clean engine oil from tarmac	0	Unknown	0	0
how to clean engine oil leak on driveway	50	High	0	0
how to clean engine oil off of concrete	50	High	0.17	2.02
how to clean engine oil off tarmac	0	Unknown	0	0
how to clean engine oil on concrete	50	Unknown	0	0
how to clean engine oil spill on concrete	0	Unknown	0	0
how to clean exposed aggregate	0	Unknown	0	0
how to clean exposed aggregate concrete driveway	0	Unknown	0	0
how to clean exposed aggregate driveway	0	Unknown	0	0
how to clean fresh oil off concrete	50	Unknown	0	0
how to clean fresh oil off driveway	50	Unknown	0	0
how to clean frozen ice from driveway	0	Unknown	0	0
how to clean fuel oil off concrete	0	Unknown	0	0
how to clean gas off driveway	50	Unknown	0	0
how to clean gas spill on asphalt	0	Unknown	0	0
how to clean gas stains from driveway	50	Unknown	0	0
how to clean gear oil off concrete	50	Unknown	0	0
how to clean grease and oil off concrete	50	Unknown	0	0
how to clean grease from concrete driveway	0	Unknown	0	0
how to clean grease from driveway	50	Unknown	0	0
how to clean grease off cement driveway	50	Unknown	0	0
how to clean grease off concrete driveway	50	Unknown	0	0
how to clean grease off driveway	50	High	0	0
how to clean grease stains from concrete	50	Low	0	0
how to clean green moss off concrete	0	Unknown	0	0
how to clean hydraulic fluid off driveway	50	Low	0	0
how to clean hydraulic oil off asphalt	50	Unknown	0	0
how to clean hydraulic oil off concrete	50	Unknown	0	0
how to clean ice from driveway	0	Unknown	0	0
how to clean ice off driveway	0	Unknown	0	0
how to clean ice on driveway	0	Unknown	0	0
how to clean icy driveway	0	Unknown	0	0
how to clean imprinted concrete	0	Unknown	0	0
how to clean imprinted concrete drive	0	Unknown	0	0
how to clean imprinted concrete driveway	0	Unknown	0	0
how to clean interlock driveway	50	Unknown	0	0
how to clean interlocking brick driveway	0	Unknown	0	0
how to clean large oil spill on driveway	50	Unknown	0	0
how to clean leaf stains off concrete driveway	0	Unknown	0	0
how to clean linseed oil off concrete	50	Unknown	0	0
how to clean mildew off concrete driveway	50	Unknown	0	0
how to clean mold from concrete driveway	50	Unknown	0	0
how to clean mold off concrete driveway	50	Unknown	0	0
how to clean mold off driveway	50	Unknown	0	0
how to clean moss and mildew from concrete	0	Unknown	0	0
how to clean moss from tarmac driveway	0	Unknown	0	0
how to clean moss off concrete driveway	0	Unknown	0	0
how to clean moss off concrete paths	0	Unknown	0	0
how to clean moss off concrete steps	0	Unknown	0	0
how to clean moss off tarmac driveway	0	Unknown	0	0
how to clean motor oil from asphalt	50	Unknown	0	0
how to clean motor oil from cement	50	High	0	0
how to clean motor oil from concrete driveway	0	Unknown	0	0
how to clean motor oil off asphalt	0	Unknown	0	0
how to clean motor oil off asphalt driveway	50	Unknown	0	0
how to clean motor oil off cement	50	High	0.17	2.02
how to clean motor oil off concrete driveway	50	Unknown	0	0
how to clean motor oil off concrete floor	50	Unknown	0	0
how to clean motor oil on concrete	50	Unknown	0	0
how to clean motor oil spill in car	0	Unknown	0	0
how to clean motor oil spill on concrete	50	Medium	0	0
how to clean motor oil stains from concrete driveway	50	Unknown	0	0
how to clean mud off asphalt	0	Unknown	0	0
how to clean mud off driveway	50	Low	0	0
how to clean my driveway without a pressure washer	50	High	0	0
how to clean off oil from concrete	0	Unknown	0	0
how to clean off oil stains from concrete	50	High	0.14	0.33
how to clean oil and antifreeze off driveway	50	Unknown	0	0
how to clean oil concrete	50	Unknown	0	0
how to clean oil drips off concrete	50	Unknown	0	0
how to clean oil drips on driveway	50	High	0.22	4.5
how to clean oil from asphalt driveway	50	Unknown	0	0
how to clean oil from blacktop	50	High	0	0
how to clean oil from blacktop driveway	50	Unknown	0	0
how to clean oil from cement driveway	50	Unknown	0	0
how to clean oil from concrete driveway	50	Unknown	0	0
how to clean oil from driveway pavers	50	Unknown	0	0
how to clean oil from pavement	50	Unknown	0	0
how to clean oil from paving	50	Unknown	0	0
how to clean oil from tarmac	0	Unknown	0	0
how to clean oil from tarmac drive	0	Unknown	0	0
how to clean oil from the driveway	50	High	0	0
how to clean oil grease from driveway	50	Unknown	0	0
how to clean oil leak from driveway	50	Unknown	0	0
how to clean oil leak in driveway	50	Unknown	0	0
how to clean oil leak off concrete	0	Unknown	0	0
how to clean oil leak off driveway	50	High	0	0
how to clean oil leak on concrete	0	Unknown	0	0
how to clean oil marks off driveway	0	Unknown	0	0
how to clean oil of a driveway	0	Unknown	0	0
how to clean oil of driveway	50	High	0	0
how to clean oil of tarmac	0	Unknown	0	0
how to clean oil off blacktop	50	High	0	0
how to clean oil off blacktop driveway	50	Unknown	0	0
how to clean oil off brick driveway	0	Unknown	0	0
how to clean oil off concrete pavers	50	High	0	0
how to clean oil off driveway pavers	50	Unknown	0	0
how to clean oil off driveway with cat litter	0	Unknown	0	0
how to clean oil off gravel driveway	0	Unknown	0	0
how to clean oil off monoblock	0	Unknown	0	0
how to clean oil off my driveway	50	High	0	0
how to clean oil off of a driveway	50	High	0.17	0.35
how to clean oil off of asphalt driveway	50	Unknown	0	0
how to clean oil off of pavement	50	Unknown	0	0
how to clean oil off paving	50	High	0.38	4.8
how to clean oil off road	50	Unknown	0	0
how to clean oil off tar driveway	0	Unknown	0	0
how to clean oil off tarmac	0	Unknown	0	0
how to clean oil off tarmac drive	0	Unknown	0	0
how to clean oil off the road	50	Unknown	0	0
how to clean oil off the street	50	Unknown	0	0
how to clean oil on cement	50	Unknown	0	0
how to clean oil on paving	50	Unknown	0	0
how to clean oil out of asphalt	0	Unknown	0	0
how to clean oil out of driveway	50	High	0.19	3.21
how to clean oil spill from concrete	50	High	0.23	4.5
how to clean oil spill off concrete	50	Unknown	0	0
how to clean oil spill off driveway	50	Unknown	0	0
how to clean oil spill on asphalt	50	High	0	0
how to clean oil spill on asphalt driveway	0	Unknown	0	0
how to clean oil spill on cement	0	Unknown	0	0
how to clean oil spill on concrete driveway	50	Unknown	0	0
how to clean oil spill on tarmac	0	Unknown	0	0
how to clean oil spot from driveway	50	High	0.19	3.21
how to clean oil spot on concrete	50	High	0.2	2.07
how to clean oil spot on driveway	500	High	0.21	2.75
how to clean oil spots from asphalt driveway	0	Unknown	0	0
how to clean oil spots in driveway	50	High	0.22	4.5
how to clean oil spots off a driveway	0	Unknown	0	0
how to clean oil spots off asphalt	50	High	0	0
how to clean oil spots off asphalt driveway	0	Unknown	0	0
how to clean oil spots off concrete driveway	50	Unknown	0	0
how to clean oil spots on asphalt	50	High	0	0
how to clean oil spots on asphalt driveway	50	Unknown	0	0
how to clean oil spots on concrete driveway	50	Unknown	0	0
how to clean oil stain from asphalt driveway	0	Unknown	0	0
how to clean oil stain in garage	50	Unknown	0	0
how to clean oil stain off asphalt driveway	50	Unknown	0	0
how to clean oil stain on asphalt driveway	0	Unknown	0	0
how to clean oil stains from cement	0	Unknown	0	0
how to clean oil stains from driveway pavers	50	High	0	0
how to clean oil stains from tarmac	0	Unknown	0	0
how to clean oil stains from your driveway	50	Unknown	0	0
how to clean oil stains off blacktop	50	High	0	0
how to clean oil stains off brick driveway	50	Unknown	0	0
how to clean oil stains off cement	50	High	0.14	0.33
how to clean oil stains off cement driveway	50	Unknown	0	0
how to clean oil stains off concrete driveway	50	Unknown	0	0
how to clean oil stains off interlock driveway	0	Unknown	0	0
how to clean oil stains off of asphalt	50	High	0	0
how to clean oil stains off of driveway	50	Unknown	0	0
how to clean oil stains off the driveway	50	Unknown	0	0
how to clean oil stains off your driveway	50	High	0	0
how to clean oil stains on pavement	0	Unknown	0	0
how to clean oil stains out of concrete	50	Unknown	0	0
how to clean old concrete driveway	0	Unknown	0	0
how to clean old oil off concrete	0	Unknown	0	0
how to clean old oil off driveway	50	Unknown	0	0
how to clean old oil stain from asphalt	0	Unknown	0	0
how to clean old oil stains from concrete driveway	50	Unknown	0	0
how to clean old oil stains off asphalt driveway	0	Unknown	0	0
how to clean old oil stains off concrete	50	Unknown	0	0
how to clean old oil stains off concrete driveway	0	Unknown	0	0
how to clean olive oil off concrete	50	Unknown	0	0
how to clean paint from driveway	50	Unknown	0	0
how to clean paint off asphalt	50	Unknown	0	0
how to clean paint off concrete driveway	50	Unknown	0	0
how to clean paint off driveway	50	Unknown	0	0
how to clean paint off tarmac	0	Unknown	0	0
how to clean painted concrete driveway	0	Unknown	0	0
how to clean paving stone driveway	0	Unknown	0	0
how to clean peanut oil from concrete	0	Unknown	0	0
how to clean peanut oil off concrete	0	Unknown	0	0
how to clean pebble driveway	0	Unknown	0	0
how to clean power steering fluid from driveway	50	Unknown	0	0
how to clean power steering fluid off asphalt	50	Low	0	0
how to clean power steering fluid off asphalt driveway	0	Unknown	0	0
how to clean power steering fluid off concrete driveway	0	Unknown	0	0
how to clean power steering fluid off driveway	50	Unknown	0	0
how to clean radiator fluid off driveway	50	Medium	0	0
how to clean rubber tire marks off concrete	50	Unknown	0	0
how to clean rust from driveway	0	Unknown	0	0
how to clean rust off a driveway	50	Unknown	0	0
how to clean rust off cement driveway	50	Unknown	0	0
how to clean rust off concrete driveway	50	High	0	0
how to clean rust off driveway	50	High	0	0
how to clean rust spots on concrete	0	Unknown	0	0
how to clean rust stains from concrete driveway	0	Unknown	0	0
how to clean rust stains off concrete driveway	50	Unknown	0	0
how to clean sealed concrete driveway	0	Unknown	0	0
how to clean sealed concrete patio	50	High	0	0
how to clean sidewalks and driveways	50	Unknown	0	0
how to clean snow driveway	50	High	0	0
how to clean snow in driveway	0	Unknown	0	0
how to clean snow off driveway	0	Unknown	0	0
how to clean snow on driveway	0	Unknown	0	0
how to clean spilled oil off concrete	50	Unknown	0	0
how to clean spilled oil on concrete	50	Unknown	0	0
how to clean spilled oil on driveway	50	Unknown	0	0
how to clean stains from driveway	50	High	0.65	5.7
how to clean stains off cement patio	50	Unknown	0	0
how to clean stains off concrete driveway	50	High	0	0
how to clean stains off driveway	50	Unknown	0	0
how to clean steering fluid off driveway	50	Unknown	0	0
how to clean stone driveway	50	High	0	0
how to clean tar driveway	0	Unknown	0	0
how to clean tar off concrete	50	Unknown	0	0
how to clean tar off concrete driveway	50	Unknown	0	0
how to clean tarmac driveways	0	Unknown	0	0
how to clean tarmac stain	0	Unknown	0	0
how to clean tarmacadam	0	Unknown	0	0
how to clean the concrete driveway	50	Unknown	0	0
how to clean the driveway from oil	50	High	0	0
how to clean the snow from driveway	0	Unknown	0	0
how to clean tire marks from concrete driveway	50	Unknown	0	0
how to clean tire marks from driveway	50	Unknown	0	0
how to clean tire marks off asphalt	0	Unknown	0	0
how to clean tire marks off concrete driveway	50	High	0	0
how to clean tire marks on driveway	50	Low	0	0
how to clean tire shine off driveway	50	Unknown	0	0
how to clean tire tracks off driveway	50	Unknown	0	0
how to clean transmission fluid from asphalt driveway	0	Unknown	0	0
how to clean transmission fluid from concrete	50	Unknown	0	0
how to clean transmission fluid from driveway	50	Low	0	0
how to clean transmission fluid off asphalt	50	Unknown	0	0
how to clean transmission fluid off asphalt driveway	50	Unknown	0	0
how to clean transmission fluid off concrete driveway	0	Unknown	0	0
how to clean transmission fluid off driveway	50	Unknown	0	0
how to clean transmission fluid off of concrete	50	High	0	0
how to clean transmission oil off concrete	0	Unknown	0	0
how to clean up an oil spill on cement	50	Unknown	0	0
how to clean up an oil spill on driveway	50	High	0	0
how to clean up antifreeze from asphalt	0	Unknown	0	0
how to clean up antifreeze from driveway	50	Unknown	0	0
how to clean up antifreeze from gravel driveway	50	Unknown	0	0
how to clean up asphalt sealer	0	Unknown	0	0
how to clean up car oil off driveway	50	Unknown	0	0
how to clean up cooking oil from concrete	0	Unknown	0	0
how to clean up cooking oil on concrete	0	Unknown	0	0
how to clean up cooking oil spill on concrete	50	Unknown	0	0
how to clean up driveway oil spill	50	Unknown	0	0
how to clean up driveway sealer	50	Unknown	0	0
how to clean up engine oil on driveway	0	Unknown	0	0
how to clean up gas spill in driveway	50	Low	0	0
how to clean up gas spill on asphalt	50	Unknown	0	0
how to clean up gas spill on driveway	0	Unknown	0	0
how to clean up gasoline spill on driveway	50	Low	0	0
how to clean up hydraulic fluid on asphalt	50	Unknown	0	0
how to clean up motor oil off concrete	0	Unknown	0	0
how to clean up motor oil on asphalt	50	Unknown	0	0
how to clean up motor oil on driveway	50	Unknown	0	0
how to clean up motor oil spill on concrete	50	Unknown	0	0
how to clean up oil leak on driveway	0	Unknown	0	0
how to clean up oil off concrete	50	Unknown	0	0
how to clean up oil off of concrete	50	Unknown	0	0
how to clean up oil on asphalt	0	Unknown	0	0
how to clean up oil on the driveway	50	High	0	0
how to clean up oil spill in driveway	50	Medium	0.18	1.87
how to clean up oil spill on asphalt driveway	50	Unknown	0	0
how to clean up oil spills on your driveway	0	Unknown	0	0
how to clean up oil spots on driveway	50	High	0	0
how to clean up oil stains on asphalt	50	Unknown	0	0
how to clean up oil stains on cement	50	Unknown	0	0
how to clean up old oil spill in driveway	0	Unknown	0	0
how to clean up old oil spills on concrete	50	Unknown	0	0
how to clean up old oil stains on concrete	0	Unknown	0	0
how to clean up olive oil on concrete	0	Unknown	0	0
how to clean up paint spill on driveway	0	Unknown	0	0
how to clean up power steering fluid from concrete	50	Unknown	0	0
how to clean up power steering fluid on driveway	0	Unknown	0	0
how to clean up spilled motor oil on concrete	50	Unknown	0	0
how to clean up spilled oil on driveway	50	Medium	0.18	1.87
how to clean up transmission fluid from driveway	50	High	0	0
how to clean up transmission fluid on asphalt	0	Unknown	0	0
how to clean vegetable oil from concrete	0	Unknown	0	0
how to clean vegetable oil off concrete	50	Unknown	0	0
how to clean walkway without pressure washer	50	High	0	0
how to clean your concrete driveway	50	Unknown	0	0
how to clean your driveway from snow	0	Unknown	0	0
how to clean your driveway of ice	0	Unknown	0	0
how to clean your driveway with a pressure washer	50	High	0	0
how to clean your driveway with bleach	50	Unknown	0	0
how to clean your driveway without a power washer	50	High	0	0
how to clean your driveway without a pressure washer	50	High	0	0
how to clean your tarmac on your driveway	0	Unknown	0	0
how to cover oil stains on asphalt	0	Unknown	0	0
how to cover oil stains on concrete	50	Unknown	0	0
how to cover up oil stains on driveway	50	High	0	0
how to degrease a driveway	0	Unknown	0	0
how to degrease driveway	0	Unknown	0	0
how to fix oil stains on driveway	50	High	0	0
how to get a oil stain off concrete	50	Unknown	0	0
how to get a oil stain out of concrete	500	High	0.18	1.49
how to get acorn stains out of concrete	50	Unknown	0	0
how to get an oil spot off the driveway	50	Unknown	0	0
how to get an oil stain off a driveway	50	High	0	0
how to get an oil stain off driveway	50	Unknown	0	0
how to get an oil stain off of concrete	50	Unknown	0	0
how to get an oil stain off the driveway	50	High	0	0
how to get an oil stain off your driveway	50	High	0.2	2.7
how to get an oil stain out of a driveway	50	High	0.19	3.21
how to get an oil stain out of concrete driveway	50	High	0	0
how to get an oil stain out of driveway	50	High	0.19	3.21
how to get an oil stain out of the driveway	50	High	0.19	3.21
how to get antifreeze off driveway	50	Unknown	0	0
how to get antifreeze stain off driveway	50	Unknown	0	0
how to get asphalt off concrete	50	High	0	0
how to get asphalt sealer off concrete	50	Unknown	0	0
how to get bird poop off driveway	50	Unknown	0	0
how to get black tire marks off driveway	0	Unknown	0	0
how to get brake fluid off a driveway	0	Unknown	0	0
how to get brake fluid off cement	50	Unknown	0	0
how to get brake fluid off concrete	50	Low	0	0
how to get brake fluid off driveway	50	Unknown	0	0
how to get brake fluid stain off driveway	0	Unknown	0	0
how to get car fluid off driveway	50	Unknown	0	0
how to get car fluid stains off driveway	50	Unknown	0	0
how to get car oil off a driveway	0	Unknown	0	0
how to get car oil off asphalt driveway	50	Unknown	0	0
how to get car oil off cement	50	High	0	0
how to get car oil off cement driveway	0	Unknown	0	0
how to get car oil off concrete driveway	50	Unknown	0	0
how to get car oil off my driveway	50	High	0	0
how to get car oil off of cement	50	Low	0	0
how to get car oil off pavers	50	Unknown	0	0
how to get car oil off paving	50	Unknown	0	0
how to get car oil off tarmac	0	Unknown	0	0
how to get car oil off tarmac driveway	0	Unknown	0	0
how to get car oil off the driveway	50	High	0.08	0.3
how to get car oil off your driveway	50	Unknown	0	0
how to get car oil out of concrete driveway	50	Unknown	0	0
how to get car oil out of driveway	50	High	0.08	0.3
how to get car oil stains off concrete	50	Unknown	0	0
how to get car oil stains off driveway	50	High	0	0
how to get car oil stains out of concrete	50	High	0	0
how to get car oil stains out of driveway	50	High	0	0
how to get cement off driveway	50	Unknown	0	0
how to get cement off tarmac	0	Unknown	0	0
how to get concrete off driveway	0	Unknown	0	0
how to get concrete stains off tarmac	0	Unknown	0	0
how to get coolant off driveway	50	Unknown	0	0
how to get deep oil stains out of concrete	50	Low	0	0
how to get diesel off a driveway	0	Unknown	0	0
how to get diesel off driveway	50	Low	0	0
how to get diesel off tarmac	0	Unknown	0	0
how to get diesel oil off concrete	50	Unknown	0	0
how to get diesel oil off driveway	50	Unknown	0	0
how to get dirt off driveway	50	Unknown	0	0
how to get dirt out of gravel	0	Unknown	0	0
how to get dried oil off concrete	50	Medium	0	0
how to get dried oil stains off driveway	50	Unknown	0	0
how to get engine oil off of concrete	50	High	0	0
how to get engine oil out of concrete	50	Unknown	0	0
how to get engine oil out of driveway	50	High	0	0
how to get fresh oil off concrete	50	Unknown	0	0
how to get fresh oil off driveway	50	Low	0	0
how to get fresh oil off of concrete	50	Unknown	0	0
how to get frying oil off concrete	50	Low	0	0
how to get gas off concrete driveway	50	Unknown	0	0
how to get gas off driveway	50	Low	0	0
how to get gas stain off driveway	0	Unknown	0	0
how to get gear oil off concrete	0	Unknown	0	0
how to get grease and oil off concrete	50	Unknown	0	0
how to get grease and oil off driveway	0	Unknown	0	0
how to get grease and oil stains off concrete	50	Unknown	0	0
how to get grease off cement driveway	0	Unknown	0	0
how to get grease off cement patio	50	Unknown	0	0
how to get grease off concrete driveway	50	Unknown	0	0
how to get grease off of asphalt driveway	0	Unknown	0	0
how to get grease off the driveway	50	Unknown	0	0
how to get grease out of concrete driveway	50	Unknown	0	0
how to get grease out of driveway	50	Medium	0	0
how to get grease stain off cement	50	Unknown	0	0
how to get grease stains off cement	50	Unknown	0	0
how to get grease stains off driveway	0	Unknown	0	0
how to get grease stains off of cement	0	Unknown	0	0
how to get grease stains out of driveway	50	Unknown	0	0
how to get green moss off concrete	50	Unknown	0	0
how to get hydraulic fluid off driveway	50	Unknown	0	0
how to get hydraulic oil out of concrete	50	High	0	0
how to get kitty litter off driveway	0	Unknown	0	0
how to get leaf stains off driveway	0	Unknown	0	0
how to get linseed oil off concrete	0	Unknown	0	0
how to get mold off concrete driveway	50	Unknown	0	0
how to get moss off concrete steps	0	Unknown	0	0
how to get motor oil off asphalt driveway	50	Unknown	0	0
how to get motor oil off cement	50	High	0	0
how to get motor oil off concrete driveway	50	Unknown	0	0
how to get motor oil off of cement	50	Unknown	0	0
how to get motor oil off of driveway	50	High	0.08	0.3
how to get motor oil off pavers	50	High	0	0
how to get motor oil off the driveway	50	High	0.08	0.3
how to get motor oil out of asphalt driveway	50	Unknown	0	0
how to get motor oil out of concrete driveway	50	Unknown	0	0
how to get motor oil out of driveway	50	High	0	0
how to get motor oil stain off concrete	50	Unknown	0	0
how to get motor oil stain out of concrete	50	High	0	0
how to get mud out of gravel driveway	0	Unknown	0	0
how to get mulch stain off driveway	0	Unknown	0	0
how to get oil and gas stains out of concrete	50	Unknown	0	0
how to get oil based stain out of concrete	50	Unknown	0	0
how to get oil drips off driveway	50	High	0.19	3.21
how to get oil from concrete	50	Unknown	0	0
how to get oil from driveway	50	Unknown	0	0
how to get oil leak off concrete	50	Unknown	0	0
how to get oil leak off driveway	50	Medium	0	0
how to get oil leaks out of driveway	50	High	0	0
how to get oil marks off concrete	0	Unknown	0	0
how to get oil marks off driveway	50	Unknown	0	0
how to get oil of a driveway	50	Unknown	0	0
how to get oil of concrete driveway	50	High	0	0
how to get oil of tarmac	0	Unknown	0	0
how to get oil of tarmac drive	0	Unknown	0	0
how to get oil of the driveway	0	Unknown	0	0
how to get oil off a brick driveway	50	Medium	0	0
how to get oil off a tarmac drive	0	Unknown	0	0
how to get oil off aggregate driveway	0	Unknown	0	0
how to get oil off blacktop	50	Unknown	0	0
how to get oil off blacktop driveway	50	Unknown	0	0
how to get oil off brick driveway	50	Medium	0	0
how to get oil off concrete floor	50	Unknown	0	0
how to get oil off driveway baking soda	50	Unknown	0	0
how to get oil off driveway pavers	50	Unknown	0	0
how to get oil off monoblock	0	Unknown	0	0
how to get oil off of blacktop	50	Unknown	0	0
how to get oil off of blacktop driveway	50	Unknown	0	0
how to get oil off of cement driveway	50	Unknown	0	0
how to get oil off of concrete floor	50	Medium	0	0
how to get oil off of driveway concrete	50	High	0.13	0.75
how to get oil off of pavement	50	Unknown	0	0
how to get oil off of tarmac	0	Unknown	0	0
how to get oil off of the driveway	50	High	0.15	2.62
how to get oil off pavement	50	High	0.2	4.5
how to get oil off pavers driveway	50	Unknown	0	0
how to get oil off paving	50	High	0.2	4.5
how to get oil off stone driveway	50	Unknown	0	0
how to get oil off the drive	0	Unknown	0	0
how to get oil off the road	50	Unknown	0	0
how to get oil off your concrete driveway	50	Unknown	0	0
how to get oil off your drive	50	Medium	0	0
how to get oil out concrete	50	Low	0	0
how to get oil out driveway	50	Low	0	0
how to get oil out of a concrete driveway	50	High	0.13	0.75
how to get oil out of brick driveway	50	Unknown	0	0
how to get oil out of cement driveway	50	Unknown	0	0
how to get oil out of driveway pavers	50	High	0	0
how to get oil out of my driveway	50	Unknown	0	0
how to get oil out of tar driveway	0	Unknown	0	0
how to get oil out of tarmac	0	Unknown	0	0
how to get oil out of tarmac drive	0	Unknown	0	0
how to get oil out the driveway	50	Low	0	0
how to get oil paint off of concrete	0	Unknown	0	0
how to get oil spill off concrete	50	Unknown	0	0
how to get oil spill off of concrete	50	Medium	0	0
how to get oil spill out of concrete	50	Unknown	0	0
how to get oil spill out of driveway	50	Unknown	0	0
how to get oil spots off a driveway	50	High	0	0
how to get oil spots off asphalt driveway	50	Unknown	0	0
how to get oil spots off concrete driveway	50	Unknown	0	0
how to get oil spots off of asphalt	50	Unknown	0	0
how to get oil spots off of driveway	50	Unknown	0	0
how to get oil spots off the driveway	50	Unknown	0	0
how to get oil spots off your driveway	50	Unknown	0	0
how to get oil spots out of the driveway	0	Unknown	0	0
how to get oil stain from concrete	50	High	0	0
how to get oil stain of concrete	50	High	0	0
how to get oil stain off asphalt driveway	50	Unknown	0	0
how to get oil stain off blacktop driveway	0	Unknown	0	0
how to get oil stain off cement	500	High	0.18	1.49
how to get oil stain off tarmac drive	0	Unknown	0	0
how to get oil stain out of asphalt driveway	50	High	0	0
how to get oil stain out of cement driveway	50	High	0.22	2.26
how to get oil stains from driveway	50	High	0.1	0.6
how to get oil stains of driveway	0	Unknown	0	0
how to get oil stains off a concrete driveway	50	High	0.22	2.26
how to get oil stains off blacktop	0	Unknown	0	0
how to get oil stains off brick driveway	0	Unknown	0	0
how to get oil stains off cement driveway	50	High	0.22	2.26
how to get oil stains off driveway pavers	50	Unknown	0	0
how to get oil stains off interlock driveway	0	Unknown	0	0
how to get oil stains off my driveway	50	High	0	0
how to get oil stains off of a driveway	50	High	0.15	2.62
how to get oil stains off of asphalt	50	High	0	0
how to get oil stains off of blacktop	50	Unknown	0	0
how to get oil stains off of blacktop driveway	50	Unknown	0	0
how to get oil stains off of cement	500	High	0.18	1.49
how to get oil stains off pavement	50	High	0.32	4.49
how to get oil stains off tarmac	0	Unknown	0	0
how to get oil stains out concrete	500	High	0.18	1.49
how to get oil stains out driveway	50	Unknown	0	0
how to get oil stains out of a concrete driveway	50	High	0	0
how to get oil stains out of aggregate driveway	0	Unknown	0	0
how to get oil stains out of black top	50	Unknown	0	0
how to get oil stains out of blacktop driveway	0	Unknown	0	0
how to get oil stains out of brick driveway	50	Unknown	0	0
how to get oil stains out of concrete pavers	50	Unknown	0	0
how to get oil stains out of driveway pavers	50	Unknown	0	0
how to get oil stains out of my driveway	50	High	0	0
how to get oil stains out of tarmac	0	Unknown	0	0
how to get oil stains out the driveway	50	Unknown	0	0
how to get oil up from driveway	50	Unknown	0	0
how to get old oil off driveway	50	Unknown	0	0
how to get old oil out of concrete	50	High	0	0
how to get old oil stains off asphalt driveway	0	Unknown	0	0
how to get old oil stains off concrete	50	Unknown	0	0
how to get old oil stains off driveway	50	High	0	0
how to get old oil stains out of asphalt	0	Unknown	0	0
how to get old oil stains out of asphalt driveway	0	Unknown	0	0
how to get old oil stains out of concrete driveway	50	Medium	0	0
how to get old oil stains out of driveway	50	High	0.26	11.84
how to get olive oil off concrete	50	Unknown	0	0
how to get olive oil stain out of concrete	50	Unknown	0	0
how to get out oil stains from driveway	50	High	0.19	3.21
how to get out oil stains on driveway	50	Unknown	0	0
how to get packed snow off driveway	0	Unknown	0	0
how to get paint off asphalt	50	Low	0	0
how to get paint off asphalt driveway	50	Unknown	0	0
how to get paint off cement driveway	50	High	0	0
how to get paint off concrete driveway	50	High	0	0
how to get paint off my driveway	50	High	0	0
how to get paint off of a driveway	50	High	0	0
how to get paint off of driveway	50	High	0	0
how to get paint off tarmac	50	Unknown	0	0
how to get paint off tarmac driveway	0	Unknown	0	0
how to get paint off the driveway	50	High	0	0
how to get paint off your driveway	50	Unknown	0	0
how to get paint out of driveway	50	Unknown	0	0
how to get peanut oil off concrete	50	Unknown	0	0
how to get power steering fluid off asphalt	50	Unknown	0	0
how to get power steering fluid off concrete	50	High	0	0
how to get power steering fluid off driveway	50	Unknown	0	0
how to get power steering fluid out of concrete	50	Unknown	0	0
how to get rid moss on concrete	50	Unknown	0	0
how to get rid of algae on driveway	50	Unknown	0	0
how to get rid of an oil stain on concrete	50	Unknown	0	0
how to get rid of an oil stain on driveway	50	Unknown	0	0
how to get rid of black mold on concrete driveway	50	Unknown	0	0
how to get rid of black spots on patio slabs	0	Unknown	0	0
how to get rid of car oil from driveway	50	Unknown	0	0
how to get rid of car oil on concrete	50	Unknown	0	0
how to get rid of car oil on driveway	50	High	0.23	4.19
how to get rid of car oil stains on driveway	50	High	0.11	1.85
how to get rid of diesel stains on driveway	0	Unknown	0	0
how to get rid of driveway stains	50	High	0.65	5.7
how to get rid of dry oil stains on driveway	50	Unknown	0	0
how to get rid of engine oil on driveway	50	Unknown	0	0
how to get rid of engine oil stains on driveway	50	Unknown	0	0
how to get rid of gas stains on driveway	50	Unknown	0	0
how to get rid of grease stains on driveway	50	Unknown	0	0
how to get rid of green algae on driveway	50	Unknown	0	0
how to get rid of green on concrete	50	High	0	0
how to get rid of mold on driveway	50	High	0	0
how to get rid of moss from concrete	50	Unknown	0	0
how to get rid of moss on concrete paths	0	Unknown	0	0
how to get rid of moss on concrete pavers	50	Unknown	0	0
how to get rid of moss on concrete steps	0	Unknown	0	0
how to get rid of motor oil on concrete	50	High	0.23	4.5
how to get rid of motor oil on driveway	50	High	0.23	4.19
how to get rid of motor oil stains on driveway	50	High	0.11	1.85
how to get rid of oil from concrete	0	Unknown	0	0
how to get rid of oil from driveway	50	Unknown	0	0
how to get rid of oil in driveway	50	High	0.17	1.3
how to get rid of oil in the driveway	50	High	0.17	1.3
how to get rid of oil leak on driveway	50	High	0	0
how to get rid of oil marks on driveway	50	Unknown	0	0
how to get rid of oil off driveway	50	Unknown	0	0
how to get rid of oil on a driveway	50	High	0.17	1.3
how to get rid of oil on cement	50	High	0	0
how to get rid of oil on concrete driveway	50	Low	0	0
how to get rid of oil on tarmac	0	Unknown	0	0
how to get rid of oil on tarmac driveway	0	Unknown	0	0
how to get rid of oil on the driveway	50	High	0.17	1.3
how to get rid of oil patches on driveway	0	Unknown	0	0
how to get rid of oil spill on concrete	50	Unknown	0	0
how to get rid of oil spots in driveway	50	Unknown	0	0
how to get rid of oil stain on asphalt	50	High	0	0
how to get rid of oil stains concrete	50	Unknown	0	0
how to get rid of oil stains driveway	50	Unknown	0	0
how to get rid of oil stains in concrete	50	High	0.2	2.07
how to get rid of oil stains in your driveway	50	High	0	0
how to get rid of oil stains on a driveway	500	High	0.21	2.75
how to get rid of oil stains on asphalt driveway	50	High	0	0
how to get rid of oil stains on blacktop	50	High	0	0
how to get rid of oil stains on brick driveway	50	Unknown	0	0
how to get rid of oil stains on pavers	50	Unknown	0	0
how to get rid of oil stains on paving	50	Unknown	0	0
how to get rid of oil stains on tarmac	0	Unknown	0	0
how to get rid of oil stains on your driveway	50	High	0.2	3.15
how to get rid of old oil stains in driveway	50	High	0	0
how to get rid of packed snow on driveway	0	Unknown	0	0
how to get rid of paint on driveway	50	Unknown	0	0
how to get rid of power steering fluid on driveway	50	Unknown	0	0
how to get rid of rust on concrete driveway	50	Unknown	0	0
how to get rid of rust on driveway	50	High	0	0
how to get rid of rust stains on concrete driveway	50	High	0	0
how to get rid of rust stains on driveway	50	Unknown	0	0
how to get rid of skid marks on driveways	0	Unknown	0	0
how to get rid of snow in your driveway	0	Unknown	0	0
how to get rid of stains on driveway	50	High	0	0
how to get rid of tire marks on driveway	50	High	0	0
how to get rid of transmission fluid on driveway	0	Unknown	0	0
how to get rust off a driveway	50	High	0	0
how to get rust off asphalt driveway	50	Unknown	0	0
how to get rust off of driveway	50	High	0	0
how to get rust off tarmac	0	Unknown	0	0
how to get rust off your driveway	50	Unknown	0	0
how to get rust out of cement driveway	50	Unknown	0	0
how to get rust out of driveway	50	Unknown	0	0
how to get rust stains off cement driveway	50	High	0	0
how to get rust stains off concrete driveway	50	High	0	0
how to get rust stains off driveway	50	High	0	0
how to get rust stains off of concrete driveway	50	High	0	0
how to get rust stains out of concrete driveway	50	High	0	0
how to get rust stains out of driveway	50	Unknown	0	0
how to get skid marks off driveway	50	Unknown	0	0
how to get snow off driveway	50	Unknown	0	0
how to get snow off your driveway	0	Unknown	0	0
how to get snow out of driveway	0	Unknown	0	0
how to get spray paint off a driveway	50	High	0	0
how to get spray paint off asphalt driveway	50	Unknown	0	0
how to get spray paint off cement driveway	50	High	0	0
how to get spray paint off concrete driveway	50	High	0	0
how to get spray paint off of a driveway	50	Unknown	0	0
how to get spray paint off of concrete driveway	50	Unknown	0	0
how to get spray paint off of driveway	50	High	0	0
how to get spray paint off the driveway	50	High	0	0
how to get spray paint off your driveway	50	Unknown	0	0
how to get stain out of concrete driveway	50	High	0	0
how to get stain out of driveway	50	High	0	0
how to get stains off asphalt driveway	50	Unknown	0	0
how to get stains off of driveway	50	Unknown	0	0
how to get stains out of asphalt	50	Unknown	0	0
how to get tar off driveway	50	Unknown	0	0
how to get tire marks off a driveway	50	Medium	0	0
how to get tire marks off concrete driveway	50	Medium	0	0
how to get tire marks off driveway	50	Medium	0	0
how to get tire marks off of driveway	50	Unknown	0	0
how to get tire marks out of driveway	50	Unknown	0	0
how to get tire shine off driveway	50	Unknown	0	0
how to get transmission fluid off asphalt driveway	0	Unknown	0	0
how to get transmission fluid off concrete	50	Unknown	0	0
how to get transmission fluid off concrete driveway	50	Low	0	0
how to get transmission fluid off driveway	50	Unknown	0	0
how to get transmission fluid stain off concrete	0	Unknown	0	0
how to get transmission fluid stain off concrete driveway	0	Unknown	0	0
how to get tyre marks off driveway	50	Medium	0	0
how to get up oil stains in driveway	50	High	0	0
how to get up oil stains on driveway	50	High	0	0
how to get vegetable oil off concrete	50	Unknown	0	0
how to get vegetable oil off of concrete	50	Unknown	0	0
how to get wax off driveway	0	Unknown	0	0
how to get wd40 off driveway	50	Unknown	0	0
how to jet wash a driveway	0	Unknown	0	0
how to jet wash driveway	0	Unknown	0	0
how to lift oil stains from concrete	50	High	0.2	2.07
how to lift oil stains from driveway	50	Unknown	0	0
how to oil off concrete	50	Low	0	0
how to oil off driveway	50	Unknown	0	0
how to oil stains off concrete	50	Unknown	0	0
how to pick up oil from concrete	50	Unknown	0	0
how to power wash a concrete driveway	50	High	0	0
how to power wash a monoblock driveway	0	Unknown	0	0
how to power wash asphalt driveway	50	Unknown	0	0
how to power wash oil stains	0	Unknown	0	0
how to power wash tarmac	0	Unknown	0	0
how to power wash your driveway	50	High	0	0
how to pressure clean a driveway	50	High	0	0
how to pressure wash a concrete driveway	50	High	0	0
how to pressure wash a concrete patio	50	Unknown	0	0
how to pressure wash a driveway fast	50	Unknown	0	0
how to pressure wash aggregate driveway	0	Unknown	0	0
how to pressure wash asphalt driveway	50	Unknown	0	0
how to pressure wash brick driveway	50	Unknown	0	0
how to pressure wash concrete patio	50	Unknown	0	0
how to pressure wash moss off driveway	0	Unknown	0	0
how to pressure wash oil from driveway	50	Unknown	0	0
how to pressure wash paver driveway	50	Low	0	0
how to prevent driveway washout	50	Unknown	0	0
how to prevent oil stains on concrete	50	Unknown	0	0
how to prevent oil stains on driveway	50	Unknown	0	0
how to price driveway power washing	0	Unknown	0	0
how to price pressure washing a driveway	50	Unknown	0	0
how to price pressure washing concrete	0	Unknown	0	0
how to professionally pressure wash a driveway	50	Unknown	0	0
how to properly pressure wash a driveway	50	High	0	0
how to remove algae and moss from concrete	0	Unknown	0	0
how to remove algae from driveway	50	Unknown	0	0
how to remove an oil stain from a driveway	500	High	0.21	2.75
how to remove an oil stain from the driveway	500	High	0.21	2.75
how to remove an oil stain on concrete	50	Unknown	0	0
how to remove antifreeze from concrete	50	Low	0	0
how to remove antifreeze from driveway	50	Unknown	0	0
how to remove antifreeze stain from asphalt driveway	50	Unknown	0	0
how to remove asphalt driveway yourself	50	Unknown	0	0
how to remove asphalt from concrete driveway	50	Unknown	0	0
how to remove asphalt stains	50	Unknown	0	0
how to remove asphalt stains from concrete	50	Unknown	0	0
how to remove bacon grease from concrete	50	Unknown	0	0
how to remove bad oil stains from concrete	50	Unknown	0	0
how to remove battery acid from concrete driveway	50	Unknown	0	0
how to remove battery acid stains from driveway	50	Unknown	0	0
how to remove bbq oil stains from concrete	50	Unknown	0	0
how to remove bird poop from driveway	0	Unknown	0	0
how to remove black moss from concrete	50	Unknown	0	0
how to remove black oil stains from concrete	50	Unknown	0	0
how to remove black spots from driveway	50	Unknown	0	0
how to remove black spots on driveway	50	Unknown	0	0
how to remove black tire marks from concrete driveway	50	High	0	0
how to remove black tire marks from driveway	50	Unknown	0	0
how to remove blood stains from cement driveway	0	Unknown	0	0
how to remove brake fluid from asphalt driveway	50	High	0	0
how to remove brake fluid from concrete	50	Unknown	0	0
how to remove brake fluid from concrete driveway	50	Unknown	0	0
how to remove brake fluid from driveway	50	Unknown	0	0
how to remove brake fluid stains from concrete	50	Unknown	0	0
how to remove car engine oil from driveway	50	Unknown	0	0
how to remove car fluid stains from driveway	0	Unknown	0	0
how to remove car grease from concrete	50	Unknown	0	0
how to remove car oil	50	Unknown	0	0
how to remove car oil from asphalt	50	High	0	0
how to remove car oil from asphalt driveway	50	Unknown	0	0
how to remove car oil from brick driveway	50	Unknown	0	0
how to remove car oil from cement	50	High	0.23	4.5
how to remove car oil from cement driveway	0	Unknown	0	0
how to remove car oil from concrete driveway	50	High	0	0
how to remove car oil from driveway pavers	50	Unknown	0	0
how to remove car oil from pavement	50	High	0	0
how to remove car oil from pavers	50	High	0	0
how to remove car oil from tarmac	50	Unknown	0	0
how to remove car oil from the driveway	50	High	0	0
how to remove car oil stains	50	Unknown	0	0
how to remove car oil stains from concrete driveway	50	Unknown	0	0
how to remove car oil stains from paving	50	Unknown	0	0
how to remove cement from asphalt driveway	0	Unknown	0	0
how to remove cement from driveway	50	Unknown	0	0
how to remove cement from tarmac	0	Unknown	0	0
how to remove cement stains from tarmac	0	Unknown	0	0
how to remove citronella oil from concrete	50	Unknown	0	0
how to remove concrete from asphalt	0	Unknown	0	0
how to remove concrete from tarmac	0	Unknown	0	0
how to remove concrete oil stains	50	High	0.2	2.07
how to remove concrete paint from driveway	50	High	0	0
how to remove concrete splatter from driveway	50	Unknown	0	0
how to remove concrete stain from asphalt	50	Unknown	0	0
how to remove concrete stain from driveway	50	Unknown	0	0
how to remove cooking grease stains from concrete	0	Unknown	0	0
how to remove cooking oil stain from concrete	50	Unknown	0	0
how to remove coolant from driveway	50	Low	0	0
how to remove coolant stain from driveway	50	Unknown	0	0
how to remove cured epoxy from concrete	50	Unknown	0	0
how to remove deep oil stains from concrete	50	Unknown	0	0
how to remove deep oil stains from driveway	50	High	0	0
how to remove diesel from driveway	0	Unknown	0	0
how to remove diesel from tarmac	0	Unknown	0	0
how to remove diesel from tarmac driveway	0	Unknown	0	0
how to remove diesel oil from concrete	50	Unknown	0	0
how to remove diesel oil stains from concrete	50	Unknown	0	0
how to remove diesel spill from driveway	0	Unknown	0	0
how to remove diesel stain from asphalt	0	Unknown	0	0
how to remove diesel stains from concrete	50	High	0	0
how to remove diesel stains from paving	0	Unknown	0	0
how to remove diesel stains from tarmac	0	Unknown	0	0
how to remove dirt from driveway	0	Unknown	0	0
how to remove dried cement from car paint	50	High	0	0
how to remove dried cement from paving slabs	50	Unknown	0	0
how to remove dried cement from tarmac	0	Unknown	0	0
how to remove dried concrete from asphalt driveway	50	Unknown	0	0
how to remove dried concrete from driveway	50	Unknown	0	0
how to remove dried concrete from steel	0	Unknown	0	0
how to remove dried oil from concrete	50	Unknown	0	0
how to remove dried oil stains from concrete	50	High	0	0
how to remove dried oil stains from driveway	0	Unknown	0	0
how to remove driveway sealer	50	Unknown	0	0
how to remove driveway sealer from brick	0	Unknown	0	0
how to remove driveway sealer from carpet	0	Unknown	0	0
how to remove driveway sealer from concrete	50	High	0	0
how to remove driveway sealer from pavers	50	Unknown	0	0
how to remove driveway sealer from vinyl siding	0	Unknown	0	0
how to remove dry cement from driveway	0	Unknown	0	0
how to remove dry oil stains from concrete driveway	0	Unknown	0	0
how to remove engine oil from asphalt	50	High	0	0
how to remove engine oil from asphalt driveway	0	Unknown	0	0
how to remove engine oil from brick driveway	50	Unknown	0	0
how to remove engine oil from concrete driveway	50	High	0	0
how to remove engine oil from concrete floor	50	Unknown	0	0
how to remove engine oil from drive	0	Unknown	0	0
how to remove engine oil from paving	0	Unknown	0	0
how to remove engine oil from tarmac	50	Unknown	0	0
how to remove engine oil from tarmac drive	0	Unknown	0	0
how to remove engine oil stain from concrete	50	High	0	0
how to remove engine oil stains from asphalt driveway	50	Unknown	0	0
how to remove engine oil stains from driveway	50	High	0.11	1.85
how to remove epoxy from concrete driveway	50	Low	0	0
how to remove epoxy from driveway	50	Unknown	0	0
how to remove epoxy paint from driveway	0	Unknown	0	0
how to remove fresh oil from concrete	50	Unknown	0	0
how to remove fresh oil from driveway	50	High	0	0
how to remove fresh oil stain from concrete	50	Unknown	0	0
how to remove fresh oil stains from driveway	50	Medium	0	0
how to remove frozen snow from driveway	50	Low	0	0
how to remove gas and oil stains from concrete	50	Unknown	0	0
how to remove gas from driveway	50	Unknown	0	0
how to remove gas stain from driveway	50	Unknown	0	0
how to remove gasoline stain from driveway	50	Unknown	0	0
how to remove gasoline stains from concrete	50	Unknown	0	0
how to remove gravel driveway	50	Unknown	0	0
how to remove grease and oil from concrete	50	High	0	0
how to remove grease and oil stains from concrete	50	Unknown	0	0
how to remove grease from asphalt driveway	50	Unknown	0	0
how to remove grease from concrete driveway	50	Unknown	0	0
how to remove grease oil stains from concrete	50	Unknown	0	0
how to remove grease stain from cement	50	High	0	0
how to remove grease stains from asphalt driveway	50	Unknown	0	0
how to remove grease stains from concrete driveway	50	Unknown	0	0
how to remove grease stains from concrete patio	50	Unknown	0	0
how to remove grease stains from concrete pavers	50	Unknown	0	0
how to remove green algae from decking	0	Unknown	0	0
how to remove green moss from concrete	0	Unknown	0	0
how to remove hard packed snow from driveway	0	Unknown	0	0
how to remove hard snow from driveway	0	Unknown	0	0
how to remove hard water stains from driveway	50	Medium	0	0
how to remove heavy oil stains from concrete	50	High	0	0
how to remove hydraulic fluid from asphalt	50	High	0	0
how to remove hydraulic fluid from driveway	50	Unknown	0	0
how to remove hydraulic fluid stain from concrete	0	Unknown	0	0
how to remove hydraulic oil from tarmac	0	Unknown	0	0
how to remove hydraulic oil stain from concrete	50	Low	0	0
how to remove iron stains from concrete driveway	50	Unknown	0	0
how to remove iron stains from driveway	50	Unknown	0	0
how to remove kitty litter from driveway	50	Unknown	0	0
how to remove large oil stains from concrete	50	Unknown	0	0
how to remove latex paint from concrete driveway	50	High	0	0
how to remove leaf stains from concrete driveway	0	Unknown	0	0
how to remove lichen from asphalt driveway	50	Unknown	0	0
how to remove lichen from driveway	0	Unknown	0	0
how to remove linseed oil from concrete	50	Unknown	0	0
how to remove mineral oil from concrete	50	Unknown	0	0
how to remove mold from driveway	50	High	0	0
how to remove moss and mold from concrete	50	Unknown	0	0
how to remove moss from aggregate patio	0	Unknown	0	0
how to remove moss from concrete driveway	0	Unknown	0	0
how to remove moss from concrete path	0	Unknown	0	0
how to remove moss from concrete pavers	50	Unknown	0	0
how to remove moss from concrete steps	0	Unknown	0	0
how to remove moss from sidewalk	0	Unknown	0	0
how to remove moss stains from concrete	0	Unknown	0	0
how to remove motor oil from asphalt	50	High	0	0
how to remove motor oil from asphalt driveway	50	Unknown	0	0
how to remove motor oil from cement	50	High	0.23	4.5
how to remove motor oil from cement driveway	0	Unknown	0	0
how to remove motor oil from concrete floor	50	Unknown	0	0
how to remove motor oil from driveway pavers	50	Unknown	0	0
how to remove motor oil from pavement	50	Unknown	0	0
how to remove motor oil stains from asphalt	50	Unknown	0	0
how to remove motor oil stains from driveway	50	High	0.11	1.85
how to remove mould from driveway	50	Unknown	0	0
how to remove mulch stain from driveway	0	Unknown	0	0
how to remove oak tree stains from concrete	50	Unknown	0	0
how to remove oil and gas stains from concrete	50	Unknown	0	0
how to remove oil and transmission fluid from concrete	50	High	0	0
how to remove oil based paint from asphalt	50	Unknown	0	0
how to remove oil drips from driveway	500	High	0.21	2.75
how to remove oil driveway	50	High	0.17	1.3
how to remove oil from a drive	0	Unknown	0	0
how to remove oil from blacktop	50	High	0	0
how to remove oil from blacktop driveway	0	Unknown	0	0
how to remove oil from brick driveway	50	High	0	0
how to remove oil from brick paving	50	High	0	0
how to remove oil from cobblelock	0	Unknown	0	0
how to remove oil from concrete patio	0	Unknown	0	0
how to remove oil from concrete pavers	50	Unknown	0	0
how to remove oil from driveway tarmac	50	Unknown	0	0
how to remove oil from patio pavers	0	Unknown	0	0
how to remove oil from patio stones	0	Unknown	0	0
how to remove oil from road	50	Unknown	0	0
how to remove oil from stone driveway	50	High	0	0
how to remove oil from street	50	Unknown	0	0
how to remove oil from tar driveway	0	Unknown	0	0
how to remove oil leak stains from driveway	50	Unknown	0	0
how to remove oil marks from driveway	50	Unknown	0	0
how to remove oil of concrete	0	Unknown	0	0
how to remove oil of driveway	0	Unknown	0	0
how to remove oil off a driveway	50	Unknown	0	0
how to remove oil off asphalt	0	Unknown	0	0
how to remove oil off tarmac	0	Unknown	0	0
how to remove oil off tarmac drive	0	Unknown	0	0
how to remove oil off tarmac driveways	0	Unknown	0	0
how to remove oil on cement	50	High	0.15	0.53
how to remove oil paint from cement	50	Unknown	0	0
how to remove oil paint from concrete	50	High	0	0
how to remove oil patch from driveway	0	Unknown	0	0
how to remove oil spill from asphalt driveway	0	Unknown	0	0
how to remove oil spill from concrete driveway	0	Unknown	0	0
how to remove oil spill on concrete	0	Unknown	0	0
how to remove oil spill on driveway	50	Unknown	0	0
how to remove oil spots from a driveway	50	High	0	0
how to remove oil spots from asphalt	50	High	0	0
how to remove oil spots from asphalt driveway	50	High	0	0
how to remove oil spots from blacktop driveway	0	Unknown	0	0
how to remove oil spots from pavers	50	Unknown	0	0
how to remove oil spots on concrete	0	Unknown	0	0
how to remove oil stain from blacktop	50	High	0	0
how to remove oil stain from blacktop driveway	50	High	0	0
how to remove oil stain from brick driveway	50	Unknown	0	0
how to remove oil stain from brick pavers	50	High	0.26	7.47
how to remove oil stain from cement floor	0	Unknown	0	0
how to remove oil stain from concrete pavers	50	High	0	0
how to remove oil stain from interlock driveway	50	Unknown	0	0
how to remove oil stain from patio	50	High	0	0
how to remove oil stain from patio stone	0	Unknown	0	0
how to remove oil stain from tarmac drive	50	Unknown	0	0
how to remove oil stain off concrete	50	Unknown	0	0
how to remove oil stain off driveway	50	High	0	0
how to remove oil stain on asphalt driveway	50	High	0	0
how to remove oil stain on cement floor	0	Unknown	0	0
how to remove oil stains from a tarmac drive	0	Unknown	0	0
how to remove oil stains from aggregate concrete	0	Unknown	0	0
how to remove oil stains from aggregate driveway	0	Unknown	0	0
how to remove oil stains from an asphalt driveway	0	Unknown	0	0
how to remove oil stains from asphalt road	50	Unknown	0	0
how to remove oil stains from asphalt street	50	Unknown	0	0
how to remove oil stains from bitumen	50	High	0	0
how to remove oil stains from cobblestone	50	High	0	0
how to remove oil stains from concrete countertops	50	Unknown	0	0
how to remove oil stains from concrete home remedies	0	Unknown	0	0
how to remove oil stains from concrete slabs	0	Unknown	0	0
how to remove oil stains from concrete with baking soda	50	Unknown	0	0
how to remove oil stains from driveway coke	0	Unknown	0	0
how to remove oil stains from driveway with baking soda	50	Unknown	0	0
how to remove oil stains from driveway with cat litter	0	Unknown	0	0
how to remove oil stains from exposed aggregate driveway	0	Unknown	0	0
how to remove oil stains from gravel driveway	50	Unknown	0	0
how to remove oil stains from monoblock	0	Unknown	0	0
how to remove oil stains from monoblock driveway	0	Unknown	0	0
how to remove oil stains from my driveway	50	High	0.2	3.15
how to remove oil stains from patio pavers	0	Unknown	0	0
how to remove oil stains from patio slabs	0	Unknown	0	0
how to remove oil stains from paver stone driveway	50	Unknown	0	0
how to remove oil stains from paving slabs	0	Unknown	0	0
how to remove oil stains from paving stones	50	Unknown	0	0
how to remove oil stains from pebble driveway	0	Unknown	0	0
how to remove oil stains from road	50	Unknown	0	0
how to remove oil stains from sealed driveway	0	Unknown	0	0
how to remove oil stains from stone driveway	50	Unknown	0	0
how to remove oil stains from stone patio	0	Unknown	0	0
how to remove oil stains from street	50	Unknown	0	0
how to remove oil stains from tar	0	Unknown	0	0
how to remove oil stains from tar driveway	0	Unknown	0	0
how to remove oil stains off asphalt	50	Unknown	0	0
how to remove oil stains off concrete driveway	0	Unknown	0	0
how to remove oil stains off of concrete	50	Unknown	0	0
how to remove oil stains on a driveway	500	High	0.21	2.75
how to remove oil stains on pavement	50	Unknown	0	0
how to remove oil stains on the driveway	500	High	0.21	2.75
how to remove old oil from concrete	50	Unknown	0	0
how to remove old oil stains from blacktop driveway	50	Unknown	0	0
how to remove old oil stains from concrete driveway	50	Unknown	0	0
how to remove old oil stains from tarmac driveway	0	Unknown	0	0
how to remove old oil stains on asphalt	50	Unknown	0	0
how to remove old oil stains on concrete	0	Unknown	0	0
how to remove old paint from concrete driveway	50	High	0	0
how to remove old paint stains from concrete	0	Unknown	0	0
how to remove olive oil from concrete	50	Low	0	0
how to remove olive oil stain from concrete	0	Unknown	0	0
how to remove olive oil stains from driveway	0	Unknown	0	0
how to remove packed snow and ice from driveway	0	Unknown	0	0
how to remove packed snow from driveway	0	Unknown	0	0
how to remove paint from a concrete driveway	50	High	0	0
how to remove paint from asphalt driveway	50	High	0	0
how to remove paint from cement driveway	50	High	0	0
how to remove paint from tarmac	0	Unknown	0	0
how to remove paint from the driveway	50	Unknown	0	0
how to remove paint off driveway	50	Unknown	0	0
how to remove paint spill from concrete	50	High	0	0
how to remove paint stain from concrete driveway	50	Unknown	0	0
how to remove peanut oil from concrete	50	Unknown	0	0
how to remove petrol from driveway	50	Unknown	0	0
how to remove petrol stains from concrete	0	Unknown	0	0
how to remove petrol stains from tarmac	0	Unknown	0	0
how to remove power steering fluid from asphalt driveway	0	Unknown	0	0
how to remove rubber tire marks from concrete	50	Unknown	0	0
how to remove rubber tire marks from concrete driveway	0	Unknown	0	0
how to remove rust from a driveway	50	Unknown	0	0
how to remove rust from asphalt driveway	50	Unknown	0	0
how to remove rust from cement driveway	50	High	0	0
how to remove rust from tarmac	0	Unknown	0	0
how to remove rust on concrete driveway	50	High	0	0
how to remove rust on driveway	50	Unknown	0	0
how to remove rust stains from a driveway	50	Medium	0	0
how to remove rust stains from asphalt driveway	50	Unknown	0	0
how to remove rust stains from cement driveway	50	Unknown	0	0
how to remove rust stains from my cement driveway	50	Unknown	0	0
how to remove rust stains from tarmac	0	Unknown	0	0
how to remove rust stains on concrete driveway	50	High	0	0
how to remove set in oil stains from concrete	50	Unknown	0	0
how to remove silicone tire dressing from driveway	0	Unknown	0	0
how to remove skid marks from concrete	50	Unknown	0	0
how to remove skid marks from driveway	50	Unknown	0	0
how to remove slippery moss from concrete	50	Unknown	0	0
how to remove spilled oil from concrete	50	Unknown	0	0
how to remove spray paint from a driveway	50	High	0	0
how to remove spray paint from blacktop	50	Unknown	0	0
how to remove spray paint from concrete driveway	50	Unknown	0	0
how to remove spray paint from driveway	50	High	0	0
how to remove stain off concrete	50	High	0	0
how to remove stain off of concrete	50	Unknown	0	0
how to remove stains from asphalt	50	Unknown	0	0
how to remove stains from asphalt driveway	50	Unknown	0	0
how to remove stains from cement driveway	50	Unknown	0	0
how to remove stains from tarmac	0	Unknown	0	0
how to remove stains from tarmac driveway	0	Unknown	0	0
how to remove stubborn oil stains from driveway	50	Unknown	0	0
how to remove tar from asphalt driveway	0	Unknown	0	0
how to remove tar from cement driveway	0	Unknown	0	0
how to remove tar from concrete driveway	50	High	0	0
how to remove tar marks from driveway	0	Unknown	0	0
how to remove tar stains from concrete	0	Unknown	0	0
how to remove tar stains from driveway	0	Unknown	0	0
how to remove tarmac	0	Unknown	0	0
how to remove thick ice from driveway	50	High	0	0
how to remove thick moss from concrete	0	Unknown	0	0
how to remove tire marks from concrete driveway	50	High	0	0
how to remove tire marks from new concrete driveway	50	Unknown	0	0
how to remove tire marks from painted driveway	50	Unknown	0	0
how to remove tire marks from pavement	50	Medium	0	0
how to remove tire shine from driveway	50	Low	0	0
how to remove tire shine stains from driveway	50	High	0	0
how to remove tire tracks from concrete driveway	50	Low	0	0
how to remove tire tracks from driveway	50	Unknown	0	0
how to remove transmission fluid from cement	50	Low	0	0
how to remove transmission fluid from concrete driveway	50	Low	0	0
how to remove transmission fluid stain from concrete	50	Unknown	0	0
how to remove transmission fluid stain from driveway	50	Unknown	0	0
how to remove transmission oil from concrete	50	Low	0	0
how to remove transmission oil from driveway	50	Low	0	0
how to remove tyre marks from driveway	50	High	0	0
how to remove tyre marks from paving	50	Medium	0	0
how to remove water based paint from concrete driveway	0	Unknown	0	0
how to remove wood stain from concrete driveway	50	Unknown	0	0
how to seal a brick paver patio	50	Unknown	0	0
how to seal a driveway after pressure washing	50	Medium	0	0
how to seal brick paver driveway	50	Unknown	0	0
how to seal driveway after pressure washing	50	Unknown	0	0
how to seal pebble dash	0	Unknown	0	0
how to soak up motor oil	0	Unknown	0	0
how to soak up motor oil on concrete	50	Unknown	0	0
how to soak up oil from driveway	50	Unknown	0	0
how to soak up oil off concrete	0	Unknown	0	0
how to soak up oil on driveway	50	Unknown	0	0
how to soak up oil spill on concrete	50	Medium	0	0
how to stain a driveway	50	High	0	0
how to stain your concrete patio	50	Unknown	0	0
how to take car oil off driveway	50	High	0.08	0.3
how to take grease off cement	0	Unknown	0	0
how to take off oil from concrete	50	High	0	0
how to take off oil stains from cement	50	High	0.2	2.07
how to take off oil stains from concrete	50	Low	0	0
how to take off oil stains on driveway	50	Unknown	0	0
how to take oil off of concrete	50	High	0	0
how to take oil off of driveway	0	Unknown	0	0
how to take oil off the driveway	0	Unknown	0	0
how to take oil off your driveway	0	Unknown	0	0
how to take oil stains off concrete	50	High	0.2	2.07
how to take oil stains off concrete driveway	50	Unknown	0	0
how to take oil stains off of concrete	50	Medium	0	0
how to take oil stains out of cement	50	High	0.2	2.07
how to take paint off driveway	50	Unknown	0	0
how to take tire marks off driveway	50	Unknown	0	0
how to tar your driveway	0	Unknown	0	0
how to use a power washer on concrete	50	Unknown	0	0
how to use a pressure washer to clean driveway	50	Unknown	0	0
how to use acid stain on concrete	50	Unknown	0	0
how to use kitty litter to remove oil stains	50	Unknown	0	0
how to use krud kutter on concrete	0	Unknown	0	0
how to use muriatic acid to clean concrete driveway	50	High	0	0
how to use purple power driveway & concrete cleaner	0	Unknown	0	0
how to use zep concrete cleaner	50	Low	0	0
how to use zep driveway and concrete cleaner	50	Low	0	0
how to use zep driveway cleaner	50	Unknown	0	0
how to wash a driveway	50	High	0	0
how to wash asphalt driveway	50	Unknown	0	0
how to wash concrete driveway	50	Unknown	0	0
how to wash driveway at home	50	Unknown	0	0
how to wash motor oil off driveway	0	Unknown	0	0
how to wash oil from driveway	0	Unknown	0	0
how to wash oil off concrete	50	Unknown	0	0
how to wash oil off driveway	50	Unknown	0	0
how to wash oil stains from driveway	0	Unknown	0	0
how to wash tarmac driveway	0	Unknown	0	0
how to wash your driveway	50	Unknown	0	0
how to whiten driveway concrete	50	Unknown	0	0
imprinted concrete maintenance	0	Unknown	0	0
jayco mould on canvas	0	Unknown	0	0
jet wash cleaning prices	0	Unknown	0	0
jet wash cost	0	Unknown	0	0
jet wash driveway cleaning prices	0	Unknown	0	0
jet wash patio cost	0	Unknown	0	0
jet wash service prices	0	Unknown	0	0
jet washing patio prices	0	Unknown	0	0
k7 pressure washer best price	0	Unknown	0	0
kaboom mildew	50	Unknown	0	0
keep mold off vinyl siding	50	Unknown	0	0
kill algae on roof shingles	0	Unknown	0	0
kill algae on siding	0	Unknown	0	0
kill mold on house exterior	0	Unknown	0	0
kill mold on roof	50	High	0	0
kill mold on siding	0	Unknown	0	0
kill mold on vinyl siding	50	Unknown	0	0
kill moss on asphalt shingles	50	Unknown	0	0
krud kutter mold & mildew stain remover	50	Unknown	0	0
labor cost to power wash a deck	50	Unknown	0	0
labor cost to powerwash a house	50	Unknown	0	0
labor cost to pressure wash a deck	50	Unknown	0	0
labor cost to pressure wash house	0	Unknown	0	0
leather hero mould remover	0	Unknown	0	0
leather jacket mold	50	Low	0	0
leather jacket mould removal	50	Low	0	0
low cost power washer	50	High	0.2	1.58
low price power wash	0	Unknown	0	0
lysol mold & mildew remover bleach	0	Unknown	0	0
lysol mold and mildew blaster	50	Unknown	0	0
marine 31 mildew remover autozone	50	Unknown	0	0
metal siding inside corner trim	50	Unknown	0	0
mildew ceiling	50	Medium	0	0
mildew cleaner for outdoor furniture	50	High	0	0
mildew in bedroom	50	Unknown	0	0
mildew leather	50	Low	0.02	0.18
mildew off siding	0	Unknown	0	0
mildew on aluminum siding	50	Unknown	0	0
mildew on canvas	50	Low	0	0
mildew on house exterior	50	Low	0	0
mildew on house siding	50	Unknown	0	0
mildew on popcorn ceiling	50	Medium	0	0
mildew on siding	50	Unknown	0	0
mildew on wood floor	50	Unknown	0	0
mildew on wood siding	50	Unknown	0	0
mildew out of fabric	50	High	0	0
mildew smell after carpet cleaning	50	Unknown	0	0
mildew spots	50	Low	0	0
mildew spray for siding	0	Unknown	0	0
mildex mildew remover	50	Unknown	0	0
mobile power washing prices	50	Unknown	0	0
mold and algae on roof	50	Unknown	0	0
mold and mildew on siding	0	Unknown	0	0
mold and mildew on vinyl siding	50	Unknown	0	0
mold and mildew remover for siding	50	Unknown	0	0
mold armor ez house wash menards	0	Unknown	0	0
mold armor for siding	50	Unknown	0	0
mold armor siding and house wash	0	Unknown	0	0
mold armor siding wash	0	Unknown	0	0
mold armour ez house wash lowes	0	Unknown	0	0
mold behind siding	50	Unknown	0	0
mold behind vinyl siding	0	Unknown	0	0
mold epa	50	Low	0	0
mold floor	50	High	0	0
mold keeps coming back in shower	50	Unknown	0	0
mold off vinyl siding	50	Unknown	0	0
mold on aluminum siding	50	Unknown	0	0
mold on exterior siding	50	Unknown	0	0
mold on exterior wood siding	50	Unknown	0	0
mold on hardie board	0	Unknown	0	0
mold on house exterior	50	Low	0	0
mold on wood siding	50	Unknown	0	0
mold removal on house siding	0	Unknown	0	0
mold spray for house siding	0	Unknown	0	0
mold spray for siding	50	Unknown	0	0
mold under exterior siding	0	Unknown	0	0
mold under siding	50	Unknown	0	0
mold under siding of house	50	Unknown	0	0
mold under vinyl siding	0	Unknown	0	0
moldex instant mold & mildew stain remover	50	Unknown	0	0
moldy leather jacket	50	Low	0	0
moldy siding	50	Medium	0	0
moldy vinyl siding	50	Unknown	0	0
monoblock driveway maintenance	0	Unknown	0	0
morrisons jet wash price	0	Unknown	0	0
moss and mold	50	Unknown	0	0
moss killer for concrete roof tiles	0	Unknown	0	0
moss off roof cleaner	0	Unknown	0	0
moss on roof shingles damage	0	Unknown	0	0
moss on shingle roof	50	Unknown	0	0
motor oil on driveway how to remove	50	High	0.23	4.19
mould & mildew	0	Unknown	0	0
mould and mildew astonish	0	Unknown	0	0
mould and mildew blaster astonish	0	Unknown	0	0
mould and mildew remover astonish	50	Unknown	0	0
mould and mildew stain remover	50	High	0	0
mould blaster	0	Unknown	0	0
mould in bathroom grout	50	Low	0	0
mould in grout in shower	50	Medium	0.48	6.39
mould mildew blaster	0	Unknown	0	0
mould off canvas	0	Unknown	0	0
mould off ceiling	0	Unknown	0	0
mould off fabric	50	Unknown	0	0
mould off leather	50	Unknown	0	0
mould off wood	0	Unknown	0	0
mould on bathroom walls	50	Medium	0.58	13.15
mould on canvas	50	Low	0	0
mould on fabric couch	0	Unknown	0	0
mould on grout in bathroom	50	Low	0	0
mould on leather	50	Low	0.02	0.18
mould on wood furniture	50	Low	0	0
mould out of fabric	50	Medium	0	0
mould remover astonish	50	Unknown	0	0
mould remover home depot	50	High	0.13	4.65
mould stain	50	Low	0	0
mould stains on walls	50	Medium	0	0
mould wood treatment	50	High	0	0
mulch fungus on siding	0	Unknown	0	0
natural black mould remover	0	Unknown	0	0
natural mildew killer	50	Unknown	0	0
natural way to get rid of mould	50	Medium	0	0
natural way to remove mould	50	Medium	0	0
natural ways to kill mould	50	Low	0	0
norwex mold and mildew remover	50	Unknown	0	0
oil on cement driveway how to get off	50	Unknown	0	0
outdoor mould cleaner	50	Medium	0	0
oxiclean mildew	50	Low	0	0
parking garage pressure washing pricing	0	Unknown	0	0
patio jet wash prices	0	Unknown	0	0
pink mould remover	0	Unknown	0	0
power wash and seal deck cost	0	Unknown	0	0
power wash concrete driveway cost	0	Unknown	0	0
power wash machine cost	50	Unknown	0	0
power wash mold off vinyl siding	0	Unknown	0	0
power wash pw m28 price	0	Unknown	0	0
power wash tennis court cost	0	Unknown	0	0
power wash vinyl siding mildew	0	Unknown	0	0
power washer cost home depot	0	Unknown	0	0
power washer home depot price	50	High	0	0
power washing hourly rates	50	Medium	0	0
power washing labor cost	50	Unknown	0	0
power washing mildew off siding	50	Unknown	0	0
power washing prices gas stations	50	Unknown	0	0
power washing prices per sq ft	50	Medium	1.32	4.69
power washing pricing charge	0	Unknown	0	0
powerjet pressure washer price	50	Unknown	0	0
pressure cleaning price per square foot	50	Medium	1.32	4.69
pressure wash 2 story house price	50	Unknown	0	0
pressure wash brick house cost	0	Unknown	0	0
pressure washer average cost per square foot	50	Unknown	0	0
pressure washer best deals	50	Unknown	0	0
pressure washer mold mildew remover	50	Unknown	0	0
pressure washer price home depot	50	Unknown	0	0
pressure washing a deck cost	50	Low	0	0
pressure washing gas station prices	50	Unknown	0	0
pressure washing heavy equipment cost	50	Unknown	0	0
pressure washing homewyse	50	Unknown	0	0
pressure washing hourly rates	50	Medium	0	0
pressure washing square feet per hour	0	Unknown	0	0
pressure washing tile roof cost	50	Unknown	0	0
prevent mildew on siding	50	Unknown	0	0
prevent mildew on vinyl siding	50	High	0	0
prevent mold on siding	0	Unknown	0	0
prevent mold on vinyl fence	50	Unknown	0	0
prevent mold on vinyl siding	50	Unknown	0	0
price for pressure washing concrete	50	Unknown	0	0
price for pressure washing deck	0	Unknown	0	0
price of jet washers	50	Unknown	0	0
price of power washers at home depot	50	Unknown	0	0
price per square foot to pressure wash	50	Medium	0	0
price to power wash a deck	0	Unknown	0	0
price to power wash two story house	0	Unknown	0	0
price to pressure wash 2 story house	50	Medium	0	0
price to pressure wash concrete	50	Unknown	0	0
price to pressure wash deck	0	Unknown	0	0
price to rent a power washer	50	Low	0	0
price to rent a pressure washer	50	Low	0	0
price to rent pressure washer	50	Unknown	0	0
prices on pressure washers at home depot	0	Unknown	0	0
putting trim on cabinets	50	Unknown	0	0
quarter round finishing nails	50	Unknown	0	0
quick stain mold and mildew	0	Unknown	0	0
red mold on vinyl siding	50	Unknown	0	0
remove algae from tiles	0	Unknown	0	0
remove black algae from roof	50	Unknown	0	0
remove black mold from fabric	50	Unknown	0	0
remove black mold from roof shingles	50	High	0	0
remove black mold from vinyl siding	50	Unknown	0	0
remove black stains from roof	0	Unknown	0	0
remove black streaks from roof	0	Unknown	0	0
remove black streaks from shingles	0	Unknown	0	0
remove fungus from wood	50	High	0.17	4.65
remove green algae from siding	50	Unknown	0	0
remove green from siding	50	Unknown	0	0
remove green mold from siding	50	Unknown	0	0
remove green mold from vinyl siding	0	Unknown	0	0
remove green mold from wood	50	Unknown	0	0
remove green moss from shingles	0	Unknown	0	0
remove mildew from caulk	50	High	0	0
remove mildew from curtains	50	Unknown	0	0
remove mildew from house exterior	50	Medium	0	0
remove mildew from leather jacket	50	Low	0	0
remove mildew from shower curtain	50	Medium	0	0
remove mold aluminum siding	50	Unknown	0	0
remove mold from fabric shower curtain	50	Unknown	0	0
remove mold from leather bag	0	Unknown	0	0
remove mold from wood siding	0	Unknown	0	0
remove moss and algae from roof	0	Unknown	0	0
remove moss asphalt shingles	50	Unknown	0	0
remove mould from fabric couch	0	Unknown	0	0
remove mould from furniture	50	High	0	0
remove mould from leather bag	0	Unknown	0	0
remove mould from net curtains	0	Unknown	0	0
remove mould from sealant bathroom	0	Unknown	0	0
remove mould from shower curtain	50	Low	0	0
remove mould from tile grout	0	Unknown	0	0
remove mould from timber furniture	0	Unknown	0	0
remove mould from wooden furniture	50	High	0	0
remove mould spots from fabric	50	High	0	0
removing algae from shingle roof	50	High	0	0
removing algae stains from roof shingles	0	Unknown	0	0
removing black mould from sealant	0	Unknown	0	0
removing fungus from roof shingles	0	Unknown	0	0
removing green moss from roof shingles	0	Unknown	0	0
removing mold and mildew from roof shingles	0	Unknown	0	0
removing mold from exterior wood siding	50	Unknown	0	0
removing moss from asphalt roof	0	Unknown	0	0
removing moss from asphalt shingle roof	50	Unknown	0	0
removing moss from concrete roof tiles	0	Unknown	0	0
rent power washer price	50	Low	0	0
rent pressure washer lowe's price	0	Unknown	0	0
rent pressure washer price	50	Low	0	0
rmr 86 instant mold stain & mildew stain remover	50	Low	0	0
rmr 86 instant mold stain remover	50	Low	0	0
rmr 86 mould remover	0	Unknown	0	0
roof black streak remover	0	Unknown	0	0
roof mold and mildew remover	50	Unknown	0	0
roof mold and moss killer	0	Unknown	0	0
roof moss cleaning solution	0	Unknown	0	0
roof moss removal and prevention	0	Unknown	0	0
roof shingles turning black	50	Unknown	0	0
roof streaking	50	Low	0	0
roof tile moss treatment	0	Unknown	0	0
roof vacuuming cost	0	Unknown	0	0
ryobi 2800 psi pressure washer price	50	Unknown	0	0
safe way to remove moss from roof	0	Unknown	0	0
sano mildew remover	50	Unknown	0	0
shake shingle maintenance	0	Unknown	0	0
shingle algae cleaner	0	Unknown	0	0
shingle fungus removal	0	Unknown	0	0
shingle mildew cleaner	50	Unknown	0	0
siding base trim	0	Unknown	0	0
siding frieze board	50	High	0	0
siding mold and mildew remover	50	High	0	0
siding sill trim	50	Unknown	0	0
siding transition trim	0	Unknown	0	0
simoniz pressure washer price	0	Unknown	0	0
simpson pressure washer price	50	High	0	0
solution to clean mold off siding	0	Unknown	0	0
solution to kill moss on roof	0	Unknown	0	0
solution to remove mold from vinyl siding	0	Unknown	0	0
solution to remove moss from roof	50	Unknown	0	0
spray for algae on siding	50	Unknown	0	0
spray for mold on siding	0	Unknown	0	0
stain and mould remover	50	High	0.55	14.99
stain mould remover	0	Unknown	0	0
starbrite mildew stain remover near me	50	Low	0	0
starq pressure washer price	0	Unknown	0	0
steam clean mould	50	Medium	0	0
steel siding window trim	50	Unknown	0	0
stop mildew	50	Low	0	0
streaking on roof	50	Low	0	0
streaking on roof shingles	50	Unknown	0	0
streaks on roof shingles	50	Unknown	0	0
sun joe pressure washer price	50	Unknown	0	0
surface mold on wood	50	Unknown	0	0
sweep moss off roof	0	Unknown	0	0
terracotta roof tile maintenance	50	Unknown	0	0
the cheapest pressure washer	50	Unknown	0	0
tilex mold & mildew remover 32 oz	50	Unknown	0	0
trim for soffit	50	High	0	0
versetta stone trim stone	50	Unknown	0	0
vinyl j mold	50	Medium	0	0
vinyl siding base trim	50	Unknown	0	0
vinyl siding casing trim	50	Unknown	0	0
vinyl siding decorative trim	50	Unknown	0	0
vinyl siding f trim	50	High	0	0
vinyl siding green mold	0	Unknown	0	0
vinyl siding h trim	50	Unknown	0	0
vinyl siding transition trim	50	Unknown	0	0
vinyl siding window casing trim	50	Unknown	0	0
wall trim to hide wires	50	Unknown	0	0
wash mold off siding	0	Unknown	0	0
washer hoses price	50	Unknown	0	0
washing curtains with mould	0	Unknown	0	0
washing mildew off vinyl siding	50	Unknown	0	0
washing mould off walls	500	High	0.27	4.65
washing net curtains mould	0	Unknown	0	0
washing pressure machine price	50	Unknown	0	0
washpressure price	0	Unknown	0	0
wet & forget mold and mildew stain remover	0	Unknown	0	0
wet & forget moss mold mildew & algae stain remover	50	High	0	0
wet & forget moss mould lichen & algae remover	0	Unknown	0	0
wet and forget for moss on roof	0	Unknown	0	0
wet and forget for siding	50	Unknown	0	0
wet and forget indoor mold remover	50	High	0	0
wet and forget moss killer for roofs	50	Unknown	0	0
wet and forget moss mold mildew	50	Unknown	0	0
wet and forget moss roof	0	Unknown	0	0
wet and forget on roof moss	0	Unknown	0	0
wet wood mold	50	Low	0	0
white and green mold	50	Low	0	0
white fungus on wood deck	50	Low	0	0
white mould on furniture	50	Low	0	0
white mould on wooden furniture	50	Unknown	0	0
wipe mould off walls	50	Unknown	0	0
wood roof maintenance	0	Unknown	0	0
wood shake siding maintenance	50	Unknown	0	0
wood shingle roof maintenance	50	Unknown	0	0
wood siding outside corner trim	0	Unknown	0	0
x 14 mildew remover home depot	50	Unknown	0	0
zep driveway and concrete cleaner how to use	50	Low	0	0
zep mildew	50	High	0	0
zep mildew cleaner	50	High	0	0
zep mold stain mildew stain remover	50	High	0.12	2.02
zep mould remover	50	High	0	0
zinc strips for roof moss control	0	Unknown	0	0
